facility_id,facility_mw,cooling_type,utilization_pct,electricity_rate_usd_kwh,colocation_usd_kw_month,pue_realized,capex_usd_per_mw,stranded_capacity_pct,stranded_capacity_mw,loss_floor_usd_annual,loss_ceiling_usd_annual,loss_mid_usd_annual,p10_loss_usd,p50_loss_usd,p90_loss_usd,recoverable_value_usd,roi_months
DC-0001,24.47,air-cooled,60.7,0.1556,173.8,1.597,9904007.35,12.53,3.066,13422000.47,6394449.6,9908225.04,9546567.74,10224047.27,10835271.41,7926580.03,2.8
DC-0002,14.72,air-cooled,65.4,0.1566,191.55,1.571,10927830.64,12.86,1.893,8676621.81,4351249.8,6513935.8,5977737.98,6350170.12,6723213.32,5211148.64,2.5
DC-0003,27.61,air-cooled,68.6,0.1085,182.55,1.505,11166212.36,12.41,3.426,13401904.99,7504995.6,10453450.3,9930065.13,10596517.46,11250419.09,8362760.24,3.0
DC-0004,55.61,air-cooled,84.6,0.1251,177.57,1.587,11020757.86,12.68,7.051,29531086.43,15024552.84,22277819.64,20501928.59,21846502.08,23281821.09,17822255.71,2.8
DC-0005,13.64,air-cooled,58.0,0.0914,187.92,1.568,11332627.85,12.09,1.649,6223000.98,3718560.96,4970780.97,4769499.45,5064908.0,5403497.83,3976624.78,3.1
DC-0006,13.64,hybrid,67.7,0.1365,177.78,1.251,12826833.37,9.25,1.262,5485003.03,2692300.32,4088651.68,3677579.71,4037367.51,4439826.61,3270921.34,3.8
DC-0007,58.17,hybrid,83.4,0.1511,200.9,1.238,12826311.02,9.78,5.689,25537651.95,13715041.2,19626346.58,16680032.51,18459520.43,20230883.41,15701077.26,3.3
DC-0008,30.38,hybrid,68.4,0.1208,169.39,1.286,14043276.6,9.92,3.014,13507493.03,6126497.52,9816995.27,7824440.7,8671158.13,9577861.61,7853596.22,3.5
DC-0009,11.3,air-cooled,77.5,0.1067,181.2,1.657,10759127.94,12.67,1.432,5641653.21,3113740.8,4377697.0,4037588.99,4288128.94,4587982.59,3502157.6,2.9
DC-0010,25.38,air-cooled,70.3,0.1272,162.93,1.567,11530504.23,12.77,3.241,13963519.53,6336673.56,10150096.54,9130017.2,9770215.24,10359997.76,8120077.23,2.8
DC-0011,11.35,air-cooled,75.1,0.1283,178.8,1.623,10878692.41,12.42,1.41,5980641.74,3025296.0,4502968.87,4263027.17,4513065.33,4780992.25,3602375.1,2.8
DC-0012,11.33,liquid-cooled,69.3,0.1216,158.81,1.122,17571262.49,3.16,0.358,1825763.25,682247.76,1254005.5,909666.8,1376026.44,1839442.7,1003204.4,10.2
DC-0013,19.96,hybrid,80.0,0.1236,195.19,1.212,14047011.68,8.24,1.645,7293657.23,3853050.6,5573353.92,5475079.35,6024480.21,6647004.33,4458683.14,4.0
DC-0014,3.56,hybrid,53.5,0.1165,195.5,1.294,13809094.63,8.4,0.299,1312390.67,701454.0,1006922.34,955175.57,1056147.27,1165364.68,805537.87,4.0
DC-0015,4.14,air-cooled,67.6,0.1399,195.76,1.644,10711665.77,12.25,0.507,2228331.74,1191003.84,1709667.79,1640826.47,1736225.24,1836277.24,1367734.23,2.7
DC-0016,10.49,air-cooled,75.6,0.1347,184.43,1.513,11434798.04,12.87,1.35,5840591.22,2987766.0,4414178.61,4037336.4,4284402.88,4522911.97,3531342.89,2.7
DC-0017,7.31,air-cooled,78.4,0.1003,170.8,1.504,11220624.42,12.94,0.946,3608922.46,1938921.6,2773922.03,2531236.99,2689157.82,2867922.63,2219137.62,3.0
DC-0018,21.14,hybrid,89.9,0.0998,171.99,1.292,13367910.91,9.33,1.972,8085545.66,4069971.36,6077758.51,5313187.11,5840610.18,6428053.63,4862206.81,3.9
DC-0019,7.95,liquid-cooled,67.3,0.1149,206.95,1.119,16835670.34,2.14,0.17,827485.27,422178.0,624831.64,686446.3,1062153.2,1411437.11,499865.31,14.3
DC-0020,5.31,liquid-cooled,89.8,0.1347,205.54,1.066,16959582.79,2.3,0.122,613250.85,300910.56,457080.7,460274.77,711333.6,935308.72,365664.56,13.1
DC-0021,53.12,air-cooled,64.1,0.123,185.84,1.566,11111531.07,12.4,6.587,27379279.2,14689536.96,21034408.08,19871979.78,21204529.81,22407875.52,16827526.46,2.8
DC-0022,13.73,air-cooled,87.9,0.1071,176.27,1.453,11149697.25,12.53,1.72,6606363.97,3638212.8,5122288.38,4836310.74,5170356.61,5528013.45,4097830.7,3.0
DC-0023,17.36,liquid-cooled,81.8,0.1252,204.53,1.088,17819559.78,2.75,0.477,2458061.3,1170729.72,1814395.51,1516399.93,2216091.95,3060956.05,1451516.41,10.8
DC-0024,5.26,hybrid,61.0,0.1134,173.58,1.285,13232003.85,8.98,0.472,1990397.44,983157.12,1486777.28,1360934.92,1502956.23,1650184.81,1189421.82,4.0
DC-0025,10.64,air-cooled,75.7,0.1376,187.43,1.511,10540044.36,12.15,1.293,5383476.89,2908163.88,4145820.38,4125641.53,4389001.61,4647531.37,3316656.3,2.9
DC-0026,17.97,air-cooled,71.4,0.1267,204.28,1.487,10723286.12,12.13,2.18,8792728.89,5343964.8,7068346.85,7047056.97,7462132.27,7901548.68,5654677.48,2.9
DC-0027,6.55,air-cooled,79.5,0.1137,171.45,1.612,10280400.41,12.55,0.822,3197666.12,1691182.8,2444424.46,2342040.05,2494928.32,2638425.25,1955539.57,3.0
DC-0028,22.21,air-cooled,69.3,0.1246,196.44,1.542,11559437.06,12.65,2.81,11947700.25,6623956.8,9285828.52,8459931.78,9031205.37,9683126.08,7428662.82,2.7
DC-0029,10.17,air-cooled,68.3,0.1463,191.81,1.529,12097724.82,12.06,1.227,5703011.76,2824210.44,4263611.1,4055629.71,4305881.77,4598739.52,3410888.88,2.7
DC-0030,13.02,hybrid,88.4,0.1086,183.41,1.239,13038882.64,8.78,1.143,4659136.35,2515651.56,3587393.96,3380761.76,3742515.65,4085636.37,2869915.17,4.1
DC-0031,10.16,air-cooled,70.8,0.1281,169.1,1.603,10857723.72,12.18,1.237,5209803.09,2510120.4,3859961.74,3689338.82,3942438.86,4180917.75,3087969.39,3.0
DC-0032,72.37,air-cooled,81.9,0.1186,173.13,1.536,11288373.18,12.7,9.191,37722925.25,19094853.96,28408889.6,26094044.33,27921885.55,29619279.23,22727111.68,2.9
DC-0033,16.27,air-cooled,69.3,0.1285,188.34,1.593,10039831.36,12.96,2.109,8487143.28,4766508.72,6626826.0,6173851.01,6585928.28,7005144.96,5301460.8,2.8
DC-0034,7.06,hybrid,92.0,0.1069,162.65,1.204,13383177.5,8.71,0.615,2522433.58,1200357.0,1861395.29,1756881.87,1944766.34,2150971.8,1489116.23,4.3
DC-0035,31.75,hybrid,63.9,0.1222,185.96,1.241,13258219.74,8.64,2.743,11725575.63,6121059.36,8923317.5,8488144.62,9319145.69,10373977.19,7138654.0,4.0
DC-0036,6.19,air-cooled,64.6,0.1422,192.12,1.611,11276886.8,12.36,0.765,3452255.61,1763661.6,2607958.6,2456858.78,2606714.42,2749716.03,2086366.88,2.7
DC-0037,19.44,liquid-cooled,90.3,0.1013,198.78,1.06,15887279.4,3.51,0.682,3049315.99,1626815.52,2338065.76,1645135.24,2450296.39,3327532.03,1870452.61,9.4
DC-0038,3.43,liquid-cooled,66.7,0.0934,163.02,1.091,18864305.06,4.08,0.14,711858.91,273873.6,492866.26,255973.09,407929.48,542410.52,394293.01,7.8
DC-0039,5.68,air-cooled,91.2,0.0942,203.74,1.54,11338364.11,12.18,0.692,2622979.05,1691856.96,2157418.0,2058549.76,2202743.3,2349392.17,1725934.4,3.0
DC-0040,19.25,air-cooled,82.7,0.0966,209.43,1.513,11541222.82,12.9,2.483,9547236.78,6240176.28,7893706.53,7083966.02,7542830.95,8048989.64,6314965.22,2.7
DC-0041,29.69,hybrid,70.1,0.1319,190.15,1.238,12923713.56,9.96,2.957,12722125.88,6747282.6,9734704.24,8084410.05,8924303.3,9926670.04,7787763.39,3.4
DC-0042,18.86,hybrid,50.2,0.0919,168.43,1.32,14761207.3,8.79,1.658,7200571.92,3351083.28,5275827.6,4603621.85,5104086.61,5663498.0,4220662.08,4.0
DC-0043,14.99,liquid-cooled,71.8,0.114,179.08,1.076,16926566.36,4.58,0.687,3322329.14,1476335.52,2399332.33,1261292.66,1921426.08,2545608.44,1919465.86,7.0
DC-0044,12.92,liquid-cooled,73.2,0.1324,183.29,1.081,15378937.36,4.68,0.605,2826143.38,1330685.4,2078414.39,1087911.98,1679262.81,2222169.94,1662731.51,7.0
DC-0045,5.04,hybrid,86.0,0.1283,188.06,1.253,12359101.48,9.64,0.486,2019195.73,1096765.92,1557980.82,1369518.82,1515580.74,1663123.25,1246384.66,3.6
DC-0046,9.25,air-cooled,91.1,0.1123,184.33,1.53,10522649.64,12.49,1.155,4439243.69,2554813.8,3497028.74,3346978.07,3594515.16,3822146.97,2797622.99,3.0
DC-0047,11.38,air-cooled,63.8,0.1238,188.22,1.508,10445012.43,12.74,1.45,5736956.58,3275028.0,4505992.29,4285701.6,4571578.29,4848298.52,3604793.83,2.8
DC-0048,38.31,air-cooled,81.6,0.1221,182.64,1.598,11569680.79,12.01,4.601,19693451.34,10083919.68,14888685.51,14225189.29,15148557.13,16117010.02,11910948.41,2.9
DC-0049,21.65,air-cooled,81.2,0.1155,187.98,1.611,10656512.38,12.3,2.663,10646917.51,6007088.88,8327003.2,8000836.45,8524931.83,9060524.98,6661602.56,2.9
DC-0050,4.01,hybrid,84.9,0.1158,177.09,1.266,14500756.94,8.2,0.329,1482681.59,699151.32,1090916.46,1041019.21,1153780.62,1260746.3,872733.17,4.1
DC-0051,21.31,hybrid,78.0,0.1647,178.93,1.285,13524494.86,9.03,1.924,9349495.84,4131135.84,6740315.84,5993376.06,6608777.52,7337438.78,5392252.67,3.6
DC-0052,12.08,hybrid,48.7,0.1362,175.36,1.26,13696449.37,8.68,1.049,4769778.39,2207431.68,3488605.04,3365323.28,3675115.64,4050347.85,2790884.03,3.9
DC-0053,9.57,air-cooled,70.1,0.1696,212.76,1.619,10647297.86,12.45,1.191,5682746.95,3040765.92,4361756.44,4136282.4,4412010.17,4648714.28,3489405.15,2.5
DC-0054,26.83,hybrid,58.1,0.1101,205.96,1.179,14804874.22,8.88,2.383,10549753.69,5889632.16,8219692.92,7309776.01,8128973.42,8873301.88,6575754.34,3.7
DC-0055,37.52,air-cooled,69.6,0.1183,192.33,1.625,10798733.8,12.85,4.821,19687609.89,11126675.16,15407142.52,14182428.62,15007156.94,15903591.48,12325714.02,2.7
DC-0056,34.64,air-cooled,83.8,0.0934,203.88,1.516,11910235.95,12.53,4.34,16869953.43,10618070.4,13744011.92,12545677.5,13357420.63,14184953.17,10995209.54,2.8
DC-0057,8.4,hybrid,75.7,0.1038,195.98,1.286,14315659.18,8.07,0.678,2949708.13,1594493.28,2272100.7,2220043.68,2457760.02,2703882.66,1817680.56,4.2
DC-0058,12.84,hybrid,85.8,0.158,186.72,1.244,13817318.1,8.64,1.109,5314672.52,2484869.76,3899771.14,3667838.31,4026982.38,4424822.64,3119816.91,3.7
DC-0059,21.43,liquid-cooled,76.1,0.1096,161.42,1.06,16257786.86,3.47,0.744,3445124.2,1441157.76,2443140.98,1681425.03,2598340.92,3483293.18,1954512.78,9.9
DC-0060,35.89,air-cooled,56.4,0.1584,180.07,1.688,10653702.33,12.58,4.515,21264436.36,9756192.6,15510314.48,14332367.83,15285897.24,16209669.52,12408251.58,2.6
DC-0061,11.21,air-cooled,41.7,0.0951,178.97,1.602,12313749.65,14.18,1.59,6472852.74,3414747.6,4943800.17,4395719.33,4679206.37,5013423.08,3955040.14,2.6
DC-0062,14.17,air-cooled,73.8,0.0989,167.0,1.689,11030010.13,12.77,1.81,7085067.91,3627240.0,5356153.96,4824933.67,5165856.03,5461105.5,4284923.17,3.0
DC-0063,6.79,air-cooled,69.4,0.1132,161.71,1.653,10981765.82,12.98,0.881,3594092.45,1709598.12,2651845.28,2362383.16,2514497.5,2686220.53,2121476.22,2.9
DC-0064,6.32,liquid-cooled,60.3,0.1187,191.39,1.112,17596165.91,3.86,0.244,1236233.33,560389.92,898311.62,531133.33,785030.68,1086062.67,718649.3,7.9
DC-0065,31.5,hybrid,51.6,0.1385,188.87,1.271,14158331.75,8.82,2.778,13024234.65,6296170.32,9660202.48,8684287.87,9648633.04,10631467.6,7728161.98,3.7
DC-0066,48.67,liquid-cooled,63.2,0.129,166.49,1.072,17507851.05,2.79,1.358,6928565.5,2713121.04,4820843.27,3957178.5,6216228.73,8126130.04,3856674.62,11.4
DC-0067,15.52,air-cooled,69.7,0.1117,172.81,1.615,10888384.24,12.44,1.931,7723817.57,4004353.32,5864085.44,5509811.17,5845238.5,6219203.65,4691268.35,3.0
DC-0068,36.7,liquid-cooled,80.0,0.1173,201.42,1.094,17340741.18,2.31,0.848,4221034.95,2049649.92,3135342.44,3127336.96,4712000.45,6367551.71,2508273.95,13.2
DC-0069,21.96,air-cooled,74.3,0.1136,170.83,1.497,11368735.46,12.29,2.699,10839465.37,5532842.04,8186153.7,7771675.07,8307468.45,8822031.41,6548922.96,3.0
DC-0070,9.81,liquid-cooled,91.3,0.1017,186.56,1.047,19254722.15,3.44,0.337,1756306.19,754448.64,1255377.42,792635.62,1211732.11,1637863.51,1004301.94,8.8
DC-0071,21.96,air-cooled,59.6,0.1022,181.15,1.55,10328271.08,12.18,2.675,9851604.89,5814915.0,7833259.94,7766981.38,8292787.07,8782338.88,6266607.95,3.2
DC-0072,56.29,air-cooled,82.6,0.1406,191.6,1.557,11486596.81,12.92,7.273,32512240.69,16722081.6,24617161.14,22130332.56,23513019.48,24864702.25,19693728.91,2.6
DC-0073,15.98,air-cooled,72.6,0.0834,171.16,1.625,12085553.29,12.38,1.978,7660551.71,4062653.76,5861602.74,5269490.93,5614104.27,6010515.9,4689282.19,3.1
DC-0074,57.5,liquid-cooled,80.3,0.1523,185.35,1.092,18257899.86,2.06,1.184,6528813.62,2633452.8,4581133.21,5057463.65,7436750.32,10047258.06,3664906.57,14.1
DC-0075,2.02,air-cooled,66.8,0.1131,186.53,1.492,10866011.4,12.06,0.244,949862.02,546159.84,748010.93,740257.28,786037.24,837501.31,598408.74,3.0
DC-0076,31.74,air-cooled,84.9,0.1045,187.45,1.636,11462105.33,12.95,4.11,16623970.34,9245034.0,12934502.17,11428986.87,12085688.46,12899424.25,10347601.74,2.8
DC-0077,17.63,liquid-cooled,75.5,0.1348,185.19,1.092,17796927.94,4.13,0.728,3817893.27,1617819.84,2717856.56,1525019.14,2340025.64,3078640.31,2174285.25,7.3
DC-0078,12.95,air-cooled,63.8,0.1497,189.17,1.493,11906555.35,12.66,1.639,7545594.74,3720595.56,5633095.15,5148134.54,5506337.86,5819469.17,4506476.12,2.6
DC-0079,17.7,air-cooled,71.9,0.1424,216.88,1.566,10204494.69,12.44,2.202,9294931.5,5730837.12,7512884.31,7348851.94,7779509.85,8220074.62,6010307.45,2.7
DC-0080,3.35,air-cooled,69.1,0.13,222.42,1.572,11854336.97,12.23,0.41,1814041.19,1094306.4,1454173.8,1369981.78,1443793.16,1529815.86,1163339.04,2.6
DC-0081,13.79,air-cooled,77.9,0.1417,174.41,1.621,10421785.75,12.6,1.738,7522214.72,3637494.96,5579854.84,5260474.93,5612365.77,5972385.31,4463883.87,2.8
DC-0082,21.88,liquid-cooled,57.8,0.0857,149.23,1.084,19399859.43,4.7,1.028,5268369.81,1840901.28,3554635.54,1631223.38,2462999.22,3389504.65,2843708.43,6.9
DC-0083,53.64,hybrid,71.6,0.1096,192.93,1.311,14065599.64,9.43,5.058,22176167.05,11710079.28,16943123.16,14199833.48,15713479.64,17333108.33,13554498.53,3.6
DC-0084,10.86,air-cooled,76.7,0.1018,186.79,1.516,10778171.58,12.64,1.373,5144726.46,3077552.04,4111139.25,3875647.16,4136995.63,4422206.18,3288911.4,3.0
DC-0085,8.61,liquid-cooled,72.4,0.1445,199.92,1.099,17423932.02,2.83,0.244,1284201.54,585365.76,934783.65,772305.76,1191034.97,1562500.37,747826.92,10.4
DC-0086,11.01,air-cooled,88.2,0.1123,188.27,1.558,10889344.49,12.08,1.33,5256869.84,3004789.2,4130829.52,4043854.71,4295184.91,4559563.08,3304663.62,3.0
DC-0087,34.2,air-cooled,81.3,0.1369,184.88,1.527,11267106.03,12.88,4.405,19095881.72,9772756.8,14434319.26,13250589.55,13994135.08,14821013.97,11547455.41,2.7
DC-0088,21.39,air-cooled,71.9,0.1307,200.93,1.582,10963894.87,12.44,2.661,11303139.03,6416096.76,8859617.9,8406472.61,8931038.48,9437215.84,7087694.32,2.7
DC-0089,10.76,air-cooled,74.6,0.1028,203.03,1.689,10855640.2,12.25,1.318,5184163.58,3211122.48,4197643.03,4002510.75,4225274.54,4488613.74,3358114.42,2.9
DC-0090,24.79,air-cooled,75.5,0.1083,163.2,1.559,10826922.74,12.59,3.121,12125143.06,6112166.4,9118654.73,8539720.42,9086202.4,9746951.66,7294923.78,3.1
DC-0091,17.77,liquid-cooled,76.8,0.1459,171.75,1.081,17988371.3,2.95,0.524,2818608.92,1079964.0,1949286.46,1473018.89,2280527.03,3073343.42,1559429.17,10.3
DC-0092,35.69,hybrid,50.1,0.1045,182.42,1.244,13565983.32,8.35,2.98,12377267.41,6523339.2,9450303.3,9147977.33,10198793.54,11195562.65,7560242.64,4.2
DC-0093,9.38,air-cooled,68.4,0.1225,185.48,1.515,11145951.13,12.92,1.212,4972380.93,2697621.12,3835001.02,3508865.96,3728512.45,3947417.3,3068000.82,2.8
DC-0094,12.65,hybrid,54.2,0.1043,180.61,1.21,13917807.12,9.47,1.198,5029664.4,2596449.36,3813056.88,3237264.05,3574969.15,3912882.28,3050445.5,3.7
DC-0095,12.02,hybrid,87.3,0.1137,190.51,1.215,13869866.59,8.12,0.976,4189330.82,2231253.12,3210291.97,3197394.65,3508127.51,3857650.59,2568233.58,4.2
DC-0096,5.1,liquid-cooled,71.3,0.1191,198.94,1.103,17272120.46,3.25,0.166,828178.41,396288.48,612233.45,439567.97,655882.74,881214.41,489786.76,9.4
DC-0097,20.84,liquid-cooled,69.7,0.1043,209.84,1.105,17867079.93,3.03,0.631,3142421.23,1588908.48,2365664.86,1773232.33,2741382.01,3593994.58,1892531.89,9.9
DC-0098,20.26,air-cooled,82.8,0.1008,192.68,1.575,12059886.91,12.11,2.453,9985457.69,5671728.48,7828593.08,7306617.26,7769789.39,8222615.41,6262874.46,2.9
DC-0099,16.51,hybrid,77.1,0.1257,171.21,1.288,13033955.79,8.96,1.479,6381430.41,3038635.08,4710032.74,4316959.07,4788591.96,5296791.4,3768026.19,3.9
DC-0100,13.63,hybrid,58.5,0.1031,181.79,1.259,12734588.11,8.29,1.13,4482689.52,2465072.4,3473880.96,3481563.54,3842265.49,4267581.46,2779104.77,4.4
DC-0101,5.3,hybrid,71.1,0.1038,182.87,1.286,12065704.12,9.03,0.479,1844443.12,1051136.76,1447789.94,1374963.17,1512695.81,1661142.49,1158231.95,4.1
DC-0102,11.75,air-cooled,68.0,0.1012,191.72,1.442,11317101.18,12.5,1.469,5572301.4,3379640.16,4475970.78,4226531.12,4514194.94,4807998.85,3580776.62,3.0
DC-0103,12.5,air-cooled,51.1,0.1184,189.82,1.594,10472333.2,12.75,1.594,6344847.58,3630876.96,4987862.27,4663807.41,4950161.76,5253754.37,3990289.82,2.8
DC-0104,8.66,air-cooled,63.7,0.1389,214.76,1.63,11593862.03,12.54,1.086,4951876.67,2798752.32,3875314.5,3548577.16,3754771.52,3979910.25,3100251.6,2.5
DC-0105,14.45,air-cooled,69.8,0.1501,177.08,1.578,11204753.86,12.81,1.851,8449481.14,3933300.96,6191391.05,5625257.96,5991534.92,6362258.99,4953112.84,2.6
DC-0106,22.72,air-cooled,70.6,0.1055,189.77,1.588,11535501.57,12.58,2.858,11520719.85,6508351.92,9014535.88,8237831.29,8777825.8,9332549.56,7211628.7,2.8
DC-0107,74.36,hybrid,54.2,0.163,219.32,1.196,13651778.02,8.91,6.625,31412258.15,17435940.0,24424099.08,22584088.48,24771696.73,27062191.26,19539279.26,3.4
DC-0108,18.91,air-cooled,85.8,0.0999,175.22,1.714,10051792.23,12.44,2.352,8781648.63,4945409.28,6863528.96,6562883.37,7018887.23,7430457.26,5490823.17,3.1
DC-0109,20.21,hybrid,70.8,0.1417,186.18,1.253,13486488.91,9.09,1.837,8362641.99,4104151.92,6233396.96,5561095.15,6194410.4,6794593.55,4986717.57,3.6
DC-0110,15.49,air-cooled,72.5,0.1056,169.83,1.571,10522850.37,12.9,1.998,7575764.99,4071844.08,5823804.54,5379946.78,5731071.8,6145614.56,4659043.63,3.0
DC-0111,3.54,liquid-cooled,76.8,0.1026,185.23,1.068,16783383.68,2.45,0.087,407989.42,193380.12,300684.77,293036.22,435136.49,573231.42,240547.82,13.2
DC-0112,16.1,air-cooled,62.5,0.1051,172.3,1.566,10903667.03,12.62,2.032,7853305.57,4201363.2,6027334.38,5616758.83,6005118.55,6391404.45,4821867.5,3.0
DC-0113,17.26,air-cooled,77.5,0.119,199.7,1.591,11183421.67,12.97,2.239,9277804.43,5365539.6,7321672.02,6623752.48,7025446.76,7450581.6,5857337.62,2.7
DC-0114,117.99,hybrid,67.6,0.1316,186.21,1.249,13863454.56,8.05,9.498,42936989.93,21223470.96,32080230.44,31907788.15,35352440.95,38742436.72,25664184.35,4.1
DC-0115,14.1,hybrid,61.2,0.1334,169.97,1.242,13040895.64,9.25,1.304,5671563.01,2659690.56,4165626.78,3719941.09,4111709.9,4559800.43,3332501.42,3.8
DC-0116,20.93,liquid-cooled,78.9,0.1011,196.61,1.063,17639336.93,2.24,0.469,2279942.06,1106521.08,1693231.57,1688538.3,2575715.65,3514071.79,1354585.26,13.9
DC-0117,15.99,air-cooled,89.9,0.1002,186.69,1.568,10973058.22,12.73,2.036,7766876.85,4561210.08,6164043.46,5686085.69,6060188.26,6430493.11,4931234.77,2.9
DC-0118,6.46,air-cooled,80.7,0.1017,198.29,1.564,11209871.62,12.13,0.784,3045399.13,1865512.32,2455455.72,2345707.96,2509570.51,2658568.91,1964364.58,3.0
DC-0119,41.03,liquid-cooled,83.1,0.1178,166.79,1.127,16472730.24,2.62,1.075,5185358.8,2151591.0,3668474.9,3353681.9,5066643.48,6763478.26,2934779.92,12.6
DC-0120,30.01,air-cooled,65.8,0.1158,189.53,1.633,11457576.74,12.94,3.883,16318914.91,8831339.88,12575127.4,11123038.53,11805750.21,12528747.61,10060101.92,2.7
DC-0121,30.96,hybrid,52.8,0.101,195.6,1.259,13588361.13,9.4,2.91,12028626.56,6830352.0,9429489.28,8041958.75,9021602.58,9957607.32,7543591.42,3.7
DC-0122,7.94,air-cooled,89.9,0.1254,177.65,1.565,9126857.44,12.27,0.974,3649918.22,2076373.2,2863145.71,2955901.11,3114718.56,3299233.55,2290516.57,3.1
DC-0123,50.51,air-cooled,96.7,0.1653,165.11,1.524,10019580.15,12.68,6.405,28395722.29,12690354.6,20543038.44,20011985.41,21202024.72,22540856.59,16434430.75,2.8
DC-0124,5.36,air-cooled,90.5,0.1099,183.38,1.667,11186169.8,12.12,0.65,2658939.67,1430364.0,2044651.84,1947175.02,2069182.0,2196984.51,1635721.47,2.9
DC-0125,26.3,air-cooled,68.0,0.1113,202.42,1.572,10879055.6,12.62,3.319,13110876.59,8061983.76,10586430.18,9935122.45,10539168.81,11230044.05,8469144.14,2.8
DC-0126,94.86,hybrid,58.1,0.1312,200.89,1.276,14335858.14,9.01,8.547,39762937.71,20604081.96,30183509.84,26240182.36,28989023.82,32010711.59,24146807.87,3.5
DC-0127,7.45,liquid-cooled,59.2,0.1088,177.57,1.093,16658529.81,4.88,0.364,1726677.93,775625.76,1251151.84,605304.97,932725.27,1236900.81,1000921.47,6.7
DC-0128,10.45,air-cooled,51.8,0.1334,164.75,1.538,11462470.06,12.27,1.282,5569646.13,2534514.0,4052080.06,3829001.59,4105473.39,4362598.95,3241664.05,2.9
DC-0129,17.81,hybrid,70.7,0.1056,177.53,1.27,13507420.19,8.03,1.43,5972352.17,3046414.8,4509383.48,4541252.52,5066549.5,5547675.06,3607506.78,4.4
DC-0130,10.99,air-cooled,91.3,0.1566,176.97,1.54,10868005.39,12.01,1.32,5976575.81,2803204.8,4389890.3,4378899.06,4621334.8,4907256.38,3511912.24,2.8
DC-0131,4.76,air-cooled,70.3,0.1269,190.7,1.537,10561729.33,12.7,0.605,2453666.91,1384482.0,1919074.46,1817454.19,1926402.22,2036370.28,1535259.57,2.8
DC-0132,17.37,air-cooled,75.6,0.1076,182.42,1.555,11301407.21,12.25,2.128,8463331.59,4658277.12,6560804.36,6204267.45,6621769.0,7065987.38,5248643.49,3.0
DC-0133,7.03,liquid-cooled,88.5,0.1082,172.7,1.061,17702379.88,3.7,0.26,1284273.11,538824.0,911548.56,561627.66,850492.48,1118363.8,729238.85,8.7
DC-0134,24.02,hybrid,67.2,0.1097,200.56,1.259,14045415.83,8.59,2.063,8934991.77,4965063.36,6950027.56,6433985.84,7164375.47,7818934.29,5560022.05,3.9
DC-0135,7.88,hybrid,96.4,0.1475,186.11,1.223,13731920.99,8.07,0.636,2945809.73,1420391.52,2183100.62,2181460.71,2405592.47,2668622.85,1746480.5,4.1
DC-0136,56.82,hybrid,95.9,0.0946,190.53,1.345,12941286.64,9.8,5.568,22218756.53,12730452.48,17474604.51,14685857.27,16145799.39,17685027.43,13979683.61,3.7
DC-0137,8.79,hybrid,70.4,0.1066,158.13,1.266,13267171.27,9.57,0.841,3473726.4,1595847.96,2534787.18,2166611.9,2404310.15,2632826.31,2027829.74,3.9
DC-0138,12.71,liquid-cooled,65.1,0.1088,147.64,1.078,17197401.16,2.63,0.334,1619590.57,591741.12,1105665.84,976766.75,1531366.32,2015655.79,884532.67,12.9
DC-0139,31.53,hybrid,80.4,0.1197,162.44,1.211,13710099.47,9.21,2.904,12535143.48,5660709.12,9097926.3,8048937.97,8904787.11,9842941.78,7278341.04,3.9
DC-0140,6.14,liquid-cooled,67.8,0.1146,176.79,1.065,18187277.79,4.44,0.273,1395239.26,579164.04,987201.65,513022.78,762189.73,1020109.73,789761.32,7.0
DC-0141,19.73,air-cooled,58.1,0.0902,192.65,1.631,11015550.89,12.97,2.559,9562056.92,5915896.2,7738976.56,6964475.59,7414486.94,7875831.0,6191181.25,2.9
DC-0142,46.79,air-cooled,87.4,0.112,148.87,1.586,10755082.45,13.0,6.083,24003972.05,10866914.52,17435443.28,15825311.03,16886458.88,17929086.01,13948354.62,3.0
DC-0143,4.54,air-cooled,86.6,0.118,207.89,1.632,11767803.53,12.03,0.546,2348910.13,1362095.28,1855502.7,1755004.94,1863145.74,1983786.26,1484402.16,2.8
DC-0144,19.06,air-cooled,73.9,0.1074,186.56,1.598,11018522.03,12.29,2.342,9255577.45,5243082.24,7249329.84,6906076.37,7338686.21,7821501.55,5799463.87,3.0
DC-0145,20.24,hybrid,56.8,0.1337,204.4,1.263,13464481.68,9.42,1.907,8526860.25,4677489.6,6602174.92,5705138.24,6356326.79,6936795.33,5281739.94,3.4
DC-0146,30.74,air-cooled,57.2,0.1384,170.71,1.617,11300384.15,12.54,3.855,17238100.52,7897044.6,12567572.56,11558227.36,12322056.28,13087102.22,10054058.05,2.8
DC-0147,6.11,hybrid,73.3,0.1184,191.56,1.181,13324569.28,9.79,0.598,2503185.96,1374634.56,1938910.26,1645890.15,1811372.66,1998147.61,1551128.21,3.5
DC-0148,5.72,air-cooled,66.0,0.1246,185.28,1.621,10940327.57,12.13,0.694,2915146.25,1543011.84,2229079.04,2153127.95,2287043.34,2429318.55,1783263.23,2.9
DC-0149,24.97,air-cooled,67.9,0.0768,196.27,1.522,10838785.98,12.68,3.166,10867522.96,7456689.84,9162106.4,8652939.59,9174279.01,9800881.08,7329685.12,3.1
DC-0150,20.85,air-cooled,84.3,0.1116,180.49,1.593,11427689.93,12.86,2.681,10983598.39,5806724.28,8395161.34,7533079.17,8026098.91,8521049.4,6716129.07,2.8
DC-0151,20.09,liquid-cooled,80.8,0.1401,191.1,1.078,17231730.83,3.74,0.751,3869360.06,1722193.2,2795776.63,1748763.77,2677942.65,3537754.29,2236621.3,8.1
DC-0152,21.7,air-cooled,88.5,0.1115,200.53,1.541,9993121.86,12.73,2.762,10290797.94,6646366.32,8468582.13,8147977.67,8647663.8,9183096.2,6774865.7,2.9
DC-0153,9.54,air-cooled,60.1,0.1053,174.23,1.703,11341629.66,12.91,1.232,5040428.66,2575816.32,3808122.49,3335330.28,3579314.67,3826811.0,3046497.99,2.8
DC-0154,19.8,hybrid,67.9,0.1656,187.63,1.316,13414453.79,9.39,1.859,9090608.58,4185650.04,6638129.31,5734969.55,6270548.68,6878712.65,5310503.45,3.4
DC-0155,20.79,hybrid,81.1,0.1564,155.68,1.234,12972262.46,9.56,1.988,9091887.33,3713902.08,6402894.7,5580898.67,6135365.63,6766939.13,5122315.76,3.7
DC-0156,9.29,air-cooled,77.4,0.1294,194.54,1.672,11753203.39,12.91,1.199,5404023.15,2799041.52,4101532.34,3593845.16,3827092.14,4044441.27,3281225.87,2.5
DC-0157,73.16,air-cooled,90.4,0.1428,213.32,1.629,11131661.41,12.02,8.794,39673816.59,22511232.96,31092524.78,29943200.64,31827281.3,33794931.25,24874019.82,2.6
DC-0158,24.02,air-cooled,77.0,0.0755,165.33,1.606,11450041.5,13.0,3.123,11263505.32,6195907.08,8729706.2,7690091.85,8187454.14,8742917.38,6983764.96,3.1
DC-0159,6.34,liquid-cooled,94.2,0.1042,182.63,1.099,18526013.57,3.87,0.245,1254412.33,536932.2,895672.26,520674.2,784011.56,1060207.36,716537.81,8.0
DC-0160,27.81,air-cooled,78.5,0.1106,197.21,1.629,11101718.98,12.89,3.585,14502454.59,8483974.2,11493214.4,10340604.92,11053635.82,11724197.68,9194571.52,2.7
DC-0161,7.54,air-cooled,84.7,0.1153,184.47,1.672,10831068.05,12.44,0.938,3841739.24,2076394.32,2959066.78,2759749.1,2942316.57,3121275.54,2367253.42,2.9
DC-0162,30.87,air-cooled,68.1,0.1102,186.48,1.63,10838966.35,12.79,3.948,15721658.28,8834676.48,12278167.38,11206099.31,11948376.74,12724757.62,9822533.9,2.8
DC-0163,41.55,air-cooled,72.2,0.069,178.14,1.618,11437127.9,12.61,5.239,18439016.22,11199305.52,14819160.87,13585397.18,14405366.55,15429514.76,11855328.7,3.2
DC-0164,8.53,hybrid,82.9,0.1277,177.58,1.256,13451034.91,9.6,0.819,3598805.39,1745256.24,2672030.82,2267149.04,2494483.35,2761762.14,2137624.66,3.6
DC-0165,35.54,air-cooled,91.4,0.1309,182.7,1.584,11266300.73,13.0,4.62,19958260.66,10128888.0,15043574.33,13411162.95,14328669.68,15245851.18,12034859.46,2.7
DC-0166,22.88,air-cooled,80.8,0.152,184.63,1.541,10852892.62,12.23,2.798,12489226.2,6199136.88,9344181.54,9111719.98,9705209.78,10232178.86,7475345.23,2.8
DC-0167,31.74,air-cooled,71.0,0.1042,166.28,1.608,12095605.69,12.29,3.901,16211315.14,7783899.36,11997607.25,10903804.87,11711002.73,12494968.99,9598085.8,3.0
DC-0168,75.0,air-cooled,88.5,0.1026,183.01,1.552,10824479.81,12.5,9.375,35628190.4,20588625.0,28108407.7,26732963.18,28455769.13,30402518.41,22486726.16,3.0
DC-0169,13.51,air-cooled,45.7,0.0664,207.53,1.55,10108800.92,13.85,1.871,5889869.47,4659463.56,5274666.51,5021404.71,5290803.66,5614515.25,4219733.21,2.9
DC-0170,9.0,hybrid,54.9,0.1141,177.71,1.216,14666862.01,9.94,0.895,4004869.14,1908605.4,2956737.27,2318586.11,2571125.83,2820126.32,2365389.82,3.4
DC-0171,8.07,hybrid,80.2,0.138,165.44,1.23,12583730.1,9.82,0.792,3392379.04,1572341.76,2482360.4,2122174.27,2370557.36,2598036.85,1985888.32,3.7
DC-0172,8.56,liquid-cooled,72.2,0.1078,181.73,1.064,16855058.71,4.24,0.363,1724371.09,791615.88,1257993.49,708422.05,1060193.32,1411247.02,1006394.79,7.7
DC-0173,15.46,liquid-cooled,79.3,0.1629,173.28,1.078,17621772.62,4.64,0.717,3910704.26,1490901.12,2700802.69,1331699.61,2059925.11,2715190.38,2160642.15,6.4
DC-0174,21.6,hybrid,72.8,0.1149,163.92,1.29,13215600.07,9.44,2.039,8635605.37,4010794.56,6323199.96,5430442.55,6041033.29,6690470.01,5058559.97,3.8
DC-0175,20.52,air-cooled,78.9,0.1229,186.09,1.523,10775892.3,12.2,2.503,10097879.49,5589399.24,7843639.36,7670721.98,8160981.66,8681752.81,6274911.49,2.9
DC-0176,31.87,hybrid,62.2,0.0927,173.35,1.258,14969645.85,8.9,2.836,12331351.65,5899447.2,9115399.43,7837207.33,8771630.37,9622184.49,7292319.54,3.9
DC-0177,16.62,hybrid,78.8,0.1257,174.63,1.266,12504921.44,9.2,1.529,6380371.05,3204111.24,4792241.14,4346244.85,4826896.75,5288162.1,3833792.91,3.9
DC-0178,52.61,hybrid,83.9,0.0804,186.3,1.263,13782650.31,8.87,4.667,18445604.07,10433545.2,14439574.64,13029866.53,14387182.05,15936538.09,11551659.71,4.1
DC-0179,13.31,air-cooled,86.6,0.1339,161.0,1.61,10718059.94,12.69,1.689,7212474.44,3263148.0,5237811.22,4851615.81,5186135.75,5522002.95,4190248.98,2.9
DC-0180,144.91,air-cooled,96.2,0.1345,157.88,1.449,11542366.15,12.11,17.549,74973031.47,33247633.44,54110332.46,52508631.76,56095349.55,59338661.26,43288265.97,3.0
DC-0181,27.13,hybrid,74.9,0.1472,194.06,1.289,13320114.7,8.33,2.26,10446070.06,5262907.2,7854488.63,7693398.2,8414804.67,9220437.35,6283590.9,3.9
DC-0182,8.28,hybrid,75.3,0.0996,155.04,1.256,14526234.67,8.32,0.689,2979172.01,1281870.72,2130521.36,1981541.37,2221309.64,2431376.74,1704417.09,4.4
DC-0183,6.98,liquid-cooled,53.7,0.1232,169.35,1.066,17979067.43,3.3,0.23,1183536.21,467406.0,825471.1,579065.5,877973.05,1169236.19,660376.88,9.5
DC-0184,24.19,air-cooled,65.6,0.1313,157.0,1.546,11770704.66,12.01,2.905,12764287.62,5473020.0,9118653.81,8724019.91,9288226.23,9882529.89,7294923.05,3.0
DC-0185,13.75,air-cooled,69.7,0.1288,176.71,1.584,10938159.29,12.13,1.668,7035474.31,3537027.36,5286250.84,5108243.04,5464152.51,5773974.68,4229000.67,2.9
DC-0186,29.11,air-cooled,84.6,0.1027,190.42,1.544,10729219.7,12.42,3.615,13640601.44,8260419.6,10950510.52,10537245.9,11225736.32,11938835.38,8760408.42,3.0
DC-0187,24.01,hybrid,64.7,0.0722,185.69,1.292,13297359.15,9.28,2.228,8404288.98,4964607.84,6684448.41,5862858.87,6564461.88,7170414.43,5347558.73,4.0
DC-0188,15.51,air-cooled,81.6,0.1269,219.88,1.523,11279339.38,12.68,1.967,8260522.08,5190047.52,6725284.8,6227075.05,6610580.94,6993873.09,5380227.84,2.6
DC-0189,8.35,air-cooled,72.0,0.117,200.3,1.533,11269792.4,12.76,1.065,4340514.71,2559834.0,3450174.36,3156615.73,3376232.48,3600279.9,2760139.49,2.7
DC-0190,4.89,liquid-cooled,69.9,0.1087,170.03,1.059,18075597.31,2.48,0.121,608048.22,246883.56,427465.89,381926.49,585616.32,778940.26,341972.71,12.9
DC-0191,11.51,air-cooled,75.0,0.1353,166.04,1.45,10760530.06,12.06,1.388,5704415.59,2765562.24,4234988.92,4245383.48,4552528.69,4834382.27,3387991.14,3.1
DC-0192,32.63,hybrid,67.3,0.1191,224.6,1.269,13002459.09,9.19,2.999,12635996.67,8082904.8,10359450.74,9308859.45,10249751.21,11301151.42,8287560.59,3.5
DC-0193,19.52,air-cooled,66.9,0.0936,199.94,1.535,10559190.37,12.99,2.536,9142504.46,6084574.08,7613539.27,6993772.24,7478154.39,7916683.35,6090831.42,2.9
DC-0194,6.07,hybrid,51.5,0.0814,192.84,1.285,13438692.07,8.59,0.521,2033287.56,1205635.68,1619461.62,1540515.18,1698475.71,1869583.33,1295569.3,4.2
DC-0195,18.89,hybrid,69.0,0.0974,185.12,1.234,13696131.26,8.57,1.619,6632173.83,3596511.36,5114342.6,4831816.06,5317968.94,5859277.03,4091474.08,4.2
DC-0196,22.38,liquid-cooled,66.2,0.1679,188.1,1.116,16408340.62,3.71,0.83,4388803.6,1873476.0,3131139.8,1976610.84,2913744.17,4037070.78,2504911.84,8.0
DC-0197,8.11,liquid-cooled,65.8,0.1345,161.77,1.069,17743088.36,4.91,0.398,2070565.43,772613.52,1421589.48,651468.3,1036190.69,1364032.97,1137271.58,6.4
DC-0198,18.6,air-cooled,77.0,0.1238,186.36,1.526,11663731.52,12.54,2.332,9903698.57,5215098.24,7559398.4,6977585.94,7431828.74,7912441.43,6047518.72,2.8
DC-0199,17.23,air-cooled,79.9,0.1164,185.07,1.602,10523014.54,12.31,2.121,8424504.68,4710401.64,6567453.16,6340744.5,6728826.76,7130731.97,5253962.53,3.0
DC-0200,6.59,air-cooled,74.8,0.1151,170.44,1.539,11213553.71,12.56,0.828,3348131.92,1693491.84,2520811.88,2337260.68,2499656.51,2672590.68,2016649.5,2.9
DC-0201,21.89,hybrid,83.9,0.1433,175.92,1.261,14172876.34,8.76,1.918,9076880.27,4048974.72,6562927.5,5984206.61,6616215.93,7255026.4,5250342.0,3.8
DC-0202,25.75,liquid-cooled,78.9,0.1102,206.73,1.072,17056756.22,2.05,0.528,2547730.74,1309841.28,1928786.01,2218905.46,3396830.08,4557248.76,1543028.81,15.0
DC-0203,39.11,air-cooled,68.5,0.1315,182.12,1.601,11651613.32,12.55,4.908,21759634.42,10726139.52,16242886.97,14740003.02,15802022.61,16785717.02,12994309.58,2.7
DC-0204,38.21,hybrid,66.4,0.113,215.07,1.242,13655072.69,9.73,3.718,15853148.81,9595563.12,12724355.96,10634124.9,11770838.5,12892559.05,10179484.77,3.4
DC-0205,5.46,air-cooled,75.8,0.1588,157.89,1.666,11013875.08,12.15,0.663,3159248.31,1256172.84,2207710.58,2094267.35,2221519.9,2368427.06,1766168.46,2.8
DC-0206,7.77,hybrid,78.9,0.1348,176.17,1.267,14471507.02,8.1,0.629,2963863.64,1329731.16,2146797.4,2076650.2,2299793.66,2526369.79,1717437.92,4.1
DC-0207,24.83,liquid-cooled,88.8,0.1449,160.79,1.066,19862843.44,2.93,0.728,4198423.02,1404661.44,2801542.23,2097252.79,3112258.51,4217018.4,2241233.78,10.0
DC-0208,24.8,air-cooled,86.3,0.1083,165.86,1.638,11114147.65,12.56,3.115,12534119.22,6199846.8,9366983.01,8578125.67,9172349.75,9783299.86,7493586.41,3.0
DC-0209,24.83,air-cooled,65.5,0.1412,171.58,1.605,11421005.83,12.3,3.054,13813990.4,6288063.84,10051027.12,9462384.47,10086182.05,10665260.85,8040821.7,2.8
DC-0210,250.0,air-cooled,70.8,0.1137,188.73,1.554,10297041.4,12.84,32.1,123136693.65,72698796.0,97917744.82,92462543.39,98411516.02,104323916.98,78334195.86,2.9
DC-0211,25.96,hybrid,80.1,0.1222,188.0,1.273,14191522.77,8.49,2.204,9954107.21,4972224.0,7463165.6,6954392.5,7655226.58,8461695.56,5970532.48,3.9
DC-0212,40.79,air-cooled,84.8,0.1527,173.81,1.561,10687701.18,12.87,5.25,23431377.26,10950030.0,17190703.63,15999211.11,16928466.71,18038149.85,13752562.9,2.7
DC-0213,35.28,air-cooled,83.3,0.0991,150.58,1.634,11132753.69,12.07,4.258,16574038.51,7694035.68,12134037.1,11581119.44,12415998.27,13162300.36,9707229.68,3.3
DC-0214,27.69,air-cooled,71.2,0.1241,206.17,1.583,11337178.99,12.19,3.375,14310937.36,8349885.0,11330411.18,10765689.02,11486570.97,12138560.73,9064328.94,2.7
DC-0215,12.78,air-cooled,57.0,0.1288,179.71,1.496,10715479.46,12.31,1.573,6400751.72,3392205.96,4896478.84,4802344.33,5102379.52,5421899.46,3917183.07,2.9
DC-0216,30.18,air-cooled,60.0,0.1304,167.26,1.52,11427778.0,12.44,3.754,16051384.36,7534728.48,11793056.42,11103148.65,11822880.03,12533404.83,9434445.14,2.9
DC-0217,8.86,hybrid,75.3,0.111,188.12,1.274,14180401.94,8.55,0.758,3327610.2,1711139.52,2519374.86,2337593.63,2578233.17,2849611.63,2015499.89,4.0
DC-0218,13.61,air-cooled,76.1,0.1617,187.07,1.583,10817716.91,12.43,1.692,7861444.72,3798269.28,5829857.0,5594402.07,5884782.51,6268394.08,4663885.6,2.6
DC-0219,11.15,hybrid,58.8,0.0941,179.16,1.243,12573187.85,8.91,0.993,3791935.87,2134870.56,2963403.22,2786327.02,3088016.31,3412114.19,2370722.58,4.2
DC-0220,17.56,hybrid,72.5,0.1492,186.23,1.236,13998283.45,9.45,1.659,7840718.96,3707466.84,5774092.9,4912841.45,5392958.96,5945509.75,4619274.32,3.4
DC-0221,104.77,air-cooled,79.6,0.1443,166.67,1.562,10504144.51,12.06,12.635,54440785.25,25270505.4,39855645.33,39630314.87,42178810.27,44734911.38,31884516.26,3.0
DC-0222,3.69,air-cooled,58.2,0.158,195.4,1.581,11314082.43,12.45,0.459,2158434.2,1076263.2,1617348.7,1529469.62,1614417.06,1699279.39,1293878.96,2.6
DC-0223,28.47,hybrid,85.3,0.0882,169.05,1.227,13639506.64,9.68,2.756,10966181.71,5590821.6,8278501.66,6854988.24,7581944.29,8462829.69,6622801.33,3.9
DC-0224,4.53,liquid-cooled,67.5,0.1026,174.92,1.032,17144818.33,3.75,0.17,805374.4,356836.8,581105.6,362119.41,554582.91,742598.84,464884.48,8.8
DC-0225,11.27,air-cooled,87.1,0.1498,193.73,1.666,10630860.03,12.1,1.364,6204315.65,3170972.64,4687644.15,4538328.11,4803867.93,5098725.2,3750115.32,2.7
DC-0226,39.3,air-cooled,65.6,0.0825,202.06,1.603,10959188.92,12.18,4.787,17203824.18,11607134.64,14405479.41,13925587.06,14778757.83,15796002.85,11524383.53,3.1
DC-0227,17.31,air-cooled,59.7,0.0879,207.79,1.562,10855581.59,12.91,2.235,8079743.39,5572927.8,6826335.6,6238565.74,6662367.66,7126169.41,5461068.48,2.9
DC-0228,6.94,hybrid,66.5,0.1102,199.84,1.218,13260705.92,8.19,0.568,2341649.45,1362109.44,1851879.44,1869974.99,2051718.73,2264870.22,1481503.55,4.2
DC-0229,9.28,air-cooled,70.9,0.1238,179.14,1.659,11007522.45,12.83,1.191,5056130.49,2560268.88,3808199.68,3427612.1,3647819.87,3907468.86,3046559.74,2.7
DC-0230,28.32,air-cooled,67.3,0.1518,160.88,1.604,10424288.67,12.4,3.512,15626491.1,6780126.72,11203308.91,10747425.86,11451161.19,12227550.18,8962647.13,2.8
DC-0231,9.17,hybrid,69.4,0.1163,205.08,1.239,13548065.29,8.62,0.79,3375638.01,1944158.4,2659898.2,2498445.79,2762442.66,3050784.95,2127918.56,3.9
DC-0232,19.55,hybrid,76.0,0.1078,204.56,1.229,14693846.12,9.42,1.842,8152467.73,4521594.24,6337030.98,5260346.14,5818566.24,6410253.61,5069624.78,3.5
DC-0233,17.06,air-cooled,69.9,0.1262,173.92,1.621,11942958.81,12.82,2.187,9723458.42,4564356.48,7143907.45,6273603.97,6669457.43,7051149.38,5715125.96,2.7
DC-0234,9.76,air-cooled,71.2,0.1294,197.82,1.532,10750624.06,12.42,1.212,5000247.78,2877094.08,3938670.93,3780993.52,4034644.04,4300308.21,3150936.74,2.8
DC-0235,91.39,hybrid,51.5,0.1288,179.02,1.269,14119201.07,9.31,8.508,38876435.72,18277225.92,28576830.82,24548480.94,27062573.4,29786755.09,22861464.66,3.6
DC-0236,27.31,air-cooled,76.7,0.1164,206.52,1.577,11821454.48,12.27,3.351,14191485.04,8304582.24,11248033.64,10401215.9,11158852.99,11833142.03,8998426.91,2.7
DC-0237,3.25,air-cooled,70.9,0.0809,176.28,1.532,11231127.18,12.95,0.421,1507815.68,890566.56,1199191.12,1085216.34,1153028.79,1225345.46,959352.9,3.0
DC-0238,19.09,liquid-cooled,91.3,0.1016,213.68,1.076,16242797.83,4.1,0.783,3576092.42,2007737.28,2791914.85,1631776.71,2490471.24,3312124.38,2233531.88,7.7
DC-0239,9.68,air-cooled,60.7,0.1484,195.79,1.512,11782633.73,12.58,1.218,5583237.53,2861666.64,4222452.08,3911777.9,4144472.61,4372322.94,3377961.66,2.6
DC-0240,32.52,hybrid,50.3,0.1237,210.96,1.275,13351876.56,8.11,2.637,11467492.84,6675618.24,9071555.54,9086989.1,9993796.87,10963939.18,7257244.43,4.0
DC-0241,8.72,liquid-cooled,79.4,0.1135,177.04,1.115,16764790.41,3.1,0.27,1305209.4,573609.6,939409.5,714117.42,1103460.57,1447151.8,751527.6,10.4
DC-0242,15.0,air-cooled,76.2,0.1424,190.08,1.568,10718116.46,12.5,1.875,8133308.42,4276800.0,6205054.21,5892356.64,6264719.4,6677016.28,4964043.37,2.7
DC-0243,24.63,air-cooled,59.9,0.0974,169.46,1.63,11239022.73,12.86,3.167,12314295.91,6440157.84,9377226.88,8399660.67,8994746.66,9603070.25,7501781.5,3.0
DC-0244,32.87,hybrid,53.6,0.1155,196.66,1.195,13179982.53,9.24,3.037,12566990.92,7167077.04,9867033.98,8834880.3,9717057.3,10677171.12,7893627.18,3.7
DC-0245,6.3,liquid-cooled,90.4,0.1228,197.49,1.083,16723148.06,4.27,0.269,1313061.24,637497.72,975279.48,551800.97,798756.03,1090384.67,780223.58,7.3
DC-0246,12.58,liquid-cooled,89.0,0.1112,219.96,1.073,17348065.89,3.72,0.468,2293362.83,1235295.36,1764329.1,1117271.95,1732149.77,2240136.72,1411463.28,8.0
DC-0247,11.25,hybrid,42.2,0.122,191.23,1.28,13051262.08,10.76,1.21,5164572.9,2776659.6,3970616.25,3596111.54,3933034.75,4287444.48,3176493.0,3.2
DC-0248,9.75,air-cooled,66.5,0.1162,194.86,1.577,10646041.85,12.35,1.204,4781125.3,2815337.28,3798231.29,3658081.25,3901818.53,4129723.46,3038585.03,2.9
DC-0249,67.52,hybrid,92.0,0.092,176.94,1.228,13957887.83,8.01,5.408,22126413.49,11482698.24,16804555.86,16894944.74,18651575.35,20361438.96,13443644.69,4.5
DC-0250,22.74,air-cooled,66.3,0.1236,192.12,1.602,11504532.43,12.48,2.838,12178158.35,6542838.72,9360498.54,8602423.09,9132292.88,9731445.48,7488398.83,2.7
DC-0251,6.0,air-cooled,66.1,0.0934,178.3,1.496,11189655.44,12.66,0.76,2820050.95,1626096.0,2223073.48,2071514.04,2203474.79,2353622.78,1778458.78,3.0
DC-0252,34.27,air-cooled,68.6,0.1233,185.74,1.566,10996822.08,12.88,4.414,18252717.04,9838276.32,14045496.68,12802573.69,13656289.53,14637290.62,11236397.34,2.7
DC-0253,89.81,air-cooled,58.5,0.1475,186.62,1.432,11602520.73,12.29,11.038,48883164.29,24718938.72,36801051.5,35574583.59,37813044.28,39996519.3,29440841.2,2.7
DC-0254,37.56,hybrid,51.5,0.1144,178.72,1.263,13515423.84,9.5,3.568,15232275.07,7652075.52,11442175.3,9841854.16,10810742.59,11879820.78,9153740.24,3.7
DC-0255,4.88,air-cooled,84.6,0.0966,184.94,1.6,11507801.13,12.22,0.596,2331095.9,1322690.88,1826893.39,1717547.75,1830200.88,1956143.57,1461514.71,3.0
DC-0256,11.16,air-cooled,49.9,0.1175,178.37,1.659,10121105.16,12.08,1.348,5333689.81,2885313.12,4109501.46,4070143.03,4337025.78,4623015.13,3287601.17,3.1
DC-0257,45.31,air-cooled,75.0,0.1034,178.3,1.521,11222112.69,12.82,5.809,22489545.14,12428936.4,17459240.77,15959312.21,17021923.28,18049053.93,13967392.62,2.9
DC-0258,9.34,liquid-cooled,82.6,0.1319,200.15,1.094,16867259.21,3.63,0.339,1699181.75,814210.2,1256695.98,790036.02,1225122.54,1667776.74,1005356.78,8.4
DC-0259,23.45,hybrid,54.6,0.117,186.63,1.25,13837922.4,8.36,1.96,8538237.98,4389537.6,6463887.79,6241649.77,6890800.83,7559143.11,5171110.23,4.1
DC-0260,30.56,air-cooled,60.9,0.1542,189.21,1.556,11116618.1,12.58,3.844,17575505.78,8727878.88,13151692.33,12190321.42,13086296.82,13934609.14,10521353.86,2.6
DC-0261,7.83,air-cooled,86.6,0.1433,162.14,1.581,10548684.54,12.47,0.976,4224903.01,1898983.68,3061943.34,2930302.0,3106511.74,3316274.66,2449554.67,2.9
DC-0262,15.68,air-cooled,78.4,0.1169,190.35,1.561,11107417.55,12.4,1.944,7905951.92,4440484.8,6173218.36,5865231.21,6225375.07,6634650.57,4938574.69,2.9
DC-0263,1.23,liquid-cooled,64.6,0.1343,191.96,1.076,17203937.18,2.08,0.026,132313.39,59891.52,96102.46,104196.14,160859.39,217575.53,76881.97,14.4
DC-0264,7.25,hybrid,86.4,0.1121,178.02,1.275,13339142.92,8.6,0.624,2630970.5,1333013.76,1981992.13,1891132.67,2075514.86,2261484.61,1585593.7,4.1
DC-0265,13.44,air-cooled,86.5,0.1207,215.28,1.628,10144833.4,12.18,1.637,6508292.8,4228960.32,5368626.56,5334664.37,5621250.78,5984834.58,4294901.25,2.8
DC-0266,6.06,hybrid,75.2,0.1128,149.66,1.293,13508077.49,9.4,0.57,2439283.37,1023674.4,1731478.88,1485133.78,1644454.36,1822963.34,1385183.1,3.9
DC-0267,60.7,air-cooled,61.2,0.1353,195.77,1.608,11563566.5,12.95,7.861,35182126.14,18467375.64,26824750.89,23724314.89,25273359.22,26949525.23,21459800.71,2.5
DC-0268,5.24,hybrid,67.0,0.1487,194.69,1.3,13664721.5,8.81,0.462,2185260.17,1079361.36,1632310.76,1483332.29,1642242.47,1803329.81,1305848.61,3.6
DC-0269,11.56,air-cooled,75.4,0.136,192.12,1.631,10416054.52,12.69,1.467,6246173.44,3382080.48,4814126.96,4513825.08,4810202.7,5108057.24,3851301.57,2.7
DC-0270,18.26,air-cooled,69.7,0.1384,186.64,1.533,10760890.06,12.22,2.231,9481512.56,4996726.08,7239119.32,7107430.06,7516869.62,7970451.79,5791295.46,2.8
DC-0271,52.09,air-cooled,83.3,0.1385,192.26,1.59,11154174.96,12.76,6.647,29298573.12,15335426.64,22316999.88,20417541.01,21642934.43,22888582.43,17853599.9,2.6
DC-0272,5.21,air-cooled,53.6,0.131,197.02,1.587,10767846.01,12.48,0.65,2739121.05,1536756.0,2137938.52,2033557.66,2154269.34,2275059.92,1710350.82,2.7
DC-0273,41.7,liquid-cooled,54.1,0.0972,173.11,1.05,16443214.63,4.3,1.793,8154731.28,3724634.76,5939683.02,3367510.04,5129745.16,6720582.67,4751746.42,7.9
DC-0274,16.58,air-cooled,74.2,0.154,188.49,1.682,11145275.18,12.8,2.122,10070615.39,4799709.36,7435162.38,6609870.46,7084679.95,7496249.63,5948129.9,2.5
DC-0275,7.5,liquid-cooled,66.1,0.1561,181.25,1.083,19136053.87,4.41,0.331,1897751.96,719925.0,1308838.48,636145.43,989697.83,1317293.25,1047070.78,6.4
DC-0276,23.8,hybrid,64.5,0.1153,167.59,1.25,13804897.65,9.03,2.149,9305793.28,4321810.92,6813802.1,6076510.64,6720139.26,7468871.66,5451041.68,3.9
DC-0277,19.28,air-cooled,50.8,0.1126,194.76,1.66,11033844.91,12.02,2.317,9475023.25,5415107.04,7445065.14,7126992.94,7595883.1,8088118.86,5956052.11,2.9
DC-0278,10.17,air-cooled,72.2,0.1322,175.53,1.548,10375022.25,12.77,1.299,5323634.49,2736161.64,4029898.07,3801906.38,4047448.71,4287464.23,3223918.46,2.8
DC-0279,17.39,air-cooled,71.4,0.131,161.53,1.523,10420244.78,12.94,2.25,9142523.62,4361310.0,6751916.81,6288589.48,6737449.34,7160176.7,5401533.45,2.9
DC-0280,12.08,hybrid,79.8,0.116,175.91,1.266,13385287.96,9.41,1.137,4844719.47,2400116.04,3622417.76,3139559.64,3484926.68,3840667.66,2897934.21,3.8
DC-0281,18.01,air-cooled,72.8,0.095,172.02,1.631,12578506.32,12.91,2.325,9654659.75,4799358.0,7227008.88,6135000.57,6582501.09,7019268.27,5781607.1,2.8
DC-0282,27.93,air-cooled,70.4,0.1261,199.43,1.521,10551260.11,12.78,3.569,14364781.82,8541188.04,11452984.93,10812935.22,11505849.88,12229696.17,9162387.94,2.7
DC-0283,58.49,air-cooled,86.1,0.131,186.3,1.525,11576847.37,12.8,7.487,32363768.52,16737937.2,24550852.86,22239282.02,23738221.76,25188893.93,19640682.29,2.7
DC-0284,6.11,hybrid,56.3,0.1345,204.74,1.228,12996841.81,9.86,0.602,2609694.82,1479041.76,2044368.29,1724828.43,1924966.41,2086938.66,1635494.63,3.4
DC-0285,90.6,air-cooled,78.4,0.127,174.0,1.509,12356907.01,12.37,11.207,49588419.98,23400216.0,36494317.99,33422040.69,35684063.64,38027097.47,29195454.39,2.8
DC-0286,3.45,air-cooled,51.9,0.1146,197.11,1.508,10893675.01,12.9,0.445,1750937.87,1052567.4,1401752.64,1302121.15,1377930.86,1467251.73,1121402.11,2.8
DC-0287,14.56,air-cooled,61.9,0.1399,226.59,1.589,10699351.93,12.12,1.765,7633609.82,4799176.2,6216393.01,6094119.69,6452660.43,6819801.01,4973114.41,2.6
DC-0288,26.33,air-cooled,57.4,0.1213,189.34,1.62,10237419.08,12.72,3.349,13383858.46,7609195.92,10496527.19,9904474.24,10485446.22,11130102.34,8397221.75,2.8
DC-0289,20.59,hybrid,81.4,0.1107,196.92,1.213,14604355.62,8.01,1.649,7291378.81,3896652.96,5594015.88,5455598.78,6026667.45,6678171.95,4475212.7,4.1
DC-0290,9.99,air-cooled,71.2,0.1164,194.4,1.543,9988866.27,12.81,1.28,4855154.7,2985984.0,3920569.35,3751615.44,3974342.79,4227823.94,3136455.48,2.9
DC-0291,13.92,hybrid,71.8,0.0851,162.67,1.235,14546778.07,8.65,1.204,5000549.37,2350256.16,3675402.76,3284156.98,3673020.31,4078247.09,2940322.21,4.3
DC-0292,11.09,hybrid,58.7,0.1164,192.79,1.274,13631104.05,9.06,1.005,4349827.1,2325047.4,3337437.25,2984453.45,3282359.98,3583677.98,2669949.8,3.7
DC-0293,10.26,hybrid,68.4,0.1338,188.6,1.25,13093269.99,8.82,0.905,3959126.63,2048196.0,3003661.32,2823668.98,3121856.96,3409139.87,2402929.06,3.8
DC-0294,32.45,hybrid,62.8,0.1268,180.1,1.255,13494107.77,8.82,2.862,12571920.15,6185354.4,9378637.28,8689152.41,9515915.35,10471453.0,7502909.82,3.9
DC-0295,21.88,air-cooled,76.6,0.1504,170.74,1.549,10801321.51,12.38,2.709,12030959.85,5550415.92,8790687.88,8406509.81,8996203.36,9563203.22,7032550.3,2.8
DC-0296,9.45,air-cooled,60.1,0.1147,194.41,1.582,10338306.96,12.85,1.214,4718758.33,2832164.88,3775461.6,3540839.97,3760623.68,3995341.79,3020369.28,2.8
DC-0297,33.77,hybrid,88.0,0.1297,169.41,1.23,13416897.71,8.18,2.762,12094865.35,5614925.04,8854895.2,8838470.41,9733716.48,10745966.1,7083916.16,4.3
DC-0298,21.03,air-cooled,51.9,0.1359,216.0,1.71,10589987.05,12.23,2.572,11288657.42,6666624.0,8977640.71,8574661.89,9083605.04,9704233.98,7182112.57,2.6
DC-0299,31.51,hybrid,62.3,0.1669,185.71,1.249,13375689.17,8.08,2.546,12216900.36,5673811.92,8945356.14,9075095.38,10000878.74,10973684.57,7156284.91,4.0
DC-0300,27.21,air-cooled,92.1,0.1229,165.65,1.573,11004083.35,12.65,3.442,14245921.52,6842007.6,10543964.56,9843702.32,10469746.93,11095987.96,8435171.65,2.9
DC-0301,8.47,liquid-cooled,66.8,0.0991,176.29,1.078,17661754.23,3.79,0.321,1560272.93,679069.08,1119671.0,676863.58,996793.19,1373297.35,895736.8,8.5
DC-0302,10.51,hybrid,56.2,0.137,179.83,1.22,13209713.12,9.14,0.961,4228052.31,2073799.56,3150925.93,2849475.87,3123036.83,3449316.5,2520740.74,3.8
DC-0303,29.9,air-cooled,74.6,0.1573,220.19,1.606,11154705.9,12.76,3.815,17899247.6,10080298.2,13989772.9,12795483.18,13555433.93,14357069.15,11191818.32,2.4
DC-0304,26.8,air-cooled,66.3,0.1135,170.73,1.599,10648347.16,12.41,3.326,13158058.81,6814175.76,9986117.28,9541344.38,10153656.6,10852503.78,7988893.82,3.0
DC-0305,16.17,hybrid,62.0,0.1368,182.26,1.245,13616136.53,8.02,1.297,5859555.83,2836694.64,4348125.24,4411172.94,4853564.0,5327965.49,3478500.19,4.2
DC-0306,18.06,hybrid,58.8,0.1446,175.93,1.282,13202620.36,9.83,1.775,8090130.34,3747309.0,5918719.67,4924336.91,5452022.97,5951642.82,4734975.74,3.4
DC-0307,45.7,air-cooled,98.0,0.1403,191.49,1.531,10803274.37,12.71,5.808,24872002.08,13346087.04,19109044.56,17982576.44,19047841.61,20210842.22,15287235.65,2.7
DC-0308,10.24,liquid-cooled,69.0,0.1225,176.17,1.103,18367835.84,2.31,0.237,1247892.83,501027.48,874460.16,852413.35,1271443.95,1721060.22,699568.13,13.2
DC-0309,25.47,air-cooled,48.9,0.106,166.91,1.562,11722871.88,13.12,3.342,13553458.81,6693758.64,10123608.72,9022220.82,9570856.51,10191249.34,8098886.98,2.8
DC-0310,13.99,air-cooled,89.9,0.1184,181.07,1.552,11105613.16,12.58,1.76,7176617.54,3824198.4,5500407.97,5108637.84,5490173.01,5823663.07,4400326.38,2.9
DC-0311,13.82,liquid-cooled,79.3,0.1292,179.51,1.078,18262591.82,3.01,0.416,2195825.01,896113.92,1545969.46,1160094.64,1814457.6,2345681.92,1236775.57,10.1
DC-0312,39.61,liquid-cooled,62.8,0.1382,175.12,1.086,17612475.3,3.8,1.505,7869087.78,3162667.2,5515877.49,3426401.05,5011972.47,6686929.36,4412701.99,8.1
DC-0313,31.83,hybrid,60.8,0.1267,175.92,1.243,13474722.32,9.73,3.097,13546211.4,6537890.88,10042051.14,8366010.58,9237931.78,10238768.61,8033640.91,3.6
DC-0314,31.53,liquid-cooled,80.1,0.1124,201.77,1.041,16806076.0,3.74,1.179,5611659.35,2854641.96,4233150.65,2711990.02,4177384.73,5423882.43,3386520.52,8.4
DC-0315,46.73,air-cooled,69.0,0.1311,179.2,1.563,11560482.14,12.73,5.949,25961444.92,12792729.6,19377087.26,17570954.71,18650418.33,19812916.01,15501669.81,2.7
DC-0316,16.72,liquid-cooled,48.9,0.1372,166.99,1.057,18276928.9,3.67,0.614,3273797.93,1230382.32,2252090.12,1527885.96,2272261.29,2970281.73,1801672.1,8.4
DC-0317,28.38,air-cooled,93.4,0.1276,177.07,1.488,10666621.81,12.64,3.587,14468562.98,7621801.08,11045182.03,10563449.8,11249078.53,11950282.07,8836145.62,2.9
DC-0318,12.83,air-cooled,66.8,0.1033,184.82,1.607,11524205.83,12.81,1.644,6600860.21,3646128.96,5123494.58,4590825.59,4905621.07,5190965.45,4098795.66,2.8
DC-0319,21.31,air-cooled,89.9,0.1164,163.96,1.56,10448436.42,12.58,2.681,10489548.16,5274921.12,7882234.64,7530206.85,8002666.87,8505041.88,6305787.71,3.0
DC-0320,14.82,air-cooled,87.3,0.139,208.39,1.529,11770642.92,12.41,1.839,8234067.3,4598750.52,6416408.91,5954848.73,6376220.44,6733208.73,5133127.13,2.6
DC-0321,17.77,air-cooled,60.0,0.0923,197.01,1.509,10902410.9,12.78,2.271,8272928.04,5368916.52,6820922.28,6317063.26,6744581.01,7246044.36,5456737.82,2.9
DC-0322,26.47,air-cooled,84.4,0.0781,205.45,1.457,10554649.35,12.28,3.251,10865794.3,8015015.4,9440404.85,9341313.4,9905971.75,10580396.36,7552323.88,3.2
DC-0323,8.55,air-cooled,64.2,0.1502,189.88,1.621,10319659.33,12.14,1.038,4594283.1,2365145.28,3479714.19,3427124.69,3627105.98,3840322.12,2783771.35,2.8
DC-0324,87.7,air-cooled,49.6,0.1302,152.59,1.551,11146137.19,12.78,11.208,47588221.24,20522744.64,34055482.94,31382594.2,33456130.73,35779141.99,27244386.35,2.9
DC-0325,7.35,hybrid,66.9,0.1321,207.03,1.209,14743351.04,8.08,0.594,2777158.02,1475709.84,2126433.93,2090086.05,2293341.95,2495937.74,1701147.14,3.9
DC-0326,6.23,air-cooled,76.8,0.0985,171.05,1.532,10659356.78,12.1,0.754,2782748.19,1547660.4,2165204.3,2134291.71,2282154.78,2440794.4,1732163.44,3.2
DC-0327,41.53,air-cooled,66.4,0.1348,172.27,1.614,11483893.68,12.62,5.241,23363670.71,10834404.84,17099037.77,15640489.78,16527252.64,17563346.9,13679230.22,2.7
DC-0328,30.98,hybrid,68.3,0.1255,186.34,1.273,13252041.18,8.11,2.512,10913154.86,5617032.96,8265093.91,8310876.86,9192992.7,10048620.41,6612075.13,4.2
DC-0329,27.09,liquid-cooled,85.7,0.0883,204.67,1.046,17743490.35,2.85,0.772,3668611.34,1896062.88,2782337.11,2231254.61,3349257.36,4536406.74,2225869.69,11.0
DC-0330,27.19,hybrid,73.3,0.1485,199.8,1.251,13490810.83,8.26,2.246,10388499.77,5385009.6,7886754.68,7775712.23,8642730.65,9418785.86,6309403.74,3.9
DC-0331,16.28,air-cooled,61.9,0.1232,197.59,1.58,11490007.51,12.41,2.02,8602213.56,4789581.6,6695897.58,6251066.69,6617370.99,7051680.14,5356718.06,2.7
DC-0332,8.02,hybrid,80.4,0.1121,179.32,1.244,12989665.75,8.13,0.652,2678543.41,1402999.68,2040771.54,2081438.9,2305369.99,2535725.04,1632617.23,4.4
DC-0333,17.47,air-cooled,74.4,0.1124,179.09,1.502,11926061.49,12.15,2.123,8766166.63,4562496.84,6664331.74,6279790.01,6656115.51,7098780.05,5331465.39,2.9
DC-0334,9.57,air-cooled,41.7,0.0797,189.19,1.586,9987686.91,14.13,1.352,4497815.72,3069418.56,3783617.14,3708605.97,3938993.04,4186892.21,3026893.71,2.8
DC-0335,35.88,air-cooled,77.1,0.1319,182.05,1.586,11531635.04,12.0,4.306,18925385.64,9406887.6,14166136.62,13542507.64,14487670.88,15267796.31,11332909.3,2.8
DC-0336,14.62,hybrid,76.7,0.1252,197.34,1.277,13620031.02,9.21,1.347,5963473.24,3189803.76,4576638.5,4027353.24,4440815.33,4886662.84,3661310.8,3.6
DC-0337,8.5,air-cooled,72.2,0.1161,196.45,1.569,11488611.77,12.05,1.024,4248324.42,2413977.6,3331151.01,3178755.37,3391691.06,3607086.34,2664920.81,2.9
DC-0338,12.72,air-cooled,82.7,0.1456,192.87,1.565,11195155.88,12.88,1.638,7344629.93,3791052.72,5567841.32,5059885.49,5379630.21,5667479.81,4454273.06,2.6
DC-0339,22.88,air-cooled,63.9,0.0923,146.11,1.611,10105947.76,12.16,2.782,9871473.52,4877736.24,7374604.88,7323157.74,7831726.22,8373701.91,5899683.9,3.5
DC-0340,10.48,liquid-cooled,76.0,0.1081,185.92,1.082,18509753.84,3.8,0.398,2044878.24,887953.92,1466416.08,862139.85,1289887.13,1750022.5,1173132.86,8.0
DC-0341,8.52,hybrid,53.2,0.103,182.37,1.241,11985919.72,8.47,0.722,2731518.91,1580053.68,2155786.3,2187829.91,2431602.79,2658099.32,1724629.04,4.4
DC-0342,19.98,air-cooled,76.9,0.1144,186.52,1.566,10117366.99,12.64,2.525,9639594.73,5651556.0,7645575.36,7366272.78,7817309.71,8326428.1,6116460.29,2.9
DC-0343,20.0,hybrid,95.4,0.1213,172.69,1.263,14910420.44,9.81,1.962,9134042.75,4065813.36,6599928.06,5213939.35,5759012.3,6354196.57,5279942.45,3.4
DC-0344,10.96,air-cooled,60.1,0.1286,164.13,1.537,10375965.18,12.04,1.32,5329177.75,2599819.2,3964498.48,3982224.97,4246776.77,4513027.37,3171598.78,3.1
DC-0345,11.28,hybrid,62.9,0.1131,190.95,1.232,13178661.26,8.97,1.012,4198993.22,2318896.8,3258945.01,2986324.74,3318757.24,3621313.5,2607156.01,3.9
DC-0346,19.8,air-cooled,63.5,0.1025,178.66,1.524,10586254.55,12.9,2.554,9503180.16,5475571.68,7489375.92,6969625.57,7430025.69,7942966.56,5991500.74,3.0
DC-0347,5.16,liquid-cooled,73.6,0.1537,192.62,1.076,17603160.31,2.27,0.117,627184.67,270438.48,448811.58,448169.32,677027.61,935437.04,359049.26,12.9
DC-0348,5.33,air-cooled,59.2,0.1682,173.94,1.655,10367824.17,12.48,0.665,3153756.44,1388041.2,2270898.82,2156572.43,2273954.81,2437874.41,1816719.06,2.6
DC-0349,9.26,hybrid,77.1,0.1229,205.24,1.27,13394157.87,8.38,0.776,3370762.89,1911194.88,2640978.88,2561892.06,2808685.47,3094354.6,2112783.1,3.9
DC-0350,13.86,air-cooled,82.2,0.1049,199.02,1.671,10208791.4,12.54,1.738,6611599.34,4150761.12,5381180.23,5070007.91,5428644.37,5792234.72,4304944.18,2.9
DC-0351,21.09,air-cooled,78.4,0.1495,188.45,1.586,11330447.6,12.35,2.605,11969804.54,5890947.0,8930375.77,8415656.35,8934777.27,9467974.59,7144300.62,2.7
DC-0352,53.53,air-cooled,50.8,0.0911,180.8,1.51,10878371.77,12.17,6.515,23600263.76,14134944.0,18867603.88,18351560.28,19695528.45,21055826.25,15094083.1,3.2
DC-0353,32.66,air-cooled,83.9,0.1133,196.79,1.633,11007431.87,12.12,3.958,16096637.95,9346737.84,12721687.9,12137676.38,12973492.48,13797052.72,10177350.32,2.9
DC-0354,14.47,air-cooled,83.2,0.1061,189.89,1.6,11014976.89,12.66,1.832,7208682.29,4174541.76,5691612.02,5240440.89,5587588.61,5962428.38,4553289.62,2.9
DC-0355,16.2,hybrid,82.0,0.0968,187.58,1.241,12836783.97,8.59,1.392,5435686.15,3133336.32,4284511.24,4177333.3,4618538.06,5024991.65,3427608.99,4.3
DC-0356,7.37,air-cooled,76.5,0.1144,199.64,1.543,10756387.91,12.74,0.939,3696483.0,2249543.52,2973013.26,2802426.21,2960722.72,3164409.33,2378410.61,2.8
DC-0357,16.2,hybrid,74.6,0.1027,205.4,1.246,12893365.07,8.22,1.332,5309563.3,3283113.6,4296338.45,4353041.05,4808810.74,5267850.12,3437070.76,4.2
DC-0358,13.05,hybrid,84.4,0.1203,165.21,1.234,12863203.7,8.25,1.077,4479149.8,2135174.04,3307161.92,3336568.04,3707141.59,4072436.47,2645729.54,4.4
DC-0359,21.29,hybrid,95.1,0.1205,168.24,1.294,13481727.83,9.11,1.94,8462008.47,3916627.2,6189317.84,5481102.31,6051635.75,6702407.97,4951454.27,3.9
DC-0360,8.48,hybrid,60.6,0.1076,172.3,1.228,13356976.73,9.64,0.817,3370697.21,1689229.2,2529963.2,2152169.82,2381296.5,2629970.02,2023970.56,3.8
DC-0361,24.92,hybrid,84.9,0.1126,161.46,1.2,12992983.14,9.2,2.293,9334758.94,4442733.36,6888746.15,6273961.89,6939325.18,7641794.86,5510996.92,4.1
DC-0362,56.05,air-cooled,71.0,0.1154,183.06,1.636,11575779.79,12.35,6.922,29253994.88,15205695.84,22229845.36,20456922.28,21829322.34,23256406.24,17783876.29,2.8
DC-0363,15.07,hybrid,70.4,0.1362,193.0,1.258,14164865.61,8.66,1.305,6066531.07,3022380.0,4544455.54,4185486.31,4624557.14,5113683.19,3635564.43,3.7
DC-0364,22.68,air-cooled,53.6,0.117,183.68,1.49,12294016.71,12.1,2.744,11687065.11,6048215.04,8867640.07,8317116.87,8884614.14,9458545.84,7094112.06,2.9
DC-0365,28.56,hybrid,68.6,0.1365,175.99,1.277,12194920.25,8.37,2.39,10126292.0,5047393.2,7586842.6,7715273.63,8486450.75,9288484.6,6069474.08,4.2
DC-0366,11.93,hybrid,60.0,0.1317,200.9,1.297,12565698.07,8.82,1.052,4511729.1,2536161.6,3523945.35,3339279.65,3685843.53,4038208.61,2819156.28,3.8
DC-0367,19.67,air-cooled,66.4,0.1314,186.11,1.549,11072074.74,12.92,2.541,10782629.8,5674866.12,8228747.96,7516037.32,7992461.6,8520828.49,6582998.37,2.7
DC-0368,16.61,air-cooled,58.8,0.1478,189.14,1.598,11398544.69,12.48,2.073,9539915.48,4705046.64,7122481.06,6597803.28,7019374.5,7399457.31,5697984.85,2.6
DC-0369,17.78,air-cooled,66.6,0.0976,201.31,1.548,9691717.03,12.36,2.198,7642924.6,5309752.56,6476338.58,6435176.76,6902859.04,7360707.01,5181070.86,3.1
DC-0370,8.86,hybrid,67.1,0.1105,182.15,1.273,13427042.51,8.42,0.746,3145155.22,1630606.8,2387881.01,2295445.15,2526281.61,2784237.36,1910304.81,4.2
DC-0371,16.77,liquid-cooled,73.2,0.1553,214.9,1.101,17862868.9,3.48,0.584,3192936.87,1506019.2,2349478.04,1566397.06,2378935.05,3142883.36,1879582.43,8.0
DC-0372,24.49,air-cooled,52.6,0.1149,177.28,1.553,10637203.24,12.37,3.029,11894745.83,6443773.44,9169259.64,8854270.58,9434587.32,10073901.14,7335407.71,3.0
DC-0373,52.51,hybrid,54.7,0.0637,213.97,1.236,13903417.66,9.59,5.036,19032812.65,12930635.04,15981723.84,13402212.87,14779390.84,16278197.63,12785379.07,3.7
DC-0374,35.42,liquid-cooled,76.3,0.1159,169.38,1.092,18695653.48,3.16,1.119,5889610.09,2274434.64,4082022.36,2870615.12,4303317.83,5797822.52,3265617.89,9.8
DC-0375,92.07,air-cooled,62.4,0.1227,191.76,1.501,11455508.3,12.05,11.094,46140183.0,25528625.28,35834404.14,34733538.31,37161793.75,39573221.61,28667523.31,2.9
DC-0376,8.9,air-cooled,84.9,0.0677,174.36,1.615,10341586.53,12.47,1.11,3614059.34,2322475.2,2968267.27,2886682.68,3067840.71,3266169.52,2374613.82,3.4
DC-0377,33.04,hybrid,74.7,0.1467,200.79,1.218,13447018.55,9.14,3.02,13751474.57,7276629.6,10514052.09,9462434.11,10474482.0,11457378.84,8411241.67,3.5
DC-0378,19.04,hybrid,79.3,0.1057,176.83,1.221,13599229.44,9.1,1.733,7196479.99,3677356.68,5436918.34,4879397.06,5446522.68,5959664.28,4349534.67,3.9
DC-0379,94.81,liquid-cooled,88.9,0.1266,188.36,1.092,17646056.83,4.39,4.162,21361013.15,9407451.84,15384232.5,7906512.57,12105214.3,15970029.87,12307386.0,6.9
DC-0380,8.61,air-cooled,68.3,0.1155,174.24,1.61,10674364.43,12.89,1.11,4441161.93,2320876.8,3381019.36,3069294.95,3298721.59,3512597.6,2704815.49,2.9
DC-0381,8.4,air-cooled,65.1,0.0942,198.06,1.619,11882946.82,12.71,1.068,4247052.26,2538336.96,3392694.61,3019159.71,3205712.15,3426678.89,2714155.69,2.8
DC-0382,10.18,air-cooled,82.5,0.0986,174.16,1.587,11574204.02,12.21,1.243,4900893.4,2597770.56,3749331.98,3484358.52,3748562.6,3963774.94,2999465.58,3.1
DC-0383,3.01,air-cooled,78.1,0.1013,209.25,1.513,10744630.75,12.44,0.374,1395137.35,939114.0,1167125.68,1119979.14,1198737.99,1275069.18,933700.54,2.9
DC-0384,10.8,air-cooled,69.8,0.1417,169.06,1.593,11756737.24,12.02,1.298,5957802.39,2633278.56,4295540.47,4076091.49,4314270.41,4600029.91,3436432.38,2.8
DC-0385,8.96,hybrid,88.7,0.117,163.82,1.249,12888309.76,9.35,0.838,3472834.5,1647373.92,2560104.21,2255970.87,2509174.69,2762745.55,2048083.37,3.9
DC-0386,18.55,air-cooled,69.5,0.1096,198.27,1.585,11272490.88,12.86,2.386,9607825.82,5676866.64,7642346.23,6933100.11,7378900.08,7830955.6,6113876.98,2.7
DC-0387,21.62,hybrid,72.4,0.1013,175.13,1.211,14511690.06,9.66,2.088,8977245.09,4388057.28,6682651.18,5416309.99,6009694.4,6613982.58,5346120.94,3.6
DC-0388,73.77,air-cooled,72.3,0.1439,183.89,1.609,10436728.22,12.53,9.243,40184131.19,20396343.24,30290237.21,28678344.37,30621433.95,32446306.0,24232189.77,2.7
DC-0389,35.18,hybrid,60.8,0.1493,179.17,1.235,13859583.76,9.33,3.282,15409398.55,7056431.28,11232914.92,9679973.22,10660473.85,11682561.79,8986331.94,3.5
DC-0390,10.37,air-cooled,72.9,0.1437,164.31,1.607,11210991.0,12.09,1.254,5660859.74,2472536.88,4066698.31,3886584.23,4142914.76,4384621.55,3253358.65,2.9
DC-0391,8.01,air-cooled,88.8,0.1298,182.85,1.564,10838672.22,12.31,0.986,4128319.78,2163481.2,3145900.49,3029683.01,3224141.78,3403460.11,2516720.39,2.9
DC-0392,24.37,air-cooled,77.3,0.1258,202.97,1.665,10651827.53,12.75,3.107,13055353.33,7567533.48,10311443.41,9451547.95,10092578.08,10706723.35,8249154.73,2.7
DC-0393,5.72,liquid-cooled,72.4,0.0957,199.05,1.061,18346657.3,2.29,0.131,650612.18,312906.6,481759.39,459771.68,713405.2,960598.07,385407.51,13.4
DC-0394,71.18,hybrid,70.1,0.1151,187.48,1.285,12489956.25,8.51,6.057,24659140.25,13626796.32,19142968.28,18644682.45,20805625.85,22831693.16,15314374.62,4.2
DC-0395,42.25,air-cooled,76.0,0.1063,200.68,1.547,11005771.62,12.94,5.467,21246264.68,13165410.72,17205837.7,15667969.01,16657280.96,17735992.66,13764670.16,2.8
DC-0396,11.3,air-cooled,81.0,0.0835,168.11,1.612,10933734.14,12.21,1.38,4980188.46,2783901.6,3882045.03,3714115.75,3973937.58,4266639.97,3105636.02,3.3
DC-0397,4.18,liquid-cooled,79.3,0.1411,179.12,1.085,18584110.61,3.46,0.145,793280.71,311668.8,552474.76,359976.21,541104.08,725732.33,441979.81,8.5
DC-0398,48.57,air-cooled,68.0,0.1061,189.94,1.609,10883819.31,12.51,6.076,23782004.99,13848905.28,18815455.13,17735769.49,18782760.8,19958677.75,15052364.1,2.9
DC-0399,15.0,air-cooled,75.9,0.1439,182.04,1.512,10890938.65,12.47,1.87,8089959.14,4084977.6,6087468.37,5840875.18,6221482.51,6624518.61,4869974.7,2.8
DC-0400,44.27,hybrid,77.8,0.1376,180.3,1.234,13958407.04,8.8,3.896,17879921.43,8429385.6,13154653.52,12005401.08,13191610.28,14541056.26,10523722.82,3.8
DC-0401,4.59,liquid-cooled,59.9,0.1311,165.99,1.081,16670038.78,4.16,0.191,944669.26,380449.08,662559.17,374897.8,573629.97,775003.16,530047.34,7.8
DC-0402,10.18,air-cooled,74.0,0.1323,152.78,1.53,11808643.02,12.85,1.308,5751712.0,2398034.88,4074873.44,3641514.38,3897375.99,4159984.09,3259898.75,2.8
DC-0403,16.51,air-cooled,46.1,0.1077,196.27,1.559,11410106.48,13.72,2.265,9074543.31,5334618.6,7204580.96,6469768.49,6871619.0,7313996.17,5763664.77,2.6
DC-0404,17.07,liquid-cooled,77.8,0.1572,187.65,1.095,17152821.07,4.91,0.838,4457851.49,1887008.4,3172429.94,1513042.44,2241618.68,3082201.89,2537943.95,6.1
DC-0405,11.47,air-cooled,79.9,0.1209,197.53,1.638,11543184.67,12.7,1.457,6265000.55,3453614.52,4859307.54,4390944.5,4650249.57,4912649.35,3887446.03,2.7
DC-0406,27.07,air-cooled,81.0,0.126,177.44,1.584,11810806.02,12.2,3.303,14443950.96,7033011.84,10738481.4,10030696.06,10661733.17,11459885.43,8590785.12,2.8
DC-0407,7.0,hybrid,67.3,0.107,173.31,1.256,13497712.48,8.0,0.56,2338988.73,1164643.2,1751815.96,1768135.84,1981606.43,2168912.03,1401452.77,4.5
DC-0408,14.67,liquid-cooled,75.7,0.1014,184.1,1.106,16648209.71,2.25,0.33,1545067.31,729036.0,1137051.66,1198338.62,1789005.92,2413601.08,909641.33,14.5
DC-0409,18.11,air-cooled,89.1,0.1295,196.81,1.594,10884843.53,12.42,2.249,9506791.97,5311508.28,7409150.12,7023748.58,7477294.03,7950058.56,5927320.1,2.7
DC-0410,24.82,liquid-cooled,89.0,0.1244,180.53,1.085,18038595.97,3.74,0.928,4817200.79,2010382.08,3413791.44,2043502.2,3137070.28,4278707.16,2731033.15,8.2
DC-0411,29.06,hybrid,71.6,0.1042,196.03,1.243,13037573.42,9.37,2.723,10978697.58,6405476.28,8692086.93,7669908.41,8503627.85,9315005.03,6953669.54,3.8
DC-0412,6.69,air-cooled,73.7,0.0912,168.91,1.612,11634532.14,12.54,0.839,3249696.8,1700585.88,2475141.34,2226657.39,2396521.71,2556390.41,1980113.07,3.0
DC-0413,4.82,liquid-cooled,85.3,0.0946,181.58,1.075,18265712.67,3.26,0.157,777133.59,342096.72,559615.16,407058.59,604387.09,789884.96,447692.13,9.7
DC-0414,45.7,air-cooled,54.0,0.1439,182.95,1.582,11282963.37,12.69,5.799,26104415.63,12731124.6,19417770.11,17772166.92,18906466.68,19994149.29,15534216.09,2.6
DC-0415,21.45,air-cooled,68.1,0.1077,202.4,1.655,9954466.42,12.86,2.758,10407359.08,6698630.4,8552994.74,7970823.13,8498054.19,9038325.5,6842395.79,2.8
DC-0416,9.04,hybrid,88.0,0.1132,187.11,1.263,13775256.7,9.32,0.843,3636364.27,1892804.76,2764584.52,2398116.65,2654634.94,2907903.14,2211667.62,3.7
DC-0417,56.88,air-cooled,83.7,0.149,210.19,1.563,11043894.81,12.41,7.059,31725185.81,17804774.52,24764980.16,23477288.21,24908128.77,26438086.96,19811984.13,2.6
DC-0418,18.04,air-cooled,76.4,0.0976,163.78,1.607,11050219.11,12.4,2.237,8566704.87,4396510.32,6481607.6,6085535.34,6522240.34,6925749.47,5185286.08,3.1
DC-0419,42.24,air-cooled,53.9,0.1055,185.95,1.627,11602185.67,12.07,5.098,20809548.34,11375677.2,16092612.77,15213708.92,16197360.15,17147417.18,12874090.22,3.0
DC-0420,17.36,air-cooled,71.4,0.1046,186.69,1.685,11041984.71,12.16,2.111,8439214.66,4729231.08,6584222.87,6248507.43,6641579.17,7093289.12,5267378.3,3.0
DC-0421,85.51,hybrid,64.9,0.1524,193.3,1.225,13508516.92,8.75,7.482,34696256.51,17355247.2,26025751.85,24226800.51,26808012.11,29664702.84,20820601.48,3.7
DC-0422,66.97,hybrid,76.0,0.1599,171.8,1.276,13796400.55,9.38,6.282,30487743.42,12950971.2,21719357.31,18459382.51,20360483.39,22670064.69,17375485.85,3.5
DC-0423,13.47,liquid-cooled,62.3,0.135,209.27,1.077,18507184.71,2.93,0.395,2127615.33,991939.8,1559777.56,1186838.61,1799578.79,2390981.4,1247822.05,9.7
DC-0424,35.78,air-cooled,59.7,0.1357,184.19,1.593,10382906.03,12.61,4.512,18954742.92,9972783.36,14463763.14,13725422.27,14606112.61,15515960.51,11571010.51,2.8
DC-0425,27.56,air-cooled,47.2,0.1084,167.69,1.626,10144574.87,13.35,3.679,13974216.31,7403178.12,10688697.22,10088248.89,10749383.33,11433615.16,8550957.78,2.9
DC-0426,49.15,air-cooled,86.7,0.1589,183.76,1.504,10966101.12,12.63,6.208,28124879.74,13689384.96,20907132.35,19746190.35,20981286.31,22348909.71,16725705.88,2.6
DC-0427,7.6,air-cooled,67.2,0.1254,179.3,1.542,11169437.3,12.62,0.959,4004774.74,2063384.4,3034079.57,2823778.98,3003911.62,3197117.53,2427263.66,2.8
DC-0428,28.47,air-cooled,73.9,0.1371,225.75,1.608,11566979.85,12.07,3.436,15467640.31,9308124.0,12387882.16,11796781.27,12488195.85,13328442.14,9910305.73,2.6
DC-0429,38.35,hybrid,72.0,0.1179,199.75,1.269,15154560.47,8.07,3.095,14479364.43,7418715.0,10949039.72,10422271.79,11518455.33,12699336.1,8759231.78,3.9
DC-0430,4.03,liquid-cooled,59.2,0.1146,184.74,1.066,17618476.5,2.67,0.108,538419.97,239423.04,388921.5,336143.06,503195.99,680936.69,311137.2,11.7
DC-0431,6.38,liquid-cooled,56.9,0.1533,182.32,1.144,16429535.97,4.01,0.256,1327947.45,560087.04,944017.24,549296.67,835121.18,1127924.26,755213.79,7.6
DC-0432,3.22,air-cooled,59.9,0.1308,198.27,1.506,10876490.52,12.25,0.394,1632178.39,937420.56,1284799.48,1253715.46,1333740.25,1426875.34,1027839.58,2.8
DC-0433,13.26,liquid-cooled,63.3,0.149,198.98,1.076,17252266.2,2.56,0.339,1775775.28,809450.64,1292612.96,1150608.7,1718347.88,2403004.0,1034090.37,11.5
DC-0434,29.2,air-cooled,76.4,0.1251,140.33,1.654,10784727.77,12.29,3.589,15106765.24,6043732.44,10575248.84,9990970.35,10686769.35,11401351.23,8460199.07,3.1
DC-0435,54.7,air-cooled,62.5,0.103,193.64,1.622,11254965.09,12.03,6.58,26087077.96,15289814.4,20688446.18,19943451.69,21193893.34,22392788.6,16550756.94,3.0
DC-0436,17.45,liquid-cooled,93.0,0.1083,184.42,1.119,17918625.84,4.7,0.82,4135687.31,1814692.8,2975190.06,1439248.04,2217690.17,2883203.25,2380152.05,6.6
DC-0437,60.52,hybrid,84.3,0.1221,164.33,1.235,14170820.72,8.55,5.174,23127895.55,10202921.04,16665408.3,15484255.74,17121879.68,18803621.32,13332326.64,4.1
DC-0438,5.45,air-cooled,81.7,0.1075,197.2,1.563,11088900.3,12.39,0.675,2656852.09,1597320.0,2127086.04,2008175.59,2145184.98,2281342.15,1701668.83,2.9
DC-0439,4.21,air-cooled,70.6,0.0979,217.69,1.66,11265490.78,12.71,0.535,2100979.79,1397569.8,1749274.8,1584958.79,1688616.05,1792524.23,1399419.84,2.7
DC-0440,15.73,air-cooled,90.2,0.144,192.35,1.691,10489701.17,12.36,1.944,8678287.66,4487140.8,6582714.23,6228669.41,6616766.66,7010895.0,5266171.38,2.7
DC-0441,22.36,hybrid,69.4,0.1091,200.51,1.255,12057994.61,9.35,2.091,8110942.87,5031196.92,6571069.9,5955095.75,6587380.48,7353042.57,5256855.92,3.8
DC-0442,16.02,air-cooled,71.6,0.1228,211.06,1.619,11358174.14,12.34,1.977,8433174.89,5007187.44,6720181.17,6319264.4,6706843.67,7080776.68,5376144.94,2.7
DC-0443,3.15,liquid-cooled,74.0,0.1259,171.55,1.106,17338781.22,4.54,0.143,725417.86,294379.8,509898.83,261096.36,392401.83,537090.59,407919.06,6.9
DC-0444,15.31,air-cooled,80.4,0.1082,156.14,1.618,11412875.35,12.97,1.986,8082596.38,3721128.48,5901862.43,5215556.78,5556171.31,5907164.18,4721489.94,2.9
DC-0445,5.79,air-cooled,79.6,0.149,193.85,1.617,11104992.69,12.63,0.731,3346773.29,1700452.2,2523612.74,2333994.6,2471885.26,2614430.4,2018890.19,2.6
DC-0446,28.1,air-cooled,66.3,0.0977,180.29,1.649,10773528.05,12.26,3.445,13109662.57,7453188.6,10281425.59,9765138.73,10445949.97,11107603.09,8225140.47,3.1
DC-0447,22.05,air-cooled,65.6,0.1252,163.39,1.595,10935109.33,12.88,2.84,11869336.21,5568331.2,8718833.7,7865310.02,8402842.35,8955158.18,6975066.96,2.8
DC-0448,7.75,air-cooled,79.7,0.1249,182.83,1.56,11318782.28,12.14,0.941,3973013.41,2064516.36,3018764.88,2864201.97,3075481.01,3297198.55,2415011.9,2.9
DC-0449,10.9,hybrid,80.6,0.1189,194.91,1.22,14323437.3,8.06,0.879,3914797.16,2055910.68,2985353.92,2933346.87,3238756.46,3569430.34,2388283.14,4.1
DC-0450,7.05,liquid-cooled,67.3,0.0941,181.77,1.087,19604813.08,2.26,0.159,835172.4,346817.16,590994.78,566252.24,854319.54,1165494.63,472795.82,13.4
DC-0451,15.64,liquid-cooled,53.0,0.1374,172.2,1.076,18154428.86,4.52,0.707,3767897.78,1460944.8,2614421.29,1312211.45,2053213.04,2687137.4,2091537.03,6.7
DC-0452,35.31,hybrid,69.5,0.1349,180.65,1.21,14630186.26,8.69,3.068,14361426.25,6650810.4,10506118.32,9541473.44,10434904.17,11568830.99,8404894.66,3.8
DC-0453,7.47,liquid-cooled,79.5,0.1065,183.71,1.126,17635469.0,2.62,0.196,974018.78,432085.92,703052.35,593880.02,941913.47,1260945.66,562441.88,12.0
DC-0454,24.61,hybrid,93.7,0.1341,155.06,1.258,13448999.38,9.44,2.323,10375584.85,4322452.56,7349018.7,6364195.99,6989492.87,7690798.24,5879214.96,3.8
DC-0455,10.76,hybrid,57.6,0.1275,181.86,1.233,14303985.83,9.64,1.037,4724365.86,2263065.84,3493715.85,2874797.32,3178252.51,3516838.07,2794972.68,3.5
DC-0456,8.72,air-cooled,66.9,0.0944,163.83,1.629,10701506.79,12.13,1.058,3941266.25,2079985.68,3010625.96,2911162.42,3107184.57,3335383.11,2408500.77,3.3
DC-0457,15.1,air-cooled,67.3,0.1029,193.89,1.577,11136550.46,12.87,1.943,7570516.92,4520739.24,6045628.08,5436721.25,5811363.68,6222123.96,4836502.46,2.8
DC-0458,7.18,air-cooled,88.3,0.1428,160.58,1.518,11181606.77,12.79,0.918,4024245.97,1768949.28,2896597.62,2674586.23,2835779.94,3036156.33,2317278.1,2.8
DC-0459,10.56,air-cooled,71.6,0.1262,199.19,1.756,10834145.78,12.65,1.336,5810086.34,3193414.08,4501750.21,4089071.58,4342074.66,4618927.65,3601400.17,2.6
DC-0460,6.31,air-cooled,61.1,0.1087,177.86,1.561,11341763.93,12.55,0.792,3173381.57,1690381.44,2431881.5,2258511.44,2408180.54,2560594.63,1945505.2,2.9
DC-0461,79.18,liquid-cooled,78.7,0.1028,175.86,1.08,17129255.83,2.71,2.146,10255887.52,4528746.72,7392317.12,6385301.94,9446423.73,12865565.56,5913853.7,12.1
DC-0462,16.92,air-cooled,67.1,0.1097,188.42,1.505,10875382.98,12.78,2.162,8351837.64,4888368.48,6620103.06,6148171.02,6583181.09,6983511.24,5296082.45,2.9
DC-0463,9.4,air-cooled,57.3,0.1111,171.01,1.446,10423992.76,12.55,1.18,4394015.67,2421501.6,3407758.64,3299735.96,3528533.47,3774226.07,2726206.91,3.1
DC-0464,19.52,air-cooled,61.3,0.1031,188.18,1.632,10572436.4,12.1,2.362,9030825.69,5333773.92,7182299.8,7019096.96,7478966.2,7956007.36,5745839.84,3.1
DC-0465,15.03,air-cooled,92.8,0.0852,173.02,1.599,11395947.31,12.11,1.82,6781046.24,3778756.8,5279901.52,5029453.12,5343778.88,5713713.34,4223921.22,3.2
DC-0466,13.78,air-cooled,76.6,0.1428,175.65,1.596,10978270.64,12.68,1.747,7749861.09,3682326.6,5716093.84,5283032.51,5610448.35,5988149.47,4572875.07,2.7
DC-0467,26.88,air-cooled,73.3,0.1394,190.08,1.644,10156350.25,12.05,3.239,13812804.44,7388029.44,10600416.94,10487288.79,11181385.26,11902059.74,8480333.55,2.9
DC-0468,30.14,air-cooled,69.0,0.0945,166.92,1.684,10941268.44,12.22,3.683,14089102.39,7377196.32,10733149.36,10153797.34,10811405.57,11591748.33,8586519.49,3.2
DC-0469,10.76,air-cooled,75.5,0.1227,165.03,1.564,11021997.75,12.15,1.307,5398434.58,2588330.52,3993382.55,3865224.54,4120670.95,4382125.64,3194706.04,3.0
DC-0470,10.37,hybrid,75.4,0.102,187.72,1.223,13465253.82,9.66,1.002,4093223.69,2257145.28,3175184.48,2693440.51,2950552.65,3277471.49,2540147.58,3.7
DC-0471,13.2,hybrid,75.5,0.1148,183.6,1.229,14703913.83,8.25,1.089,4904287.32,2399284.8,3651786.06,3478624.01,3836117.27,4216306.95,2921428.85,4.1
DC-0472,2.61,air-cooled,73.4,0.1131,186.53,1.522,11265914.83,12.03,0.314,1259600.72,702845.04,981222.88,953894.84,1020904.69,1080111.19,784978.3,3.0
DC-0473,4.89,air-cooled,82.4,0.1114,188.91,1.569,11055245.71,12.8,0.626,2496395.28,1419091.92,1957743.6,1803160.52,1907650.84,2039010.58,1566194.88,2.8
DC-0474,49.08,air-cooled,72.3,0.1601,184.86,1.602,10758525.92,12.16,5.968,27676898.94,13238933.76,20457916.35,19950111.85,21168707.41,22338188.46,16366333.08,2.7
DC-0475,61.31,hybrid,60.3,0.1112,193.12,1.261,13243070.72,8.81,5.401,22528974.37,12516493.44,17522733.9,16228782.89,17902403.83,19947866.95,14018187.12,3.9
DC-0476,13.47,air-cooled,64.7,0.1038,185.46,1.597,10645326.25,12.72,1.713,6539824.58,3812315.76,5176070.17,4813399.68,5159319.31,5507176.16,4140856.14,2.9
DC-0477,26.08,air-cooled,48.3,0.1047,153.89,1.65,11342317.05,12.94,3.375,13614239.36,6232545.0,9923392.18,9000356.76,9564912.93,10194620.2,7938713.74,3.0
DC-0478,21.09,hybrid,96.3,0.1409,157.78,1.228,13075378.22,9.44,1.991,8802888.65,3769679.76,6286284.2,5526149.97,6066316.18,6691972.07,5029027.36,3.8
DC-0479,193.08,air-cooled,82.4,0.087,212.92,1.578,10589860.98,12.96,25.023,88979981.32,63934765.92,76457373.62,70464322.49,75171025.91,80048051.05,61165898.9,2.8
DC-0480,40.27,air-cooled,62.0,0.1047,184.0,1.63,10864461.38,12.8,5.155,20152519.4,11382240.0,15767379.7,14351884.53,15355568.79,16361305.89,12613903.76,2.9
DC-0481,14.85,air-cooled,68.6,0.1489,198.25,1.555,10718561.14,12.32,1.83,8070644.95,4353570.0,6212107.48,6011051.41,6396554.86,6782774.37,4969685.98,2.7
DC-0482,7.66,liquid-cooled,64.4,0.1249,178.81,1.074,17015341.26,3.38,0.259,1283675.52,555741.48,919708.5,641664.39,961258.46,1295756.42,735766.8,9.4
DC-0483,4.55,liquid-cooled,90.5,0.1238,183.13,1.073,16696497.94,3.61,0.164,799334.11,360399.84,579866.98,381554.55,578829.83,776061.14,463893.58,8.8
DC-0484,19.35,hybrid,55.0,0.1626,177.2,1.215,13326534.03,8.76,1.695,7953056.7,3604248.0,5778652.35,5430688.62,5997102.08,6551304.18,4622921.88,3.8
DC-0485,8.98,air-cooled,73.4,0.1249,220.99,1.63,11159707.4,12.96,1.164,4962547.66,3086788.32,4024667.99,3617892.65,3846745.28,4069624.85,3219734.39,2.5
DC-0486,5.27,air-cooled,70.7,0.1058,187.8,1.588,10718098.98,12.86,0.678,2612721.05,1527940.8,2070330.92,1885076.09,2023752.02,2154671.34,1656264.74,2.9
DC-0487,9.8,liquid-cooled,81.9,0.1144,175.98,1.1,16775907.14,3.47,0.34,1642314.84,717998.4,1180156.62,790927.16,1221839.66,1630887.07,944125.3,9.3
DC-0488,6.92,liquid-cooled,70.8,0.0973,159.23,1.073,16546220.93,4.47,0.309,1418775.78,590424.84,1004600.31,521533.3,789959.74,1098623.1,803680.25,7.7
DC-0489,63.42,air-cooled,50.9,0.1451,213.61,1.591,10702879.11,12.67,8.035,35359620.45,20596276.2,27977948.33,26186426.09,27686779.17,29137639.2,22382358.66,2.6
DC-0490,33.29,hybrid,69.0,0.1315,181.55,1.249,13871976.81,8.69,2.893,13080510.22,6302689.8,9691600.01,8955526.74,9935659.53,10883362.58,7753280.01,3.9
DC-0491,16.34,air-cooled,60.3,0.1425,195.16,1.6,10881867.98,12.15,1.985,8764713.68,4648711.2,6706712.44,6495677.69,6862180.5,7357514.76,5365369.95,2.7
DC-0492,53.73,air-cooled,73.0,0.1443,196.84,1.543,10718655.64,12.84,6.899,29889092.38,16295989.92,23092541.15,21640779.61,22915915.44,24252286.88,18474032.92,2.6
DC-0493,17.49,hybrid,89.2,0.1117,177.06,1.218,14709474.3,9.46,1.655,7382252.16,3516411.6,5449331.88,4519046.21,5026772.41,5486455.49,4359465.5,3.6
DC-0494,8.26,air-cooled,51.1,0.1011,194.09,1.535,11157140.64,12.01,0.992,3808105.32,2310447.36,3059276.34,2973688.3,3177424.24,3394387.16,2447421.07,3.0
DC-0495,55.62,liquid-cooled,62.4,0.119,174.94,1.113,18128120.89,3.79,2.108,10937794.42,4425282.24,7681538.33,4438469.9,6960889.11,9348772.68,6145230.66,8.1
DC-0496,25.31,air-cooled,65.4,0.1025,169.14,1.614,12244090.49,12.32,3.118,13002432.91,6328542.24,9665487.57,8750249.23,9303513.54,9950516.08,7732390.06,2.9
DC-0497,7.17,air-cooled,67.4,0.1233,201.47,1.623,10353512.69,12.29,0.881,3571394.17,2129940.84,2850667.5,2759173.93,2942143.1,3117463.61,2280534.0,2.8
DC-0498,14.12,liquid-cooled,80.9,0.1426,181.63,1.066,17437008.31,2.86,0.404,2103430.99,880542.24,1491986.62,1201109.91,1816221.62,2472228.73,1193589.3,10.6
DC-0499,8.16,liquid-cooled,69.9,0.1166,191.78,1.082,17613564.68,4.71,0.384,1927410.28,883722.24,1405566.26,671891.36,1049773.25,1384782.72,1124453.01,6.5
DC-0500,5.44,air-cooled,77.0,0.123,190.16,1.557,11241031.09,12.92,0.703,2935477.22,1604189.76,2269833.49,2046823.46,2185089.82,2322864.51,1815866.79,2.7
DC-0501,34.5,air-cooled,64.5,0.1181,193.57,1.562,11024646.7,12.52,4.319,17560613.3,10032345.96,13796479.63,12990415.05,13748929.64,14649559.93,11037183.7,2.8
DC-0502,75.76,hybrid,74.8,0.1361,160.65,1.223,13713016.0,9.88,7.485,33723229.75,14429583.0,24076406.38,19890420.99,22108386.43,24086455.19,19261125.1,3.5
DC-0503,5.37,air-cooled,81.3,0.1066,175.22,1.519,11195193.02,12.93,0.694,2710963.3,1459232.16,2085097.73,1911611.48,2021960.31,2162274.3,1668078.18,2.9
DC-0504,25.8,liquid-cooled,63.2,0.0761,179.13,1.093,17728659.84,2.67,0.689,3216483.05,1481046.84,2348764.94,2040412.97,2976022.49,4077978.43,1879011.95,12.4
DC-0505,9.77,liquid-cooled,81.4,0.1294,171.53,1.057,17328935.05,4.58,0.447,2256916.62,920086.92,1588501.77,777184.77,1192251.51,1603999.38,1270801.42,6.9
DC-0506,11.14,air-cooled,72.6,0.1398,190.44,1.591,10776009.72,12.56,1.399,6075974.23,3197106.72,4636540.48,4367711.63,4641149.94,4909872.8,3709232.38,2.7
DC-0507,10.24,air-cooled,84.5,0.1289,201.8,1.592,11321651.53,12.36,1.266,5460956.39,3065745.6,4263351.0,4001831.69,4235129.56,4509121.62,3410680.8,2.7
DC-0508,8.24,air-cooled,69.6,0.1072,204.18,1.647,10777573.22,12.62,1.04,4099334.57,2548166.4,3323750.48,3070549.25,3262361.43,3470004.75,2659000.38,2.8
DC-0509,17.1,liquid-cooled,76.6,0.0973,178.91,1.114,17915768.75,2.91,0.498,2455537.21,1069166.16,1762351.68,1376698.21,2097522.42,2820307.33,1409881.34,10.9
DC-0510,8.46,air-cooled,71.5,0.1299,188.38,1.542,10435045.28,12.03,1.018,4146902.16,2301250.08,3224076.12,3234344.84,3429274.95,3647849.26,2579260.9,3.0
DC-0511,20.42,air-cooled,70.8,0.1228,190.68,1.611,11855015.84,12.42,2.536,11075842.48,5802773.76,8439308.12,7694671.16,8184884.95,8688466.14,6751446.5,2.7
DC-0512,15.8,air-cooled,75.1,0.1175,193.32,1.546,10332720.87,12.18,1.924,7479469.18,4463372.16,5971420.67,5908111.19,6269642.08,6688192.08,4777136.54,3.0
DC-0513,13.58,hybrid,78.4,0.1564,170.83,1.223,13310594.41,8.28,1.124,5208051.91,2304155.04,3756103.48,3751867.93,4132755.6,4512645.72,3004882.78,4.1
DC-0514,7.96,air-cooled,57.0,0.1011,211.31,1.569,10645151.26,12.43,0.989,3713845.38,2507827.08,3110836.23,2983183.45,3158467.95,3380760.61,2488668.98,2.9
DC-0515,10.37,air-cooled,89.2,0.1555,197.9,1.598,10471873.65,12.78,1.325,5967596.84,3146610.0,4557103.42,4256822.61,4514956.87,4768236.11,3645682.74,2.6
DC-0516,30.09,liquid-cooled,49.7,0.1206,198.29,1.106,18214773.84,4.84,1.456,7594740.4,3464522.88,5529631.64,2579054.42,4039563.97,5321964.06,4423705.31,6.1
DC-0517,24.55,liquid-cooled,63.8,0.0833,202.05,1.121,16133352.21,3.51,0.862,3795551.55,2090005.2,2942778.38,1997787.63,3088372.21,4124377.82,2354222.7,9.4
DC-0518,7.52,hybrid,70.9,0.1164,192.01,1.271,12778625.21,9.84,0.74,3060408.7,1705048.8,2382728.75,2031480.51,2231741.63,2442267.9,1906183.0,3.6
DC-0519,17.8,air-cooled,76.9,0.1392,168.59,1.632,11228794.84,12.58,2.239,10042666.15,4529676.12,7286171.14,6668315.82,7071789.98,7526557.46,5828936.91,2.7
DC-0520,30.0,air-cooled,90.9,0.1127,181.92,1.552,11319699.57,12.46,3.738,15130317.17,8160203.52,11645260.34,10817619.97,11587067.39,12322265.67,9316208.27,2.9
DC-0521,4.33,hybrid,49.7,0.0905,159.23,1.213,13895313.6,9.7,0.42,1700785.63,802519.2,1251652.42,1049919.0,1169405.34,1281596.93,1001321.94,3.9
DC-0522,25.4,air-cooled,65.9,0.1167,190.23,1.633,11026880.77,12.45,3.162,13026873.32,7218087.12,10122480.22,9483544.24,10028173.74,10734182.95,8097984.18,2.8
DC-0523,9.68,liquid-cooled,46.5,0.1029,181.46,1.056,17257561.35,3.6,0.348,1665839.9,757776.96,1211808.43,1026775.26,1410705.68,1800440.57,969446.74,9.0
DC-0524,25.96,hybrid,72.4,0.1298,183.39,1.296,14224537.25,9.75,2.531,11730229.51,5569921.08,8650075.3,6980902.98,7666154.97,8445892.86,6920060.24,3.4
DC-0525,8.93,air-cooled,75.3,0.1355,202.06,1.627,10510008.97,12.71,1.135,4842788.5,2752057.2,3797422.85,3535684.23,3755995.46,3978569.3,3037938.28,2.6
DC-0526,3.88,liquid-cooled,91.1,0.0989,177.15,1.104,18006579.13,3.06,0.119,589993.42,252970.2,421481.81,314398.04,479935.57,643886.65,337185.45,10.4
DC-0527,4.47,liquid-cooled,73.4,0.1059,180.22,1.072,17588308.55,2.24,0.1,490299.03,216264.0,353281.52,370736.01,559311.91,731465.24,282625.22,14.2
DC-0528,17.09,air-cooled,84.5,0.1351,184.33,1.543,11738972.77,12.11,2.07,9179961.65,4578757.2,6879359.43,6526618.52,6937332.63,7355971.42,5503487.54,2.8
DC-0529,20.24,air-cooled,79.0,0.1028,156.4,1.496,11970503.9,12.36,2.502,10026269.27,4695753.6,7361011.44,6761059.43,7235651.35,7724865.66,5888809.15,3.1
DC-0530,7.98,air-cooled,66.8,0.0984,180.01,1.588,11120397.22,12.93,1.032,3962910.93,2229243.84,3096077.38,2778630.99,2967760.03,3165209.77,2476861.9,2.9
DC-0531,27.41,air-cooled,55.1,0.0964,146.71,1.571,10392755.81,12.82,3.514,12777445.98,6186467.28,9481956.63,8817738.5,9452547.85,10190001.82,7585565.3,3.3
DC-0532,4.35,air-cooled,75.3,0.127,175.22,1.543,10678212.39,12.9,0.561,2294240.04,1179581.04,1736910.54,1605556.46,1711722.58,1823039.38,1389528.43,2.8
DC-0533,15.6,hybrid,54.1,0.1262,196.83,1.206,13301026.38,9.62,1.501,6437835.7,3545301.96,4991568.83,4273956.9,4726576.23,5189800.48,3993255.06,3.5
DC-0534,6.24,liquid-cooled,87.5,0.1063,190.71,1.122,18183102.03,4.66,0.291,1479875.34,665959.32,1072917.33,498182.55,736424.73,1041054.99,858333.86,6.5
DC-0535,9.76,air-cooled,70.1,0.1201,175.08,1.527,11372251.29,12.52,1.222,5051365.52,2567373.12,3809369.32,3553653.59,3783045.42,4022361.33,3047495.46,2.9
DC-0536,17.08,air-cooled,86.3,0.1505,184.61,1.473,11115176.3,12.22,2.087,9207870.96,4623372.84,6915621.9,6727380.1,7181822.34,7651262.99,5532497.52,2.8
DC-0537,8.26,hybrid,66.2,0.1005,167.88,1.274,13169136.32,8.32,0.687,2781030.18,1384002.72,2082516.45,2046237.74,2280221.8,2491777.01,1666013.16,4.5
DC-0538,12.09,air-cooled,75.2,0.081,183.96,1.591,11342445.88,12.64,1.528,5576364.93,3373090.56,4474727.74,4062984.01,4347305.82,4666396.83,3579782.19,3.0
DC-0539,36.78,liquid-cooled,74.5,0.1291,227.95,1.096,17776718.34,4.79,1.762,9144543.52,4819774.8,6982159.16,3446318.48,5061428.61,6789279.4,5585727.33,5.9
DC-0540,10.37,air-cooled,71.5,0.1178,211.69,1.592,11298907.92,12.36,1.282,5325040.58,3256638.96,4290839.77,4024660.23,4270182.11,4531651.16,3432671.82,2.7
DC-0541,32.09,air-cooled,66.8,0.1058,184.79,1.565,10997065.8,12.57,4.034,15709392.08,8945314.32,12327353.2,11415360.34,12211719.88,12991606.19,9861882.56,2.9
DC-0542,6.66,air-cooled,76.7,0.133,186.4,1.63,11864673.02,12.07,0.804,3646682.22,1798387.2,2722534.71,2551629.2,2711595.26,2869967.3,2178027.77,2.8
DC-0543,25.12,hybrid,60.9,0.1368,169.31,1.219,12901632.75,9.57,2.404,10404127.58,4884254.88,7644191.23,6661584.27,7385806.42,8064307.38,6115352.98,3.7
DC-0544,52.1,air-cooled,57.5,0.0758,171.97,1.614,10142150.01,12.98,6.763,22490491.93,13956397.32,18223444.62,17097091.28,18172227.94,19356511.56,14578755.7,3.2
DC-0545,2.28,hybrid,86.9,0.1069,189.43,1.219,14137984.83,9.61,0.219,938042.62,497822.04,717932.33,603082.89,666608.43,734017.66,574345.86,3.6
DC-0546,8.69,air-cooled,80.7,0.1664,176.13,1.608,10748157.35,12.62,1.097,5191446.23,2318575.32,3755010.78,3501756.24,3702402.43,3948792.55,3004008.62,2.6
DC-0547,26.09,air-cooled,72.8,0.1317,197.56,1.604,10476132.22,12.65,3.3,13789219.45,7823376.0,10806297.72,10240966.51,10800020.57,11479572.07,8645038.18,2.7
DC-0548,13.98,air-cooled,92.0,0.1335,207.55,1.609,10438187.58,12.68,1.773,7448831.11,4415833.8,5932332.46,5559218.71,5951917.77,6289482.25,4745865.97,2.7
DC-0549,22.13,liquid-cooled,68.8,0.1435,188.99,1.065,17576639.7,2.23,0.493,2585631.59,1118064.84,1851848.22,1938250.99,2875435.07,3905860.78,1481478.58,13.4
DC-0550,10.14,liquid-cooled,87.9,0.1203,185.53,1.083,16407952.4,4.73,0.48,2298003.54,1068652.8,1683328.17,847032.99,1297009.05,1728643.84,1346662.54,6.8
DC-0551,17.62,air-cooled,74.1,0.1359,158.79,1.513,12217562.14,12.25,2.158,9745994.35,4112025.84,6929010.1,6425939.1,6845838.55,7317836.39,5543208.08,2.9
DC-0552,14.52,air-cooled,59.7,0.1344,195.21,1.554,10964247.95,12.82,1.861,7939197.44,4359429.72,6149313.58,5635422.42,6029968.69,6369297.07,4919450.86,2.7
DC-0553,41.86,air-cooled,94.2,0.1308,166.84,1.587,10897973.02,12.6,5.274,22362651.72,10558969.92,16460810.82,15386860.08,16375513.1,17343962.42,13168648.66,2.9
DC-0554,20.16,air-cooled,83.9,0.1136,177.73,1.58,11442138.91,12.67,2.554,10509741.71,5447069.04,7978405.38,7261854.01,7746733.63,8202401.59,6382724.3,2.8
DC-0555,21.54,air-cooled,70.5,0.1234,198.39,1.586,11160564.51,12.18,2.624,11006541.37,6246904.32,8626722.84,8288984.59,8762029.02,9303291.14,6901378.27,2.8
DC-0556,11.83,liquid-cooled,80.7,0.1082,199.45,1.094,17340232.99,2.14,0.253,1237249.27,605530.2,921389.74,973163.38,1500698.67,2044118.01,737111.79,14.4
DC-0557,11.13,liquid-cooled,67.2,0.1203,177.0,1.075,18120821.45,3.5,0.39,2012288.58,828360.0,1420324.29,933944.49,1390955.54,1854794.79,1136259.43,8.8
DC-0558,11.63,air-cooled,81.9,0.0966,177.87,1.613,11300360.49,12.17,1.415,5484734.74,3020232.6,4252483.67,4008572.9,4294576.78,4545702.56,3401986.94,3.1
DC-0559,22.55,air-cooled,43.3,0.1042,173.51,1.532,10733939.79,13.46,3.035,11483582.0,6319234.2,8901408.1,8797788.24,9341774.95,9924144.56,7121126.48,2.8
DC-0560,11.74,liquid-cooled,59.8,0.1144,166.03,1.099,17060437.6,2.1,0.247,1208463.46,492112.92,850288.19,949694.09,1496673.21,1944945.43,680230.55,15.5
DC-0561,20.73,hybrid,83.8,0.1011,174.48,1.259,13664064.99,8.17,1.694,7032597.99,3546829.44,5289713.72,5206655.02,5788396.2,6407813.41,4231770.98,4.4
DC-0562,86.52,air-cooled,69.0,0.1099,159.8,1.599,10418561.62,12.2,10.555,40685636.44,20240268.0,30462952.22,29842334.66,31785968.87,33791248.49,24370361.78,3.2
DC-0563,33.01,air-cooled,74.5,0.1167,194.25,1.54,10215560.88,12.53,4.136,15900663.06,9641016.0,12770839.53,12417314.26,13164777.75,14008338.35,10216671.62,2.9
DC-0564,12.67,air-cooled,55.8,0.128,189.92,1.564,11000239.16,12.56,1.591,6679303.6,3625952.64,5152628.12,4821456.73,5142601.92,5456176.32,4122102.5,2.8
DC-0565,42.99,air-cooled,94.2,0.139,192.41,1.633,11569719.02,12.89,5.541,25263938.99,12793725.72,19028832.36,16791382.93,17972128.49,19085612.7,15223065.89,2.5
DC-0566,11.86,air-cooled,86.3,0.1107,169.68,1.531,10746627.63,12.62,1.497,5797580.35,3048131.52,4422855.93,4156453.1,4461076.9,4743968.92,3538284.74,3.0
DC-0567,3.22,air-cooled,69.6,0.1467,166.07,1.534,10626748.77,12.14,0.391,1694136.86,779200.44,1236668.65,1225067.12,1301684.81,1386313.49,989334.92,2.9
DC-0568,7.34,hybrid,67.1,0.1388,184.8,1.265,13369063.52,8.9,0.653,2944377.86,1448092.8,2196235.33,2009004.62,2230784.91,2449962.03,1756988.26,3.8
DC-0569,3.68,air-cooled,84.4,0.1301,184.96,1.605,11128532.22,12.63,0.465,2000517.02,1032076.8,1516296.91,1401779.06,1485200.57,1572281.84,1213037.53,2.7
DC-0570,12.41,air-cooled,95.8,0.1231,181.79,1.596,11193818.75,12.69,1.575,6628500.04,3435831.0,5032165.52,4630876.62,4920495.83,5201779.41,4025732.42,2.8
DC-0571,16.69,air-cooled,83.4,0.1264,179.66,1.53,9303365.3,12.32,2.056,7733702.45,4432571.52,6083136.98,6205173.34,6628417.52,7065875.22,4866509.58,3.1
DC-0572,62.88,hybrid,98.0,0.1437,209.66,1.277,13939650.9,9.47,5.955,28019484.6,14982303.6,21500894.1,18126508.93,20018279.93,21901649.39,17200715.28,3.3
DC-0573,21.36,liquid-cooled,60.9,0.1445,190.39,1.086,15787421.27,2.0,0.427,2085039.45,975558.36,1530298.9,1875870.86,2802905.37,3736320.2,1224239.12,15.7
DC-0574,13.8,air-cooled,62.2,0.1467,213.56,1.596,10734091.08,12.59,1.737,7705958.02,4451444.64,6078701.33,5744105.46,6090566.08,6445679.0,4862961.06,2.6
DC-0575,31.93,air-cooled,57.7,0.1208,203.03,1.532,11053985.47,12.66,4.042,16481723.36,9847767.12,13164745.24,12273498.69,13039460.62,13881251.94,10531796.19,2.7
DC-0576,2.8,liquid-cooled,77.3,0.1311,209.55,1.063,18315165.03,4.0,0.112,592572.3,281635.2,437103.75,245340.52,370311.78,504098.69,349683.0,7.2
DC-0577,19.86,air-cooled,74.1,0.1469,167.88,1.616,10794160.98,12.01,2.385,10680607.99,4804725.6,7742666.8,7579344.61,8047107.23,8550728.6,6194133.44,2.9
DC-0578,30.47,air-cooled,70.2,0.1075,192.9,1.513,11227716.38,12.59,3.836,15036506.95,8879572.8,11958039.88,11157525.17,11912120.45,12674866.55,9566431.9,2.9
DC-0579,5.04,air-cooled,81.7,0.1136,177.52,1.623,11164853.9,12.23,0.616,2523249.57,1312227.84,1917738.7,1810724.37,1936118.45,2065440.7,1534190.96,3.0
DC-0580,41.06,air-cooled,86.8,0.1203,159.05,1.551,11226151.67,12.6,5.174,21364416.64,9875096.4,15619756.52,14459420.74,15392950.03,16491292.97,12495805.22,3.0
DC-0581,21.56,air-cooled,53.7,0.138,206.44,1.613,11494840.3,12.61,2.719,12247279.78,6735724.32,9491502.05,8682219.95,9184372.77,9747476.53,7593201.64,2.6
DC-0582,11.8,liquid-cooled,64.8,0.1383,179.59,1.117,18220606.09,3.0,0.354,1912406.42,762898.32,1337652.37,1013566.07,1536673.42,2022409.82,1070121.9,9.9
DC-0583,27.28,hybrid,81.8,0.1154,168.17,1.255,14247453.49,8.87,2.42,10732180.41,4883656.8,7807918.6,6950846.13,7640922.51,8506930.55,6246334.88,3.9
DC-0584,101.14,air-cooled,66.4,0.0898,177.78,1.476,10271599.2,12.97,13.118,45174063.68,27985416.48,36579740.08,34273783.96,36741534.8,39539279.11,29263792.06,3.1
DC-0585,19.02,liquid-cooled,62.4,0.1249,172.06,1.079,17355424.35,3.87,0.736,3707468.08,1519633.92,2613551.0,1576385.25,2419551.77,3195828.69,2090840.8,8.2
DC-0586,20.06,air-cooled,84.2,0.1016,173.59,1.574,10509240.48,12.44,2.495,9321998.53,5197284.6,7259641.56,6974193.1,7432246.38,7919719.98,5807713.25,3.1
DC-0587,11.39,air-cooled,56.5,0.0902,180.68,1.58,11226972.3,12.95,1.475,5521401.27,3198036.0,4359718.64,3896519.19,4161753.68,4457577.21,3487774.91,2.9
DC-0588,8.33,hybrid,68.4,0.0947,209.96,1.234,12507459.49,8.6,0.716,2723039.14,1803976.32,2263507.73,2207304.39,2456931.31,2704758.63,1810806.18,4.1
DC-0589,31.95,hybrid,75.9,0.1265,174.01,1.226,13384786.9,8.82,2.818,12210328.42,5884322.16,9047325.29,8319562.13,9183368.7,10164356.43,7237860.23,4.0
DC-0590,8.29,air-cooled,65.1,0.1472,208.89,1.501,10972817.4,12.23,1.014,4435135.96,2541773.52,3488454.74,3417307.21,3618279.13,3821575.74,2790763.79,2.7
DC-0591,17.41,air-cooled,81.4,0.1208,196.73,1.622,11106098.51,12.55,2.185,9142991.06,5158260.6,7150625.83,6643054.44,7038751.49,7478337.65,5720500.66,2.7
DC-0592,11.22,hybrid,65.2,0.1242,189.94,1.265,13018816.29,9.8,1.1,4696318.18,2507208.0,3601763.09,3047259.29,3379386.04,3689427.83,2881410.47,3.5
DC-0593,24.12,hybrid,88.9,0.1437,195.22,1.254,14275123.02,8.77,2.115,10047941.6,4954683.6,7501312.6,6808618.73,7512379.14,8188129.83,6001050.08,3.6
DC-0594,21.48,hybrid,70.5,0.0891,184.2,1.292,14995667.06,9.88,2.122,9211171.51,4690468.8,6950820.15,5372672.96,5956779.13,6565062.76,5560656.12,3.5
DC-0595,37.71,air-cooled,80.1,0.1304,203.29,1.578,10328515.61,12.95,4.883,20009466.6,11911980.84,15960723.72,14870825.35,15744980.51,16708327.74,12768578.98,2.7
DC-0596,10.94,air-cooled,81.0,0.1198,192.5,1.652,11530623.39,12.46,1.363,5855514.58,3148530.0,4502022.29,4135358.41,4385309.93,4640331.01,3601617.83,2.7
DC-0597,13.25,air-cooled,64.5,0.1313,159.03,1.562,11581001.1,12.25,1.623,7092752.57,3097268.28,5095010.42,4824688.24,5116714.67,5420573.62,4076008.34,2.9
DC-0598,7.52,air-cooled,47.4,0.1103,188.44,1.607,10651120.45,12.66,0.952,3731501.14,2152738.56,2942119.85,2857331.68,3039317.07,3232481.86,2353695.88,2.9
DC-0599,11.53,liquid-cooled,76.3,0.1036,195.76,1.108,17867268.09,4.36,0.503,2502955.12,1181607.36,1842281.24,922833.98,1462277.03,1929075.99,1473824.99,7.0
DC-0600,22.24,air-cooled,72.9,0.1228,179.66,1.505,10429501.88,12.33,2.742,10794260.64,5911532.64,8352896.64,8206175.83,8754792.02,9356551.59,6682317.31,3.0
DC-0601,30.13,air-cooled,78.7,0.153,185.89,1.661,10691743.71,12.38,3.73,17166012.51,8320436.4,12743224.46,11977103.05,12746231.6,13546839.36,10194579.57,2.7
DC-0602,7.86,hybrid,69.3,0.1372,174.81,1.271,14050894.76,8.44,0.663,3082950.25,1390788.36,2236869.31,2106547.42,2334747.99,2558811.18,1789495.45,4.0
DC-0603,32.97,air-cooled,66.8,0.1098,163.34,1.605,10833073.9,12.31,4.059,16037579.01,7955964.72,11996771.86,11454528.2,12230994.83,13078494.64,9597417.49,3.1
DC-0604,48.64,air-cooled,96.1,0.0932,160.74,1.614,11172910.03,12.77,6.211,23605465.38,11980273.68,17792869.53,15965017.71,17162732.1,18301061.15,14234295.62,3.1
DC-0605,22.89,hybrid,54.3,0.0864,160.94,1.188,13705826.28,9.58,2.193,8651151.68,4235297.04,6443224.36,5445819.97,6061269.45,6619121.44,5154579.49,4.0
DC-0606,73.81,liquid-cooled,80.8,0.1463,194.04,1.084,18360856.54,3.07,2.266,12393732.31,5276335.68,8835034.0,6458937.67,9671852.51,13043843.24,7068027.2,9.4
DC-0607,8.85,hybrid,65.1,0.1009,146.65,1.257,13678317.6,8.67,0.767,3183562.6,1349766.6,2266664.6,2100472.37,2330303.23,2566589.92,1813331.68,4.4
DC-0608,6.08,air-cooled,68.0,0.1135,174.0,1.569,11562769.91,12.11,0.736,3039310.8,1536768.0,2288039.4,2172226.48,2326999.94,2471008.69,1830431.52,3.0
DC-0609,3.96,hybrid,68.2,0.1464,172.52,1.263,13056383.72,8.79,0.348,1573367.38,720443.52,1146905.45,1069661.28,1183771.89,1298792.98,917524.36,3.9
DC-0610,54.43,hybrid,62.4,0.0877,179.77,1.264,14089839.54,9.1,4.953,20317929.05,10684809.72,15501369.39,13518245.38,14998367.83,16495149.43,12401095.51,4.0
DC-0611,27.76,air-cooled,78.9,0.1498,156.15,1.591,12199900.48,12.22,3.392,16277785.91,6355929.6,11316857.76,10390342.72,11066654.63,11819494.16,9053486.21,2.8
DC-0612,15.73,air-cooled,88.7,0.1149,190.06,1.645,11903759.08,12.95,2.037,8761160.99,4645826.64,6703493.82,5800921.28,6208136.32,6613241.55,5362795.06,2.6
DC-0613,20.57,liquid-cooled,77.6,0.097,164.9,1.068,17342879.81,2.87,0.59,2809269.81,1167492.0,1988380.9,1596643.93,2452727.2,3279360.39,1590704.72,11.6
DC-0614,6.68,air-cooled,73.2,0.1151,200.99,1.55,11330586.13,12.03,0.804,3280911.61,1939151.52,2610031.56,2522191.26,2694832.39,2869867.7,2088025.25,2.9
DC-0615,116.35,hybrid,60.2,0.1055,174.67,1.208,13356828.47,8.34,9.704,39636895.75,20339972.16,29988433.96,29510008.53,32839994.39,36026803.2,23990747.17,4.4
DC-0616,18.24,air-cooled,78.2,0.1288,182.57,1.551,10857473.41,12.56,2.291,9536852.36,5019214.44,7278033.4,6880273.65,7342627.63,7789100.53,5822426.72,2.8
DC-0617,17.95,air-cooled,97.9,0.107,184.06,1.642,10858138.89,12.89,2.314,9144926.13,5110978.08,7127952.1,6434523.99,6923432.65,7364811.18,5702361.68,2.8
DC-0618,29.39,air-cooled,67.4,0.0818,187.66,1.535,10878024.15,12.94,3.803,13376180.02,8564051.76,10970115.89,9986024.4,10692468.57,11394368.41,8776092.71,3.0
DC-0619,24.16,hybrid,67.5,0.1156,184.56,1.21,12343425.49,9.05,2.186,8674697.68,4841377.92,6758037.8,6317302.07,7015779.36,7741109.35,5406430.24,4.0
DC-0620,19.67,air-cooled,65.3,0.0929,177.59,1.484,10053123.24,12.43,2.445,8414987.12,5210490.6,6812738.86,6746026.97,7196941.48,7670446.97,5450191.09,3.2
DC-0621,8.74,air-cooled,66.1,0.1241,189.15,1.515,10074688.77,12.38,1.082,4204436.11,2455923.6,3330179.86,3313957.53,3520562.45,3734614.1,2664143.89,3.0
DC-0622,23.98,hybrid,39.1,0.0963,190.99,1.242,13363402.72,10.3,2.47,9922931.92,5660943.6,7791937.76,7779624.14,8520412.05,9285624.11,6233550.21,3.5
DC-0623,74.12,hybrid,76.9,0.1102,172.52,1.264,13213671.27,9.28,6.878,28588931.93,14239110.72,21414021.32,18948808.08,20822803.69,23001994.16,17131217.06,3.9
DC-0624,48.25,liquid-cooled,61.9,0.1237,190.4,1.048,17716986.17,3.57,1.723,8740319.67,3936710.4,6338515.04,4060307.5,6302946.26,8349477.88,5070812.03,8.6
DC-0625,58.82,air-cooled,52.7,0.1158,201.88,1.54,10719091.41,12.26,7.211,28441688.45,17469080.16,22955384.3,22346653.25,23771111.38,25187093.94,18364307.44,2.9
DC-0626,10.92,air-cooled,81.0,0.125,194.59,1.536,12059903.78,12.13,1.325,5779515.67,3093981.0,4436748.34,4187788.67,4459908.58,4718588.93,3549398.67,2.8
DC-0627,7.45,liquid-cooled,59.0,0.1336,197.99,1.085,17989003.29,2.43,0.181,953394.12,430034.28,691714.2,633288.31,951530.51,1329327.02,553371.36,12.1
DC-0628,14.87,hybrid,67.9,0.0968,186.58,1.263,13253197.24,8.51,1.265,5080415.24,2832284.4,3956349.82,3777932.52,4193933.23,4638030.64,3165079.86,4.2
DC-0629,17.19,air-cooled,89.6,0.1187,169.96,1.559,11146002.12,12.48,2.145,8790116.19,4374770.4,6582443.3,6181573.15,6570407.71,6997030.36,5265954.64,2.9
DC-0630,39.46,air-cooled,55.1,0.06,171.86,1.62,10869950.63,12.91,5.094,16642182.48,10505458.08,13573820.28,12665849.37,13337357.29,14162273.73,10859056.22,3.3
DC-0631,4.25,hybrid,53.6,0.1249,188.8,1.264,13552380.29,9.96,0.423,1858921.21,958348.8,1408635.0,1145571.53,1263860.09,1390331.61,1126908.0,3.4
DC-0632,55.9,air-cooled,75.2,0.114,198.14,1.553,10708381.33,12.83,7.172,28189748.36,17052720.96,22621234.66,20963486.38,22307704.36,23564213.04,18096987.73,2.8
DC-0633,14.49,hybrid,85.8,0.1003,225.79,1.208,13433374.67,8.95,1.297,5248410.36,3514195.56,4381302.96,4006608.26,4441631.13,4894084.2,3505042.37,3.7
DC-0634,11.69,air-cooled,53.1,0.1263,198.73,1.615,10544336.16,12.15,1.42,5864603.46,3386359.2,4625481.33,4526605.98,4809319.29,5085668.2,3700385.06,2.8
DC-0635,7.32,air-cooled,76.9,0.1435,166.44,1.598,11590285.71,12.75,0.933,4277246.06,1863462.24,3070354.15,2747886.67,2954779.87,3132125.24,2456283.32,2.7
DC-0636,4.38,hybrid,79.0,0.1105,172.49,1.301,13743108.52,9.05,0.396,1708092.97,819672.48,1263882.73,1126479.33,1251758.18,1368602.13,1011106.18,3.9
DC-0637,31.77,air-cooled,47.3,0.1011,218.18,1.564,10314746.68,12.57,3.993,14683461.43,10454312.88,12568887.16,12610072.49,13377727.99,14237983.76,10055109.73,2.8
DC-0638,17.44,air-cooled,81.6,0.1233,180.78,1.683,11260591.69,12.15,2.119,9154451.83,4596873.84,6875662.84,6438597.79,6860994.52,7305695.47,5500530.27,2.9
DC-0639,5.86,air-cooled,82.5,0.0933,184.71,1.521,12105432.67,12.9,0.756,2973515.54,1675689.12,2324602.33,2030894.53,2171776.38,2331239.86,1859681.86,2.8
DC-0640,5.84,air-cooled,68.3,0.1068,169.59,1.557,10905550.41,12.71,0.742,2879060.19,1510029.36,2194544.78,2049498.68,2177077.94,2321454.42,1755635.82,3.0
DC-0641,12.57,hybrid,87.0,0.1444,207.48,1.223,13553985.41,8.84,1.111,5065074.85,2766123.36,3915599.1,3587297.17,4002226.88,4399488.16,3132479.28,3.6
DC-0642,62.5,hybrid,85.6,0.1212,191.5,1.191,12987900.68,9.66,6.038,25061921.43,13875324.0,19468622.72,16869097.95,18702721.95,20555279.69,15574898.18,3.6
DC-0643,13.36,hybrid,73.2,0.0824,172.38,1.223,12915624.24,9.96,1.331,4995149.13,2753253.36,3874201.24,3235079.03,3574414.49,3969493.81,3099360.99,3.9
DC-0644,4.94,air-cooled,66.6,0.0841,169.09,1.575,11547431.82,12.07,0.596,2220948.5,1209331.68,1715140.09,1616867.03,1735210.37,1849357.32,1372112.07,3.2
DC-0645,13.51,air-cooled,60.3,0.1232,188.61,1.513,10888396.69,12.34,1.667,6755553.72,3772954.44,5264254.08,5103093.14,5407650.23,5757348.21,4211403.26,2.9
DC-0646,13.22,air-cooled,71.5,0.1372,184.66,1.636,11268689.22,12.65,1.672,7474535.14,3705018.24,5589776.69,5065950.75,5404877.66,5730177.79,4471821.35,2.7
DC-0647,1.9,liquid-cooled,78.8,0.0876,196.48,1.058,16214705.42,4.12,0.078,344381.83,183905.28,264143.56,155138.33,237581.47,314611.32,211314.85,8.1
DC-0648,15.75,hybrid,68.1,0.129,192.2,1.25,14182543.39,9.68,1.525,6960445.12,3517260.0,5238852.56,4279133.73,4725162.3,5213891.76,4191082.05,3.4
DC-0649,13.67,hybrid,45.6,0.1466,180.03,1.282,13294335.78,10.87,1.486,6836583.36,3210294.96,5023439.16,4181992.66,4577136.47,4996008.82,4018751.33,3.1
DC-0650,28.7,air-cooled,87.2,0.1578,175.84,1.579,10742220.51,12.73,3.654,16698253.92,7710232.32,12204243.12,11381768.22,12091998.53,12869402.82,9763394.5,2.6
DC-0651,72.18,air-cooled,74.3,0.1266,181.6,1.613,11472083.33,12.22,8.82,38262876.9,19220544.0,28741710.45,26876826.38,28723851.2,30492506.89,22993368.36,2.8
DC-0652,40.5,air-cooled,67.4,0.1301,175.74,1.592,11071715.48,12.78,5.176,22126082.24,10915562.88,16520822.56,15140322.49,16008792.48,17078109.57,13216658.05,2.8
DC-0653,13.26,air-cooled,82.3,0.0773,182.05,1.614,11630266.02,12.41,1.646,6053034.03,3595851.6,4824442.82,4413292.63,4726260.79,5079841.1,3859554.26,3.1
DC-0654,6.79,air-cooled,90.3,0.162,184.25,1.589,10942659.27,12.03,0.817,3829020.62,1806387.0,2817703.81,2754370.45,2938223.89,3119349.2,2254163.05,2.7
DC-0655,128.86,liquid-cooled,38.4,0.1085,170.53,1.086,17057644.28,4.83,6.224,30017027.4,12736544.64,21376786.02,20660250.88,26425343.88,31640446.05,17101428.82,6.8
DC-0656,17.24,air-cooled,77.2,0.1013,193.46,1.637,9842825.17,12.18,2.1,7643892.14,4875192.0,6259542.07,6224815.61,6633443.67,7023619.72,5007633.66,3.1
DC-0657,16.63,air-cooled,54.9,0.1149,178.44,1.578,10975079.52,12.73,2.117,8525585.43,4533089.76,6529337.6,6072516.86,6430585.38,6858244.3,5223470.08,2.9
DC-0658,16.13,air-cooled,78.0,0.1502,171.37,1.556,10864968.79,12.02,1.939,8651328.64,3987437.16,6319382.9,6223814.28,6633255.32,7005289.46,5055506.32,2.9
DC-0659,19.27,liquid-cooled,73.5,0.1642,178.73,1.091,17693195.54,2.57,0.495,2723047.92,1061656.2,1892352.06,1640316.35,2470559.97,3399730.99,1513881.65,11.5
DC-0660,14.65,hybrid,79.6,0.1225,187.63,1.306,14033671.04,9.78,1.433,6477249.08,3226485.48,4851867.28,3929948.68,4356370.28,4766566.58,3881493.82,3.4
DC-0661,10.39,hybrid,66.0,0.14,185.25,1.253,14732693.7,8.31,0.863,4151557.41,1918449.0,3035003.2,2864168.61,3164990.57,3477720.0,2428002.56,3.9
DC-0662,10.62,liquid-cooled,49.5,0.1209,190.33,1.047,17913394.44,4.54,0.482,2453194.56,1100868.72,1777031.64,915267.46,1389484.93,1857065.93,1421625.31,6.7
DC-0663,16.02,air-cooled,66.6,0.0992,197.48,1.633,11897471.94,12.71,2.036,8272159.25,4824831.36,6548495.3,5817040.42,6185700.67,6562057.96,5238796.24,2.8
DC-0664,10.65,hybrid,76.9,0.1495,203.57,1.276,14609312.74,8.78,0.935,4597945.77,2284055.4,3441000.58,3060970.1,3420451.06,3724249.28,2752800.46,3.5
DC-0665,9.3,air-cooled,84.2,0.1076,188.28,1.591,11165831.49,12.01,1.117,4446703.62,2523705.12,3485204.37,3371157.55,3586057.96,3823169.26,2788163.5,3.0
DC-0666,17.91,air-cooled,57.9,0.1507,167.96,1.6,10203524.37,12.22,2.189,9587078.06,4411973.28,6999525.67,6867632.53,7321459.17,7810068.33,5599620.54,2.9
DC-0667,13.41,hybrid,84.3,0.146,179.96,1.24,12800875.83,8.06,1.081,4789423.98,2334441.12,3561932.55,3721607.92,4096095.88,4477683.91,2849546.04,4.2
DC-0668,54.77,hybrid,64.2,0.1323,168.94,1.174,13269857.93,8.41,4.606,19849383.21,9337651.68,14593517.44,14528342.19,15921316.87,17425813.97,11674813.95,4.2
DC-0669,1.97,air-cooled,76.3,0.1566,209.45,1.653,10937574.85,12.31,0.243,1141658.72,610756.2,876207.46,825732.15,878389.28,934722.43,700965.97,2.5
DC-0670,39.38,air-cooled,65.9,0.1646,213.81,1.548,10719005.07,12.82,5.049,23296369.42,12954320.28,18125344.85,16944166.06,17941162.25,18952817.51,14500275.88,2.4
DC-0671,44.56,air-cooled,74.2,0.1165,193.75,1.586,11045225.07,12.9,5.748,23412011.53,13364100.0,18388055.76,16725546.88,17823036.27,18933829.44,14710444.61,2.7
DC-0672,3.13,air-cooled,82.7,0.1038,196.88,1.644,11536080.44,12.24,0.383,1554383.63,904860.48,1229622.06,1144407.15,1222646.38,1299554.09,983697.65,2.9
DC-0673,12.5,air-cooled,57.3,0.0827,187.76,1.502,11596487.06,12.69,1.586,5812886.71,3573448.32,4693167.51,4268067.26,4577018.84,4869777.25,3754534.01,3.0
DC-0674,12.22,air-cooled,63.8,0.1649,189.49,1.516,10933829.96,12.37,1.512,6984893.22,3438106.56,5211499.89,5026199.0,5357235.39,5698244.06,4169199.91,2.6
DC-0675,5.33,air-cooled,74.2,0.1112,160.04,1.649,11053022.15,12.13,0.647,2628461.98,1242550.56,1935506.27,1830705.36,1966839.1,2111554.44,1548405.02,3.1
DC-0676,8.83,hybrid,98.0,0.1427,182.89,1.233,14262857.22,8.69,0.767,3613212.7,1683319.56,2648266.13,2415023.39,2665802.59,2935373.52,2118612.9,3.8
DC-0677,6.76,air-cooled,61.6,0.1052,170.78,1.519,10450052.74,12.33,0.834,3104207.57,1709166.24,2406686.9,2359845.72,2508896.09,2679633.86,1925349.52,3.2
DC-0678,66.81,air-cooled,96.5,0.1508,188.22,1.647,10788896.6,12.18,8.137,37212394.92,18378553.68,27795474.3,26628068.95,28377392.33,29999268.48,22236379.44,2.7
DC-0679,34.76,air-cooled,96.1,0.106,183.11,1.58,11416682.73,12.14,4.22,16897578.01,9272690.4,13085134.21,12365364.09,13253191.59,14099327.54,10468107.37,3.0
DC-0680,45.48,liquid-cooled,70.8,0.0962,213.2,1.12,18315636.28,2.6,1.182,5926522.98,3024028.8,4475275.89,3840850.61,5795521.54,7755679.88,3580220.71,11.4
DC-0681,29.29,air-cooled,68.4,0.1158,197.75,1.505,11636933.91,12.95,3.793,15599354.86,9000789.0,12300071.93,11044521.39,11705386.2,12419827.73,9840057.54,2.7
DC-0682,6.66,air-cooled,63.7,0.1094,188.27,1.648,10376875.79,12.73,0.848,3294754.17,1915835.52,2605294.84,2428851.25,2582803.2,2753001.04,2084235.87,2.9
DC-0683,10.81,air-cooled,71.2,0.1319,180.0,1.557,11022541.23,12.55,1.357,5765187.25,2931120.0,4348153.62,4114682.07,4347550.9,4613209.64,3478522.9,2.8
DC-0684,24.32,hybrid,55.1,0.119,209.14,1.234,12876391.28,9.74,2.369,9826117.46,5945431.92,7885774.69,6708639.74,7391470.82,8138107.01,6308619.75,3.5
DC-0685,6.19,hybrid,71.1,0.1326,183.55,1.304,13895071.79,8.16,0.505,2324256.86,1112313.0,1718284.93,1678353.0,1852513.4,2029945.14,1374627.94,4.1
DC-0686,29.09,hybrid,90.0,0.1142,188.98,1.273,13744896.99,8.73,2.54,10992918.25,5760110.4,8376514.32,7718249.93,8540578.01,9358692.93,6701211.46,3.9
DC-0687,13.57,liquid-cooled,64.7,0.1067,184.63,1.065,16358785.42,3.68,0.499,2310735.58,1105564.44,1708150.01,1099794.24,1719199.65,2279413.96,1366520.01,8.9
DC-0688,12.18,hybrid,69.1,0.1083,177.94,1.25,13550845.32,9.51,1.158,4860339.02,2472654.24,3666496.63,3112790.61,3429553.3,3797570.05,2933197.3,3.7
DC-0689,29.04,hybrid,51.6,0.1609,184.55,1.247,13575002.03,8.79,2.553,12188771.73,5653873.8,8921322.76,8242242.78,9083856.14,9953875.18,7137058.21,3.7
DC-0690,23.46,air-cooled,76.5,0.1245,154.57,1.553,10164243.69,12.15,2.85,11264492.99,5286294.0,8275393.5,8196668.6,8817177.98,9373085.07,6620314.8,3.2
DC-0691,12.32,air-cooled,75.2,0.0803,160.78,1.607,11815283.02,12.85,1.583,5945791.13,3054176.88,4499984.0,3967603.68,4224367.18,4503342.51,3599987.2,3.1
DC-0692,41.57,liquid-cooled,72.8,0.1096,189.24,1.091,17290148.77,3.14,1.305,6381084.62,2963498.4,4672291.51,3356158.63,5073457.62,7099566.37,3737833.21,10.0
DC-0693,6.93,air-cooled,69.4,0.1219,207.52,1.57,11314212.22,12.5,0.866,3629219.34,2156547.84,2892883.59,2685138.14,2864050.06,3036229.54,2314306.87,2.7
DC-0694,26.92,air-cooled,68.5,0.1569,189.22,1.644,10274881.13,12.84,3.457,15704780.6,7849602.48,11777191.54,10883188.75,11590847.86,12301469.19,9421753.23,2.6
DC-0695,26.43,hybrid,78.0,0.1406,173.19,1.231,13252230.76,8.92,2.358,10519294.32,4900584.24,7709939.28,7107292.54,7917931.33,8754334.84,6167951.42,3.9
DC-0696,12.84,air-cooled,71.7,0.1016,162.36,1.477,10767933.39,12.76,1.638,6072766.6,3191348.16,4632057.38,4332495.53,4616160.4,4949104.35,3705645.9,3.1
DC-0697,21.35,hybrid,75.8,0.1684,195.77,1.232,13171630.21,9.3,1.986,9422488.87,4665590.64,7044039.75,6248272.58,6958520.91,7626825.18,5635231.8,3.4
DC-0698,6.04,hybrid,74.6,0.1194,175.49,1.309,12971855.63,8.25,0.498,2117384.09,1048728.24,1583056.16,1579631.43,1761041.97,1921684.88,1266444.93,4.3
DC-0699,34.44,air-cooled,85.5,0.1449,193.65,1.528,11571235.14,12.0,4.133,18643602.02,9604265.4,14123933.71,13753784.7,14568079.71,15501000.92,11299146.97,2.7
DC-0700,14.18,hybrid,80.1,0.0969,189.85,1.298,12216086.51,8.64,1.225,4675194.62,2790795.0,3732994.81,3671877.2,4031660.45,4480429.64,2986395.85,4.3
DC-0701,10.82,air-cooled,74.3,0.072,191.17,1.512,10206673.51,12.28,1.329,4281769.95,3048779.16,3665274.56,3660713.39,3879846.08,4124373.32,2932219.65,3.3
DC-0702,38.06,air-cooled,90.2,0.0918,184.5,1.516,10215862.89,12.27,4.67,16295079.76,10339380.0,13317229.88,13262502.99,14055785.41,15051945.11,10653783.9,3.2
DC-0703,9.36,air-cooled,77.0,0.06,189.75,1.584,11019298.63,12.81,1.199,3934258.83,2730123.0,3332190.92,3120917.03,3291187.14,3483193.4,2665752.74,3.2
DC-0704,5.33,hybrid,87.7,0.1622,182.21,1.251,13885810.16,9.48,0.505,2455939.46,1104192.6,1780066.03,1514128.69,1678177.82,1838038.04,1424052.82,3.4
DC-0705,4.73,hybrid,79.3,0.1243,174.47,1.219,13178360.18,9.65,0.456,1940669.69,954699.84,1447684.76,1240574.22,1361540.54,1502913.78,1158147.81,3.7
DC-0706,26.7,air-cooled,49.9,0.1015,169.55,1.607,10132036.59,12.52,3.343,12303616.2,6801667.8,9552642.0,9197817.43,9833841.17,10453827.6,7642113.6,3.1
DC-0707,5.9,hybrid,87.7,0.1291,148.22,1.217,13699683.52,9.01,0.532,2351811.81,946236.48,1649024.14,1474911.26,1634151.23,1802954.86,1319219.31,4.0
DC-0708,66.94,air-cooled,73.6,0.1238,181.28,1.625,10679016.45,12.08,8.086,33438907.2,17589960.96,25514434.08,24774629.67,26535673.0,28390598.95,20411547.26,3.0
DC-0709,3.11,liquid-cooled,71.4,0.1324,206.79,1.085,17594612.34,2.02,0.063,325604.34,156333.24,240968.79,273183.81,412912.85,556201.18,192775.03,14.5
DC-0710,63.89,air-cooled,75.4,0.1442,194.95,1.513,11667977.03,12.05,7.699,34677014.16,18011040.6,26344027.38,25494986.99,27020022.64,28846236.53,21075221.9,2.7
DC-0711,19.47,hybrid,67.9,0.1142,187.42,1.23,14137765.4,8.55,1.665,7279725.99,3744651.6,5512188.8,5119192.08,5675055.18,6222030.19,4409751.04,4.0
DC-0712,15.22,air-cooled,74.7,0.1024,172.99,1.566,11047783.75,12.45,1.895,7314326.0,3933792.6,5624059.3,5270822.36,5630082.24,5994083.24,4499247.44,3.0
DC-0713,10.63,air-cooled,64.9,0.1366,198.96,1.525,11649745.16,12.67,1.347,5945215.72,3215989.44,4580602.58,4206460.52,4455945.55,4744465.77,3664482.06,2.6
DC-0714,22.63,air-cooled,87.3,0.136,182.21,1.605,11002531.92,12.41,2.808,12234848.82,6139748.16,9187298.49,8705485.84,9209483.93,9817618.41,7349838.79,2.8
DC-0715,15.96,liquid-cooled,70.6,0.122,207.62,1.086,17649737.36,2.62,0.418,2124607.8,1041421.92,1583014.86,1363531.87,2097852.45,2800630.38,1266411.89,11.3
DC-0716,39.75,air-cooled,67.4,0.1636,169.28,1.599,11507618.31,12.03,4.782,23187119.3,9713963.52,16450541.41,15728134.54,16737246.76,17753936.06,13160433.13,2.7
DC-0717,18.02,liquid-cooled,60.9,0.1112,172.75,1.051,18467597.41,4.36,0.786,4030373.97,1629378.0,2829875.99,1459278.78,2175062.54,2952465.23,2263900.79,7.2
DC-0718,18.55,air-cooled,75.2,0.102,171.29,1.491,11869545.57,12.09,2.243,8904519.6,4610441.64,6757480.62,6404755.73,6869766.6,7302844.33,5405984.5,3.1
DC-0719,12.29,air-cooled,74.2,0.1284,161.77,1.624,10804864.04,12.57,1.545,6531843.02,2999215.8,4765529.41,4466706.33,4749936.7,5066620.37,3812423.53,2.9
DC-0720,15.71,air-cooled,76.7,0.1065,169.94,1.523,12081578.81,12.38,1.945,7985514.36,3966399.6,5975956.98,5466148.53,5866477.4,6238439.95,4780765.58,3.0
DC-0721,21.04,hybrid,59.7,0.1299,185.55,1.281,13668424.33,9.46,1.99,8945265.46,4430934.0,6688099.73,5702986.62,6286145.24,6909315.74,5350479.78,3.5
DC-0722,4.19,air-cooled,52.8,0.1033,173.32,1.621,10764199.55,12.15,0.509,1964180.21,1058638.56,1511409.38,1452069.07,1559037.73,1650205.45,1209127.5,3.1
DC-0723,5.59,liquid-cooled,79.5,0.112,126.15,1.079,16977170.18,3.67,0.205,990423.26,310329.0,650376.13,419284.86,647153.07,849065.93,520300.9,9.7
DC-0724,29.8,liquid-cooled,89.8,0.1578,200.11,1.07,17273249.9,3.85,1.147,6099276.8,2754314.04,4426795.42,2709807.39,3931598.34,5394500.56,3541436.34,7.6
DC-0725,18.85,liquid-cooled,59.7,0.1119,158.74,1.067,18447117.66,2.01,0.379,1950061.06,721949.52,1336005.29,1469976.31,2283591.45,3067924.93,1068804.23,15.9
DC-0726,14.19,air-cooled,91.1,0.104,192.84,1.594,10340033.57,12.43,1.764,6614970.01,4082037.12,5348503.56,5166032.87,5506458.85,5864517.93,4278802.85,3.0
DC-0727,16.69,hybrid,75.4,0.1434,184.47,1.194,12972480.56,9.34,1.559,6832562.5,3451064.76,5141813.63,4631324.35,5104512.02,5617824.49,4113450.9,3.7
DC-0728,21.72,hybrid,71.9,0.099,215.76,1.215,13556880.59,8.18,1.777,7225880.37,4600866.24,5913373.3,5891804.87,6464025.08,7120111.79,4730698.64,4.1
DC-0729,10.68,air-cooled,67.2,0.1061,198.95,1.436,11696300.57,12.47,1.332,5239885.54,3180016.8,4209951.17,3923424.48,4199383.6,4491379.77,3367960.94,2.9
DC-0730,8.82,hybrid,55.4,0.1315,176.43,1.267,13561028.14,9.32,0.822,3676863.37,1740305.52,2708584.44,2354090.24,2614067.05,2882457.86,2166867.55,3.7
DC-0731,19.23,air-cooled,83.9,0.1388,173.47,1.543,10637057.29,12.0,2.308,9785702.34,4804425.12,7295063.73,7274912.54,7752902.08,8297994.38,5836050.98,3.0
DC-0732,7.52,air-cooled,62.7,0.1444,206.54,1.502,10648828.75,12.29,0.924,3942109.5,2290115.52,3116112.51,3067060.87,3263252.94,3475560.91,2492890.01,2.7
DC-0733,22.8,air-cooled,62.6,0.1051,161.86,1.536,9583088.3,13.0,2.964,10503626.14,5757036.48,8130331.31,7781725.89,8322204.49,8835286.2,6504265.05,3.2
DC-0734,4.21,air-cooled,83.9,0.1319,186.86,1.751,10230011.78,12.73,0.536,2302933.86,1201883.52,1752408.69,1608263.52,1712165.63,1819886.78,1401926.95,2.7
DC-0735,37.46,air-cooled,49.4,0.1107,182.03,1.629,10861272.03,13.11,4.911,19611142.63,10727391.96,15169267.3,13582391.6,14407722.26,15400842.19,12135413.84,2.8
DC-0736,24.0,air-cooled,53.7,0.1079,178.85,1.56,10031607.28,12.17,2.921,10818695.53,6269050.2,8543872.86,8567784.89,9116477.1,9683575.34,6835098.29,3.2
DC-0737,20.18,hybrid,71.8,0.1441,189.3,1.27,12382079.04,9.78,1.974,8596206.31,4484138.4,6540172.36,5623925.12,6188364.33,6785582.61,5232137.89,3.5
DC-0738,36.09,air-cooled,75.5,0.109,186.84,1.576,10520329.05,12.2,4.403,16919314.49,9871878.24,13395596.36,13127988.56,14001269.61,14937572.1,10716477.09,3.0
DC-0739,62.33,air-cooled,77.8,0.1256,190.86,1.573,10842882.01,12.92,8.053,33341288.48,18443946.96,25892617.72,23753054.45,25277934.74,26942744.56,20714094.18,2.7
DC-0740,37.02,air-cooled,68.4,0.1231,186.08,1.627,11139342.88,12.66,4.687,19825516.65,10465883.52,15145700.08,13926305.87,14756087.94,15769960.7,12116560.06,2.7
DC-0741,3.77,hybrid,98.0,0.0986,190.27,1.278,13971997.36,8.91,0.336,1414137.62,767168.64,1090653.13,968991.86,1081292.51,1190212.78,872522.5,3.9
DC-0742,5.91,hybrid,69.3,0.1393,185.4,1.261,13361230.92,9.38,0.554,2497387.89,1232539.2,1864963.54,1616538.58,1798034.31,1966180.39,1491970.83,3.6
DC-0743,9.98,hybrid,69.2,0.1312,174.11,1.245,13670203.78,9.87,0.985,4401685.76,2057980.2,3229832.98,2658085.62,2900284.31,3203246.64,2583866.38,3.5
DC-0744,16.79,hybrid,62.4,0.0803,184.06,1.212,13725019.37,8.82,1.481,5779689.94,3271114.32,4525402.13,4176252.85,4592610.63,5091795.7,3620321.7,4.2
DC-0745,24.88,air-cooled,73.5,0.1255,173.28,1.592,11396714.13,12.88,3.205,13726425.6,6664348.8,10195387.2,9147286.94,9725917.39,10320190.46,8156309.76,2.7
DC-0746,9.2,hybrid,79.4,0.1045,172.29,1.271,13401152.66,8.72,0.802,3321509.26,1658118.96,2489814.11,2335016.78,2571323.23,2820802.77,1991851.29,4.2
DC-0747,19.09,air-cooled,86.4,0.1419,178.96,1.567,10517262.59,12.83,2.449,10494012.54,5259276.48,7876644.51,7305962.12,7818812.48,8272148.47,6301315.61,2.7
DC-0748,8.99,air-cooled,54.1,0.0911,182.21,1.53,10876781.08,12.41,1.116,4060072.22,2440156.32,3250114.27,3072492.18,3303339.33,3527617.2,2600091.42,3.1
DC-0749,10.08,hybrid,69.0,0.1129,184.53,1.261,13388250.54,8.01,0.807,3407396.77,1786988.52,2597192.64,2630291.88,2920822.91,3215617.26,2077754.11,4.4
DC-0750,5.34,air-cooled,77.4,0.1272,197.75,1.571,11306264.68,12.22,0.653,2783755.05,1549569.0,2166662.02,2060100.44,2195478.57,2320471.57,1733329.62,2.8
DC-0751,7.86,hybrid,79.0,0.1211,176.52,1.28,13232499.22,9.03,0.71,3051882.08,1503950.4,2277916.24,2048003.51,2275135.03,2489659.71,1822332.99,3.9
DC-0752,5.58,hybrid,72.1,0.1353,186.95,1.216,13673479.05,8.9,0.497,2226454.71,1114969.8,1670712.26,1521264.27,1671685.54,1856409.57,1336569.81,3.8
DC-0753,7.53,air-cooled,78.5,0.0896,185.77,1.472,10964674.43,12.43,0.936,3362075.71,2086568.64,2724322.18,2602001.4,2766960.12,2960107.54,2179457.74,3.1
DC-0754,38.2,air-cooled,62.3,0.153,174.87,1.668,11230146.12,12.59,4.809,22752220.89,10091397.96,16421809.42,14921903.57,15898924.25,16943618.17,13137447.54,2.6
DC-0755,7.69,air-cooled,90.7,0.1305,185.11,1.663,10746904.57,12.37,0.951,4079133.2,2112475.32,3095804.26,2935784.22,3107069.74,3298823.52,2476643.41,2.8
DC-0756,135.09,liquid-cooled,83.9,0.1472,199.04,1.049,17821366.04,4.62,6.241,33158181.44,14906503.68,24032342.56,11706421.11,17895104.46,24175549.23,19225874.05,6.3
DC-0757,24.4,hybrid,55.9,0.1375,186.8,1.241,13914615.89,9.26,2.259,10361855.36,5063774.4,7712814.88,6672859.95,7382573.5,8121697.05,6170251.9,3.6
DC-0758,19.07,air-cooled,59.1,0.1198,187.4,1.598,11992385.4,12.49,2.382,10342625.99,5356641.6,7849633.8,7078792.53,7537905.64,8002727.94,6279707.04,2.7
DC-0759,8.28,air-cooled,59.4,0.0943,173.42,1.588,11104947.01,12.56,1.04,3930744.47,2164281.6,3047513.04,2829931.22,3027438.35,3226013.51,2438010.43,3.1
DC-0760,28.8,hybrid,80.1,0.1087,213.53,1.213,13416437.01,8.99,2.589,10709304.27,6633950.04,8671627.15,7905790.27,8787923.82,9607161.36,6937301.72,3.7
DC-0761,10.38,hybrid,56.6,0.1518,174.27,1.308,12985834.13,8.85,0.919,4250446.19,1921849.56,3086147.88,2847983.87,3183088.64,3481530.95,2468918.3,3.8
DC-0762,18.13,air-cooled,68.0,0.1477,158.98,1.59,11162035.04,12.87,2.333,10586400.23,4450804.08,7518602.16,6793719.26,7227433.84,7661872.08,6014881.73,2.7
DC-0763,127.49,air-cooled,77.5,0.1076,196.9,1.568,10349397.92,12.5,15.936,60203425.14,37653580.8,48928502.97,47174186.49,50095774.02,53255060.9,39142802.38,2.9
DC-0764,15.23,liquid-cooled,71.2,0.0636,182.28,1.096,17093831.28,2.49,0.379,1671105.84,829009.44,1250057.64,1157573.29,1811777.35,2395253.36,1000046.11,13.7
DC-0765,41.24,air-cooled,75.1,0.1157,179.45,1.637,10570537.52,12.53,5.167,20710163.86,11126617.8,15918390.83,15036880.08,15973241.51,16931266.78,12734712.66,2.9
DC-0766,9.37,air-cooled,59.2,0.1142,175.82,1.579,10533865.67,12.23,1.146,4492867.79,2417876.64,3455372.22,3376131.9,3598175.23,3827866.39,2764297.78,3.1
DC-0767,15.99,liquid-cooled,79.1,0.115,212.08,1.099,16491024.95,3.25,0.52,2481338.5,1323379.2,1902358.85,1401797.25,2083391.98,2820725.03,1521887.08,9.5
DC-0768,67.81,hybrid,64.6,0.1306,189.32,1.255,13774916.71,8.37,5.676,25524307.24,12894963.84,19209635.54,18506947.09,20388661.85,22466954.48,15367708.43,4.0
DC-0769,9.96,air-cooled,68.1,0.1375,192.25,1.542,10840260.31,12.24,1.219,5200602.31,2812233.0,4006417.66,3912292.79,4144546.91,4382690.48,3205134.13,2.8
DC-0770,70.1,air-cooled,74.9,0.1398,186.44,1.696,11134496.97,12.88,9.029,41094009.76,20200401.12,30647205.44,27259618.51,28900052.1,30708165.05,24517764.35,2.6
DC-0771,28.97,air-cooled,73.2,0.1289,188.05,1.552,11093264.18,12.94,3.749,15811903.66,8459993.4,12135948.53,11033530.69,11722943.76,12406557.98,9708758.82,2.7
DC-0772,10.49,air-cooled,72.3,0.084,204.98,1.61,11017554.4,12.68,1.33,4831953.6,3271480.8,4051717.2,3729527.59,3997444.82,4249866.74,3241373.76,2.9
DC-0773,27.27,liquid-cooled,63.0,0.1132,180.24,1.069,17791585.71,3.51,0.957,4798149.49,2069876.16,3434012.82,2149789.64,3421698.31,4523438.41,2747210.26,8.9
DC-0774,35.8,air-cooled,68.4,0.1661,162.15,1.551,10977068.19,12.45,4.457,20930559.25,8672430.6,14801494.92,14094637.84,14978564.2,15941526.46,11841195.94,2.7
DC-0775,27.04,hybrid,72.0,0.1275,197.02,1.264,12978154.7,8.11,2.193,9420680.58,5184778.32,7302729.45,7438297.87,8112420.38,9020307.04,5842183.56,4.2
DC-0776,4.68,liquid-cooled,55.5,0.1274,191.45,1.064,17594084.18,2.88,0.135,688128.21,310149.0,499138.6,395936.96,602870.33,813242.17,399310.88,10.5
DC-0777,9.19,air-cooled,66.4,0.1272,185.62,1.609,11160329.88,12.38,1.138,4862602.25,2534826.72,3698714.49,3457510.5,3703328.5,3942393.48,2958971.59,2.8
DC-0778,13.49,air-cooled,76.7,0.1283,191.06,1.59,11713289.32,12.08,1.63,7155646.05,3737133.6,5446389.82,5099737.39,5488259.47,5848977.16,4357111.86,2.8
DC-0779,15.49,air-cooled,56.7,0.0723,178.44,1.564,10425775.58,12.78,1.98,6548642.67,4239734.4,5394188.54,5081875.88,5416799.4,5765763.82,4315350.83,3.2
DC-0780,27.02,liquid-cooled,85.9,0.1152,184.31,1.101,16331626.2,2.92,0.789,3740117.7,1745047.08,2742582.39,2263891.97,3410101.6,4481852.27,2194065.91,11.1
DC-0781,18.96,hybrid,87.2,0.1192,182.02,1.264,12879639.89,8.32,1.577,6595015.4,3444546.48,5019780.94,4973387.55,5486659.65,6106470.29,4015824.75,4.2
DC-0782,5.65,air-cooled,57.1,0.1456,175.13,1.597,11332718.82,12.4,0.701,3193254.92,1473193.56,2333224.24,2166758.31,2316077.91,2464824.45,1866579.39,2.7
DC-0783,22.29,hybrid,88.3,0.121,201.84,1.228,14023381.03,8.3,1.85,8173184.88,4480848.0,6327016.44,6118697.35,6776218.8,7454087.79,5061613.15,4.0
DC-0784,26.8,hybrid,70.3,0.0871,162.82,1.231,13420717.55,8.41,2.254,8839353.46,4403955.36,6621654.41,6388201.62,7070376.26,7877306.51,5297323.53,4.6
DC-0785,25.73,liquid-cooled,77.0,0.1286,219.41,1.106,16778153.14,4.53,1.166,5800182.22,3069984.72,4435083.47,2306557.67,3546913.93,4640758.04,3548066.78,6.5
DC-0786,39.04,air-cooled,66.0,0.1039,197.16,1.575,11050410.81,12.08,4.716,18341255.67,11157678.72,14749467.2,14277869.14,15254681.46,16290592.88,11799573.76,3.0
DC-0787,32.04,air-cooled,83.1,0.0957,157.33,1.598,11007186.91,12.35,3.957,14979999.36,7470657.72,11225328.54,10591753.93,11288284.84,12086579.7,8980262.83,3.2
DC-0788,23.74,liquid-cooled,76.9,0.1033,180.64,1.063,16397185.85,2.15,0.51,2348925.5,1105516.8,1727221.15,1977993.09,3029654.19,3921773.32,1381776.92,15.5
DC-0789,15.55,air-cooled,62.2,0.1309,181.47,1.687,11257915.07,12.55,1.952,8659491.31,4250753.28,6455122.3,5865796.14,6239834.48,6591855.12,5164097.84,2.7
DC-0790,4.35,air-cooled,58.0,0.1452,189.88,1.581,11481381.48,12.71,0.553,2522992.94,1260043.68,1891518.31,1715730.34,1824783.25,1942140.29,1513214.65,2.6
DC-0791,23.19,air-cooled,54.5,0.1297,169.16,1.54,11201466.63,12.5,2.899,12288628.17,5884738.08,9086683.12,8559006.81,9075453.52,9661932.98,7269346.5,2.9
DC-0792,19.42,air-cooled,74.3,0.1326,184.48,1.591,11480550.79,12.32,2.393,10527527.11,5297527.68,7912527.4,7391891.64,7896219.93,8356813.24,6330021.92,2.8
DC-0793,20.44,air-cooled,78.9,0.1295,182.18,1.526,11334550.71,12.9,2.637,11207023.13,5764903.92,8485963.52,7723925.9,8200284.95,8728068.41,6788770.82,2.7
DC-0794,5.92,liquid-cooled,79.8,0.122,172.94,1.061,17911163.0,3.07,0.182,930779.01,377700.96,654239.98,498274.7,765892.7,986632.72,523391.98,10.2
DC-0795,6.93,air-cooled,70.6,0.1339,170.85,1.68,10545016.79,12.12,0.84,3623689.93,1722168.0,2672928.96,2583659.82,2737998.05,2922134.08,2138343.17,2.9
DC-0796,38.19,air-cooled,58.1,0.0716,197.78,1.669,11463425.8,12.03,4.594,16511991.21,10903215.84,13707603.52,13164210.26,13915413.96,14803508.65,10966082.82,3.1
DC-0797,15.93,hybrid,63.8,0.1222,158.55,1.26,13741352.91,9.7,1.545,6801752.34,2939517.0,4870634.67,4032558.97,4492566.15,4947354.23,3896507.74,3.7
DC-0798,28.37,air-cooled,85.8,0.0991,191.17,1.574,11157185.05,12.69,3.6,13844840.54,8258544.0,11051692.27,10149525.08,10857641.45,11619468.34,8841353.82,2.9
DC-0799,16.82,air-cooled,66.2,0.1433,195.96,1.585,11125292.18,12.1,2.035,9080068.92,4785343.2,6932706.06,6707368.1,7150033.09,7527184.58,5546164.85,2.7
DC-0800,16.84,hybrid,73.7,0.1171,180.72,1.207,13451041.07,8.59,1.447,6116839.45,3138022.08,4627430.77,4469485.82,4847030.12,5364658.8,3701944.62,4.1
DC-0801,34.84,liquid-cooled,59.1,0.1206,184.79,1.056,16941635.02,2.43,0.847,4133720.24,1878205.56,3005962.9,2876626.24,4500006.46,6007580.31,2404770.32,13.0
DC-0802,10.88,hybrid,76.0,0.0899,201.45,1.254,14663650.49,8.42,0.916,3889467.99,2214338.4,3051903.2,2822575.3,3111783.48,3435015.51,2441522.56,4.0
DC-0803,17.76,hybrid,66.5,0.1403,173.43,1.197,13449488.65,9.38,1.666,7430229.67,3467212.56,5448721.12,4795501.03,5261511.26,5827790.04,4358976.9,3.7
DC-0804,11.36,air-cooled,84.6,0.1325,174.98,1.625,9804954.67,12.91,1.467,5963378.94,3080347.92,4521863.43,4250912.39,4522435.38,4817304.54,3617490.74,2.8
DC-0805,11.62,liquid-cooled,81.3,0.1311,176.57,1.127,16789583.13,2.97,0.345,1733730.52,730999.8,1232365.16,967868.03,1539049.54,2001154.47,985892.13,10.6
DC-0806,12.84,air-cooled,66.1,0.1037,201.48,1.586,10427609.13,12.89,1.655,6219469.98,4001392.8,5110431.39,4740835.07,5058156.92,5385978.09,4088345.11,2.8
DC-0807,19.64,hybrid,70.5,0.1045,203.38,1.193,13770551.38,9.4,1.846,7664995.51,4505273.76,6085134.64,5290184.31,5785936.52,6336648.91,4868107.71,3.6
DC-0808,11.21,air-cooled,65.4,0.1245,163.06,1.573,10418895.51,12.88,1.444,5820555.16,2825503.68,4323029.42,4029288.26,4276996.43,4557474.23,3458423.54,2.9
DC-0809,44.91,liquid-cooled,55.0,0.1061,199.09,1.103,15748644.2,3.6,1.617,7316709.32,3863142.36,5589925.84,3919917.89,5796001.37,7540536.16,4471940.67,9.0
DC-0810,8.04,hybrid,61.7,0.1287,196.28,1.274,13364977.13,8.56,0.688,3031546.65,1620487.68,2326017.16,2211831.4,2433381.93,2678638.15,1860813.73,3.9
DC-0811,14.16,hybrid,74.4,0.0768,207.3,1.253,13087887.12,8.04,1.138,4269090.54,2830888.8,3549989.67,3646224.32,4071109.26,4456008.01,2839991.74,4.5
DC-0812,11.57,air-cooled,75.9,0.1102,189.78,1.563,11221487.44,12.05,1.394,5579497.62,3174639.84,4377068.73,4244466.73,4499273.69,4801840.74,3501654.98,3.0
DC-0813,52.33,air-cooled,73.8,0.1559,183.34,1.567,11382770.71,12.96,6.782,31668762.15,14920942.56,23294852.36,21027393.49,22212900.17,23521410.7,18635881.89,2.5
DC-0814,19.24,hybrid,68.4,0.1288,201.18,1.257,13121372.42,9.13,1.757,7615046.3,4241679.12,5928362.71,5355215.65,5899876.3,6424993.36,4742690.17,3.7
DC-0815,37.54,hybrid,83.2,0.1233,194.48,1.225,13482314.49,9.07,3.405,14706883.45,7946452.8,11326668.12,10159959.01,11230500.88,12390124.68,9061334.5,3.7
DC-0816,5.01,air-cooled,72.8,0.1597,217.67,1.598,10832556.96,12.14,0.608,2822817.62,1588120.32,2205468.97,2154591.02,2279066.15,2412446.45,1764375.18,2.6
DC-0817,20.36,liquid-cooled,80.4,0.0733,198.38,1.059,17688779.48,4.97,1.012,4666162.24,2409126.72,3537644.48,1690598.0,2508289.85,3321936.73,2830115.58,6.5
DC-0818,33.51,liquid-cooled,50.7,0.1037,186.3,1.124,17458068.49,4.14,1.387,6797168.07,3100777.2,4948972.64,2715029.34,4201634.4,5585422.84,3959178.11,7.6
DC-0819,17.56,air-cooled,24.9,0.112,166.39,1.558,11153038.54,17.1,3.003,12033135.02,5996030.04,9014582.53,8608770.71,9179313.56,9810944.85,7211666.02,2.2
DC-0820,38.57,hybrid,75.4,0.1372,175.29,1.28,14247935.19,8.34,3.217,15134711.0,6766895.16,10950803.08,10426031.12,11440752.93,12584516.26,8760642.46,4.0
DC-0821,10.87,air-cooled,54.9,0.1375,162.46,1.596,11006114.68,12.6,1.37,5984413.81,2670842.4,4327628.1,3992656.46,4254633.17,4553519.91,3462102.48,2.8
DC-0822,50.78,air-cooled,69.5,0.1027,180.77,1.552,10874244.91,12.32,6.256,23852618.89,13570765.44,18711692.16,17908381.75,19194049.77,20449312.04,14969353.73,3.1
DC-0823,103.45,air-cooled,68.4,0.14,197.89,1.595,11785194.44,12.64,13.076,59823224.31,31051315.68,45437270.0,40984771.26,43699305.31,46274292.88,36349816.0,2.6
DC-0824,12.3,hybrid,91.0,0.1119,183.94,1.24,14108507.03,9.05,1.113,4842358.42,2456702.64,3649530.53,3221276.38,3555593.44,3933535.84,2919624.42,3.8
DC-0825,11.51,hybrid,76.8,0.1442,199.33,1.277,13020586.4,9.74,1.121,5051853.57,2681387.16,3866620.36,3271746.51,3585114.78,3965318.87,3093296.29,3.3
DC-0826,52.6,air-cooled,74.0,0.0993,189.06,1.647,11457171.45,12.14,6.386,25408046.5,14488045.92,19948046.21,18821196.66,19989250.8,21300933.7,15958436.97,3.0
DC-0827,58.19,hybrid,82.0,0.1175,177.95,1.295,12522423.88,8.2,4.772,19640141.22,10190128.8,14915135.01,15238284.1,16602732.91,18352791.07,11932108.01,4.4
DC-0828,10.82,hybrid,76.4,0.1102,185.31,1.25,14780569.19,8.19,0.886,3979257.18,1970215.92,2974736.55,2830171.7,3118393.76,3451477.46,2379789.24,4.1
DC-0829,11.75,hybrid,66.5,0.1411,191.08,1.256,13968535.41,9.64,1.133,5275905.36,2597923.68,3936914.52,3276031.49,3613763.65,3965069.71,3149531.62,3.4
DC-0830,13.13,air-cooled,84.9,0.1095,186.09,1.625,11645292.5,12.06,1.583,6564028.67,3534965.64,5049497.16,4743797.79,5086143.18,5391745.18,4039597.73,2.9
DC-0831,5.61,liquid-cooled,58.7,0.1192,186.26,1.072,17465806.15,2.2,0.123,615081.68,274919.76,445000.72,480371.05,714467.62,954035.08,356000.58,14.2
DC-0832,7.89,air-cooled,75.9,0.1301,172.46,1.695,11821375.48,12.98,1.024,4668132.5,2119188.48,3393660.49,2932261.86,3120770.93,3296746.07,2714928.39,2.6
DC-0833,7.36,air-cooled,53.4,0.1309,177.51,1.549,10755594.37,12.37,0.91,3791374.49,1938409.2,2864891.84,2759759.7,2928117.1,3114464.56,2291913.47,2.9
DC-0834,8.9,air-cooled,74.4,0.1377,217.88,1.539,11078537.32,12.34,1.098,4741514.27,2870786.88,3806150.58,3634598.94,3862536.42,4109104.3,3044920.46,2.6
DC-0835,15.99,air-cooled,74.3,0.1242,202.43,1.599,10227320.98,12.73,2.036,8169322.15,4945769.76,6557545.96,6227239.65,6577662.34,6992097.26,5246036.77,2.7
DC-0836,19.83,liquid-cooled,92.1,0.1116,161.89,1.075,16026527.16,2.45,0.486,2241620.41,944142.48,1592881.44,1608689.27,2304889.91,3214879.17,1274305.15,14.0
DC-0837,56.85,air-cooled,53.2,0.113,148.5,1.455,10564929.79,12.29,6.987,26467018.54,12450834.0,19458926.27,19251495.8,20535187.13,21874169.39,15567141.02,3.3
DC-0838,7.4,hybrid,64.8,0.1205,185.14,1.276,13600434.99,9.36,0.693,3027882.6,1539624.24,2283753.42,1977254.14,2178058.83,2393048.21,1827002.74,3.6
DC-0839,36.14,air-cooled,81.9,0.125,197.4,1.543,11271512.93,12.22,4.416,18522318.71,10460620.8,14491469.76,13887462.59,14797000.43,15795786.34,11593175.81,2.8
DC-0840,13.86,air-cooled,76.0,0.1171,176.2,1.629,11024128.32,12.86,1.782,7343315.45,3767860.8,5555588.12,5023741.93,5342482.53,5661512.85,4444470.5,2.8
DC-0841,15.81,liquid-cooled,74.2,0.1204,199.32,1.056,18671305.86,2.27,0.359,1889397.8,858670.56,1374034.18,1313752.99,1972079.13,2695446.27,1099227.34,12.9
DC-0842,28.22,hybrid,60.5,0.0897,184.89,1.261,14242419.34,9.9,2.794,11611418.55,6198991.92,8905205.24,7150843.31,7894595.58,8723945.27,7124164.19,3.6
DC-0843,6.7,air-cooled,64.9,0.1333,181.55,1.61,11215497.57,12.86,0.862,3768959.38,1877953.2,2823456.29,2539063.7,2697856.92,2869108.53,2258765.03,2.7
DC-0844,22.33,air-cooled,86.9,0.1236,195.34,1.58,11444906.19,12.17,2.718,11562468.12,6371209.44,8966838.78,8533397.51,9074727.38,9567149.18,7173471.02,2.8
DC-0845,18.79,air-cooled,71.4,0.14,176.02,1.591,11762171.69,12.53,2.354,10746053.15,4972212.96,7859133.06,7166570.91,7594576.34,8059738.15,6287306.45,2.7
DC-0846,24.38,air-cooled,76.5,0.12,179.7,1.52,11468566.49,12.77,3.113,12907725.55,6712873.2,9810299.38,8904975.66,9528698.45,10163430.48,7848239.5,2.8
DC-0847,20.72,hybrid,70.6,0.0852,194.05,1.288,14304338.05,8.09,1.676,6938712.34,3902733.6,5420722.97,5253327.9,5857755.86,6445189.83,4336578.38,4.3
DC-0848,117.24,hybrid,57.8,0.1128,183.53,1.281,12819599.64,9.01,10.563,43462434.11,23263528.68,33362981.4,30423745.67,33651332.95,37358768.08,26690385.12,4.0
DC-0849,9.87,air-cooled,83.2,0.116,212.63,1.588,11234036.2,12.9,1.273,5232175.85,3248135.88,4240155.86,3822612.92,4056175.14,4302176.83,3392124.69,2.6
DC-0850,10.75,liquid-cooled,78.0,0.1349,194.41,1.096,17111336.61,4.4,0.473,2411206.78,1103471.16,1757338.97,946286.11,1425645.05,1894203.09,1405871.18,6.9
DC-0851,9.99,hybrid,98.0,0.0786,193.43,1.243,13375786.19,8.76,0.875,3349716.28,2031015.0,2690365.64,2510048.77,2768331.47,3056051.69,2152292.51,4.2
DC-0852,10.54,air-cooled,59.8,0.1208,183.26,1.616,10597023.47,12.4,1.307,5312900.41,2874249.84,4093575.12,3901369.8,4155674.12,4406332.5,3274860.1,2.9
DC-0853,9.88,air-cooled,81.9,0.1303,197.12,1.674,11806188.22,12.34,1.219,5527370.03,2883471.36,4205420.7,3832358.7,4086802.51,4320193.87,3364336.56,2.6
DC-0854,42.57,hybrid,56.3,0.1068,179.16,1.268,14020320.97,9.09,3.87,16648457.9,8320190.4,12484324.15,11075308.89,12049932.23,13320086.58,9987459.32,3.8
DC-0855,51.23,hybrid,73.9,0.1215,188.24,1.288,13973764.33,9.0,4.611,20639531.72,10415695.68,15527613.7,13696250.01,15137860.77,16664156.31,12422090.96,3.7
DC-0856,10.42,air-cooled,83.7,0.1075,170.26,1.499,11857915.64,12.96,1.35,5463045.9,2758212.0,4110628.95,3637311.83,3893081.28,4142600.04,3288503.16,2.9
DC-0857,8.45,air-cooled,47.1,0.1054,199.59,1.499,11508758.88,13.45,1.137,4481524.92,2723205.96,3602365.44,3263719.46,3482652.33,3687582.23,2881892.35,2.6
DC-0858,23.98,air-cooled,69.5,0.1118,188.36,1.518,11046699.57,12.46,2.988,11777210.22,6753836.16,9265523.19,8810989.38,9385722.51,9982788.06,7412418.55,2.9
DC-0859,10.57,hybrid,65.2,0.1058,213.74,1.26,13875674.14,9.88,1.044,4438316.72,2677734.72,3558025.72,2900657.43,3241416.68,3532069.54,2846420.58,3.3
DC-0860,27.29,air-cooled,63.6,0.1337,219.88,1.522,11242904.99,12.33,3.365,14405591.9,8878754.4,11642173.15,11087779.68,11842008.53,12510978.83,9313738.52,2.6
DC-0861,19.34,air-cooled,76.6,0.1053,195.45,1.621,11507742.74,12.09,2.338,9474819.7,5483545.2,7479182.45,7053180.02,7521190.24,7994209.03,5983345.96,2.9
DC-0862,4.89,hybrid,85.4,0.1019,185.03,1.207,12690643.72,8.79,0.43,1675952.67,954754.8,1315353.73,1256581.01,1390475.35,1529271.52,1052282.98,4.2
DC-0863,56.71,liquid-cooled,70.4,0.1554,169.81,1.05,18394128.29,2.21,1.253,6912742.44,2553263.16,4733002.8,4914207.25,7439005.29,9911898.67,3786402.24,13.5
DC-0864,69.18,liquid-cooled,74.5,0.1392,197.57,1.08,17283707.32,2.47,1.709,8814624.16,4051765.56,6433194.86,5876001.25,8915877.97,12293068.02,5146555.89,12.1
DC-0865,10.07,air-cooled,73.4,0.0828,187.15,1.577,11426676.43,12.35,1.244,4581780.98,2793775.2,3687778.09,3465000.93,3668208.81,3897473.57,2950222.47,3.1
DC-0866,12.06,air-cooled,72.0,0.1047,192.07,1.595,10687208.55,12.31,1.485,5699169.49,3422687.4,4560928.44,4379370.36,4678213.89,4974974.06,3648742.75,3.0
DC-0867,20.67,air-cooled,58.9,0.1248,209.95,1.524,10666002.53,12.15,2.511,10135231.5,6326213.4,8230722.45,8171748.56,8629189.5,9193304.31,6584577.96,2.8
DC-0868,21.49,air-cooled,85.3,0.1265,171.63,1.642,11048054.87,12.69,2.727,11657077.41,5616420.12,8636748.76,7815804.33,8355666.49,8870905.38,6909399.01,2.8
DC-0869,27.85,liquid-cooled,75.5,0.0902,170.14,1.048,17603705.03,4.07,1.133,5370435.57,2313223.44,3841829.5,2182764.35,3361739.49,4468819.02,3073463.6,8.2
DC-0870,82.12,air-cooled,76.7,0.1432,180.45,1.53,10714279.47,12.78,10.495,45130934.36,22725873.0,33928403.68,31775177.56,33698175.16,35717784.97,27142722.94,2.7
DC-0871,14.27,air-cooled,62.3,0.1365,196.32,1.551,10985207.21,12.22,1.744,7491787.82,4108584.96,5800186.39,5613104.34,5973053.03,6328550.44,4640149.11,2.8
DC-0872,8.68,air-cooled,66.5,0.1296,192.32,1.652,10682515.18,12.46,1.082,4597852.16,2497082.88,3547467.52,3323350.41,3547806.35,3767106.28,2837974.02,2.8
DC-0873,5.46,air-cooled,69.9,0.1471,170.56,1.566,10565517.63,12.23,0.668,2916377.21,1367208.96,2141793.08,2096337.86,2234345.78,2374203.73,1713434.46,2.9
DC-0874,9.16,hybrid,53.6,0.129,195.35,1.239,13334534.23,8.24,0.755,3294328.79,1769871.0,2532099.9,2531191.26,2785228.2,3051292.73,2025679.92,4.1
DC-0875,16.01,air-cooled,51.7,0.129,165.98,1.506,10401676.17,12.92,2.068,8299553.69,4118959.68,6209256.68,5813228.56,6195796.03,6614494.18,4967405.34,2.9
DC-0876,69.11,air-cooled,64.8,0.1512,171.43,1.659,10899419.68,12.64,8.736,40355590.94,17971349.76,29163470.35,26771259.11,28475743.24,30084944.94,23330776.28,2.7
DC-0877,10.87,air-cooled,78.3,0.142,182.27,1.597,10614759.52,12.43,1.351,5870602.56,2954961.24,4412781.9,4197719.59,4478691.71,4756779.85,3530225.52,2.8
DC-0878,19.67,air-cooled,64.2,0.1032,175.7,1.591,10231592.0,12.13,2.386,8856836.83,5030642.4,6943739.62,6906414.15,7314197.77,7815942.08,5554991.7,3.2
DC-0879,16.23,air-cooled,59.8,0.1327,197.35,1.64,11267416.25,12.65,2.053,9054328.57,4861914.6,6958121.58,6334876.53,6749716.52,7168726.14,5566497.26,2.6
DC-0880,42.55,hybrid,62.2,0.1067,188.3,1.218,13397503.17,9.85,4.191,17248805.59,9469983.6,13359394.6,11110444.84,12326506.08,13468440.88,10687515.68,3.6
DC-0881,124.16,hybrid,66.5,0.1301,210.48,1.209,14055188.8,8.56,10.628,47839216.7,26843777.28,37341496.99,35197997.21,38910000.86,42771517.52,29873197.59,3.7
DC-0882,10.75,hybrid,67.8,0.1295,180.29,1.274,13692835.59,8.75,0.941,4223305.33,2035834.68,3129570.0,2883665.24,3174581.33,3531579.97,2503656.0,3.9
DC-0883,11.12,liquid-cooled,98.0,0.0923,182.17,1.052,17197843.82,4.35,0.484,2261410.41,1058043.36,1659726.89,903194.06,1322484.96,1813331.84,1327781.51,7.5
DC-0884,37.91,liquid-cooled,84.7,0.1176,202.16,1.103,17178360.95,2.61,0.989,4899207.0,2399234.88,3649220.94,3243453.44,4873523.67,6654397.34,2919376.75,11.7
DC-0885,28.38,liquid-cooled,84.3,0.1253,182.64,1.06,19450727.78,4.53,1.286,7054828.35,2818500.48,4936664.42,2371683.7,3564869.64,4789007.75,3949331.54,6.5
DC-0886,72.05,air-cooled,86.0,0.1113,206.41,1.61,11085458.19,12.67,9.129,36818770.9,22611802.68,29715286.79,27527737.43,29033327.86,30826915.3,23772229.43,2.7
DC-0887,26.24,air-cooled,60.0,0.1263,192.11,1.593,10836949.01,12.38,3.249,13550561.99,7489984.68,10520273.34,10002788.14,10674696.53,11267462.27,8416218.67,2.8
DC-0888,12.34,air-cooled,57.3,0.1361,148.71,1.621,11977179.14,12.4,1.53,7029141.18,2730315.6,4879728.39,4391623.87,4734565.07,5029064.56,3903782.71,2.8
DC-0889,26.38,liquid-cooled,58.7,0.1194,201.66,1.083,18483526.55,3.23,0.852,4464656.96,2061771.84,3263214.4,2267226.89,3375142.86,4587867.2,2610571.52,9.1
DC-0890,39.92,liquid-cooled,88.0,0.1245,197.69,1.087,18814976.92,3.95,1.577,8463143.85,3741085.56,6102114.7,3520916.85,5322685.06,6986987.78,4881691.76,7.4
DC-0891,31.7,liquid-cooled,65.4,0.1477,198.27,1.051,17019085.03,2.38,0.754,3876960.44,1793946.96,2835453.7,2785235.98,4333219.47,5692599.24,2268362.96,12.6
DC-0892,24.68,air-cooled,57.0,0.1295,155.34,1.622,10242099.64,12.9,3.184,13105507.6,5935230.72,9520369.16,8855252.54,9459834.32,10071828.9,7616295.33,2.9
DC-0893,38.6,liquid-cooled,66.8,0.124,174.06,1.095,15582894.64,2.2,0.849,3949801.24,1773323.28,2861562.26,3226107.82,4880576.33,6405631.3,2289249.81,15.2
DC-0894,41.91,air-cooled,69.1,0.1008,175.17,1.563,11087213.12,12.89,5.402,20765107.8,11355220.08,16060163.94,14595223.48,15643438.79,16648175.79,12848131.15,2.9
DC-0895,49.69,air-cooled,75.2,0.1334,171.38,1.59,11746597.99,12.22,6.072,27132147.08,12487432.32,19809789.7,18563917.84,19690698.38,20965353.51,15847831.76,2.8
DC-0896,27.63,air-cooled,75.0,0.1266,210.13,1.615,10471997.17,12.57,3.473,14302409.0,8757377.88,11529893.44,10892952.23,11585356.91,12303248.99,9223914.75,2.7
DC-0897,14.39,air-cooled,62.1,0.1457,183.82,1.589,10767083.51,12.97,1.866,8249169.46,4116097.44,6182633.45,5627521.14,5972081.47,6346101.1,4946106.76,2.6
DC-0898,18.49,air-cooled,80.2,0.1209,183.45,1.589,11062713.26,12.61,2.332,9657430.45,5133664.8,7395547.62,6830805.06,7310122.03,7748853.52,5916438.1,2.8
DC-0899,43.17,air-cooled,64.3,0.0837,192.28,1.522,11039290.08,12.43,5.366,19151920.65,12381293.76,15766607.2,14886478.63,15891948.58,16961567.91,12613285.76,3.1
DC-0900,8.55,air-cooled,70.1,0.086,192.54,1.596,11566046.5,12.15,1.039,3919726.33,2400588.72,3160157.53,2963969.83,3164238.94,3387874.71,2528126.02,3.0
DC-0901,22.09,hybrid,80.2,0.1347,133.98,1.257,13203232.27,8.58,1.895,8370738.82,3046705.2,5708722.01,5504389.11,6012072.23,6644345.51,4566977.61,4.4
DC-0902,12.01,liquid-cooled,64.3,0.1086,174.3,1.106,16590430.65,3.37,0.405,1919270.69,847098.0,1383184.34,983530.4,1469946.0,1950641.67,1106547.47,9.8
DC-0903,16.83,hybrid,65.2,0.1287,162.81,1.244,13424275.74,9.9,1.666,7306531.07,3254897.52,5280714.3,4339215.17,4873282.2,5302352.51,4224571.44,3.6
DC-0904,45.73,air-cooled,79.1,0.1223,190.0,1.539,11546165.92,12.05,5.51,23222551.91,12562800.0,17892675.95,17242124.7,18337599.21,19585368.93,14314140.76,2.9
DC-0905,19.16,hybrid,61.7,0.1167,179.67,1.265,14303161.47,8.47,1.623,7257536.16,3499252.92,5378394.54,5011878.82,5526467.63,6099908.71,4302715.63,4.0
DC-0906,17.07,liquid-cooled,67.4,0.1181,184.23,1.078,17108055.32,4.59,0.784,3854960.49,1733235.84,2794098.16,1416181.82,2182005.34,2890808.65,2235278.53,6.9
DC-0907,5.54,air-cooled,78.7,0.1027,152.82,1.593,11033496.01,12.17,0.674,2618512.67,1236008.16,1927260.42,1841803.01,1983281.38,2107108.89,1541808.34,3.2
DC-0908,29.87,air-cooled,96.6,0.1197,179.35,1.608,11428739.3,12.96,3.871,16358163.24,8331166.2,12344664.72,10955366.93,11655891.44,12360030.52,9875731.78,2.7
DC-0909,27.56,air-cooled,79.3,0.1083,200.73,1.603,10831307.9,12.32,3.395,13334664.52,8177740.2,10756202.36,10283384.16,10941124.1,11552603.84,8604961.89,2.9
DC-0910,92.81,air-cooled,77.7,0.1126,205.14,1.537,10801864.2,12.58,11.675,45724836.03,28740114.0,37232475.02,35348700.44,37642246.6,39645296.73,29785980.02,2.8
DC-0911,12.86,hybrid,78.4,0.1135,194.78,1.147,13210661.77,8.75,1.125,4585633.69,2629530.0,3607581.84,3459729.37,3824047.49,4170535.71,2886065.47,4.0
DC-0912,19.6,liquid-cooled,59.1,0.1155,163.97,1.066,17883468.74,4.38,0.858,4335183.69,1688235.12,3011709.4,1611804.77,2397469.19,3215139.29,2409367.52,7.3
DC-0913,20.08,air-cooled,73.4,0.1384,202.89,1.642,9751461.03,12.69,2.548,10593885.51,6203564.64,8398725.07,8037078.57,8511485.21,9044293.6,6718980.06,2.7
DC-0914,58.09,hybrid,71.6,0.1174,194.86,1.243,13456300.12,8.15,4.734,20207646.83,11069606.88,15638626.86,15666015.21,17328973.76,18958089.14,12510901.49,4.2
DC-0915,15.24,liquid-cooled,75.9,0.1405,182.24,1.068,17842691.92,3.34,0.509,2687273.49,1113121.92,1900197.7,1326482.72,2016838.95,2647182.07,1520158.16,9.0
DC-0916,20.56,liquid-cooled,73.4,0.1508,153.62,1.122,17511423.35,4.75,0.977,5250005.63,1801040.88,3525523.26,1662254.17,2542248.76,3405150.95,2820418.61,6.6
DC-0917,26.74,air-cooled,76.6,0.1371,198.3,1.604,11531432.5,12.35,3.302,14822473.74,7857439.2,11339956.47,10562946.03,11190780.79,11889123.59,9071965.18,2.7
DC-0918,19.09,liquid-cooled,68.3,0.1307,175.12,1.115,18219203.64,2.12,0.405,2156751.0,851083.2,1503917.1,1562144.13,2369275.36,3241966.93,1203133.68,14.3
DC-0919,11.51,air-cooled,72.7,0.1265,189.19,1.561,11173441.69,12.26,1.411,5944251.75,3203365.08,4573808.42,4386359.98,4634048.43,4966773.95,3659046.74,2.8
DC-0920,19.21,hybrid,57.3,0.1373,185.03,1.237,13631510.76,9.24,1.775,8017717.4,3941139.0,5979428.2,5255133.31,5827246.14,6439483.34,4783542.56,3.6
DC-0921,38.82,air-cooled,68.2,0.1218,207.08,1.564,10722189.94,12.14,4.713,19094468.9,11711616.48,15403042.69,15130751.79,16108599.38,17014459.91,12322434.15,2.8
DC-0922,7.23,air-cooled,88.7,0.1397,182.12,1.592,10515306.26,12.07,0.873,3740787.32,1907889.12,2824338.22,2805087.97,2965958.83,3135261.6,2259470.58,2.9
DC-0923,18.29,hybrid,75.8,0.1323,183.77,1.25,14382021.17,8.99,1.644,7635869.88,3625414.56,5630642.22,4960452.94,5443680.51,6027304.87,4504513.78,3.7
DC-0924,9.39,air-cooled,71.7,0.1128,207.68,1.646,10920178.38,12.81,1.203,4875957.49,2998068.48,3937012.99,3603903.66,3813277.73,4039219.75,3149610.39,2.7
DC-0925,42.78,air-cooled,94.8,0.1379,174.13,1.583,11784491.83,12.5,5.348,24232035.59,11174966.88,17703501.24,16122359.52,17184417.7,18248900.49,14162800.99,2.7
DC-0926,4.86,air-cooled,55.7,0.1218,196.21,1.632,10786459.62,12.14,0.59,2441586.85,1389166.8,1915376.83,1845714.32,1964409.99,2077808.08,1532301.46,2.9
DC-0927,10.52,hybrid,58.7,0.1179,181.02,1.24,13704824.14,9.49,0.998,4317541.05,2167895.52,3242718.28,2766948.52,3056397.38,3357463.72,2594174.62,3.6
DC-0928,22.24,air-cooled,92.6,0.1105,168.96,1.616,11807620.34,12.13,2.698,11299686.2,5470248.96,8384967.58,7782811.48,8340913.83,8886473.15,6707974.06,3.0
DC-0929,57.54,hybrid,72.6,0.1233,184.02,1.234,12741841.3,9.38,5.397,22475124.11,11917871.28,17196497.7,15312391.75,16969858.4,18597050.88,13757198.16,3.8
DC-0930,15.6,air-cooled,69.1,0.1399,194.38,1.553,11269641.97,12.15,1.895,8352408.92,4420201.2,6386305.06,6142082.61,6516665.08,6918395.73,5109044.05,2.7
DC-0931,10.55,air-cooled,57.6,0.1378,204.31,1.632,11449828.32,12.77,1.347,6080949.59,3302466.84,4691708.22,4213116.82,4504975.05,4768896.06,3753366.58,2.5
DC-0932,74.06,air-cooled,77.4,0.1271,206.12,1.493,10772185.19,12.26,9.08,36829561.97,22458835.2,29644198.58,29039971.01,30862292.2,32748687.53,23715358.86,2.8
DC-0933,5.16,air-cooled,78.5,0.132,179.58,1.651,11511800.13,12.72,0.656,2930523.96,1413653.76,2172088.86,1950504.93,2068805.66,2198086.22,1737671.09,2.7
DC-0934,2.83,air-cooled,58.9,0.1454,169.19,1.534,10329813.68,12.8,0.362,1538274.14,734961.36,1136617.75,1079950.22,1148866.97,1220429.44,909294.2,2.8
DC-0935,23.38,air-cooled,70.3,0.117,179.22,1.504,10811807.65,12.13,2.836,11185477.82,6099215.04,8642346.43,8529749.55,9091513.16,9697873.97,6913877.14,3.0
DC-0936,11.01,liquid-cooled,68.0,0.0977,166.28,1.065,16569522.21,3.39,0.373,1713412.21,744269.28,1228840.75,853232.58,1289434.91,1756362.56,983072.6,10.1
DC-0937,7.26,hybrid,75.1,0.146,180.74,1.225,13096250.46,8.47,0.615,2753357.39,1333861.2,2043609.3,2016863.84,2209989.26,2435484.81,1634887.44,4.0
DC-0938,28.98,air-cooled,58.6,0.1094,178.88,1.585,11149414.55,12.17,3.527,14096089.03,7570917.12,10833503.08,10280809.04,11073547.42,11772513.67,8666802.46,3.0
DC-0939,19.99,air-cooled,87.0,0.1062,194.91,1.495,10993913.49,12.43,2.485,9527262.19,5812216.2,7669739.2,7315994.85,7783602.21,8300829.14,6135791.36,2.9
DC-0940,10.47,liquid-cooled,83.0,0.0841,150.91,1.077,16528208.25,4.67,0.489,2184058.99,885539.88,1534799.44,765177.03,1150193.72,1562435.91,1227839.55,7.7
DC-0941,5.9,air-cooled,67.6,0.1314,173.0,1.614,10507583.98,12.49,0.737,3090120.1,1530012.0,2310066.05,2199892.35,2339872.25,2488523.22,1848052.84,2.9
DC-0942,33.05,air-cooled,69.4,0.0876,173.12,1.547,10188818.57,12.54,4.144,14302239.32,8608911.36,11455575.34,11065788.53,11793124.74,12669208.21,9164460.27,3.2
DC-0943,27.66,hybrid,70.4,0.105,201.81,1.282,13819563.16,8.02,2.218,9426938.36,5371374.96,7399156.66,7405401.93,8172302.32,8975803.23,5919325.33,4.2
DC-0944,15.19,hybrid,62.7,0.1318,167.29,1.245,13694069.47,8.07,1.226,5493171.11,2461170.48,3977170.8,3984319.09,4439803.57,4829841.08,3181736.64,4.3
DC-0945,72.05,hybrid,66.7,0.1344,187.4,1.21,13136189.64,9.74,7.018,30484363.77,15782078.4,23133221.08,19736427.95,21659047.84,23840785.84,18506576.86,3.5
DC-0946,6.99,air-cooled,68.8,0.107,182.08,1.602,10930514.6,12.28,0.858,3372446.12,1874695.68,2623570.9,2507984.78,2664215.15,2835696.96,2098856.72,3.0
DC-0947,4.85,air-cooled,91.4,0.1173,199.65,1.509,11968812.65,12.43,0.603,2538814.56,1444667.4,1991740.98,1826006.99,1948846.31,2075388.45,1593392.78,2.7
DC-0948,9.45,hybrid,83.4,0.1025,192.94,1.265,13863691.63,9.53,0.901,3799214.14,2086067.28,2942640.71,2447085.09,2726700.32,3017644.08,2354112.57,3.6
DC-0949,15.86,air-cooled,83.2,0.109,185.82,1.555,12743350.45,12.67,2.009,8672113.4,4479748.56,6575930.98,5776525.19,6128316.41,6520645.53,5260744.78,2.7
DC-0950,19.98,air-cooled,76.4,0.1253,175.68,1.564,10826036.4,12.76,2.549,10508191.48,5373699.84,7940945.66,7404249.9,7898003.51,8377113.53,6352756.53,2.8
DC-0951,13.56,air-cooled,58.6,0.11,156.21,1.646,10923363.32,12.94,1.755,7043691.92,3289782.6,5166737.26,4648359.25,4965496.48,5294577.83,4133389.81,3.0
DC-0952,21.79,air-cooled,71.5,0.1151,187.71,1.554,11774794.74,12.05,2.626,10985823.62,5915117.52,8450470.57,8036530.05,8552455.66,9072095.08,6760376.46,2.9
DC-0953,6.04,liquid-cooled,83.6,0.0907,191.96,1.098,17435095.51,4.49,0.271,1286399.55,624253.92,955326.74,482521.38,745071.89,1023432.93,764261.39,7.1
DC-0954,52.2,hybrid,56.9,0.1427,160.38,1.239,13333426.22,9.12,4.761,21480670.43,9162830.16,15321750.3,13765291.78,15280905.6,16683942.09,12257400.24,3.8
DC-0955,15.4,hybrid,79.6,0.1302,165.49,1.217,12527370.79,8.94,1.377,5744722.77,2734556.76,4239639.76,4021833.72,4462029.86,4883132.62,3391711.81,4.1
DC-0956,40.2,air-cooled,98.0,0.1359,187.78,1.533,10678204.21,12.59,5.061,21245805.92,11404254.96,16325030.44,15389636.92,16523132.52,17561879.98,13060024.35,2.8
DC-0957,21.63,air-cooled,84.7,0.1458,189.09,1.59,10430452.36,12.11,2.619,11389085.6,5942720.52,8665903.06,8577419.21,9087940.32,9634711.13,6932722.45,2.8
DC-0958,23.7,air-cooled,89.0,0.1035,169.14,1.607,10670093.58,12.43,2.946,11277684.32,5979437.28,8628560.8,8191590.46,8736993.58,9345722.7,6902848.64,3.1
DC-0959,25.94,air-cooled,74.6,0.1128,175.39,1.633,10576935.87,12.89,3.344,13255760.52,7038049.92,10146905.22,9248639.62,9899947.24,10549638.15,8117524.18,2.9
DC-0960,23.53,liquid-cooled,83.6,0.0821,156.45,1.08,17692019.67,3.28,0.772,3634801.12,1449352.8,2542076.96,1807451.82,2703133.5,3610655.18,2033661.57,10.4
DC-0961,27.5,air-cooled,63.4,0.1828,204.66,1.562,10792009.86,12.64,3.476,17030657.65,8536777.92,12783717.78,12065964.16,12748723.55,13517203.91,10226974.22,2.4
DC-0962,47.62,air-cooled,81.6,0.117,164.5,1.568,10197662.81,12.38,5.895,22832642.81,11636730.0,17234686.4,16702057.89,17919267.08,19225492.76,13787749.12,3.1
DC-0963,19.24,air-cooled,79.9,0.1408,192.13,1.617,10702744.76,12.25,2.357,10306709.54,5434204.92,7870457.23,7550403.39,8047745.35,8576465.09,6296365.78,2.8
DC-0964,29.0,hybrid,75.5,0.0952,183.48,1.225,13745398.29,9.57,2.775,11311244.52,6109884.0,8710564.26,7396511.71,8127090.26,8987130.08,6968451.41,3.7
DC-0965,15.31,air-cooled,87.8,0.1399,203.34,1.529,10488762.81,12.13,1.857,7808058.03,4531228.56,6169643.3,6135815.37,6514464.95,6924033.46,4935714.64,2.8
DC-0966,52.04,air-cooled,65.5,0.1572,172.12,1.603,10900668.2,12.18,6.338,29343780.95,13090758.72,21217269.84,20495149.42,21789568.38,22981142.25,16973815.87,2.8
DC-0967,9.57,air-cooled,69.8,0.1188,184.92,1.613,10751691.66,12.12,1.16,4718757.69,2574086.4,3646422.04,3568990.78,3778435.94,3992163.7,2917137.63,3.0
DC-0968,69.46,liquid-cooled,73.1,0.0998,158.52,1.095,16993565.78,2.91,2.021,9566705.66,3844427.04,6705566.35,5365799.65,8190867.21,10881485.95,5364453.08,11.7
DC-0969,15.92,air-cooled,59.6,0.1172,154.92,1.573,9722708.5,12.31,1.96,7400091.61,3643718.4,5521905.0,5510438.59,5898865.36,6293147.62,4417524.0,3.2
DC-0970,5.24,liquid-cooled,74.7,0.0755,192.95,1.103,16796816.39,2.95,0.155,691629.84,358887.0,525258.42,417650.95,617977.14,854182.73,420206.74,11.2
DC-0971,18.22,hybrid,51.4,0.1192,157.22,1.282,13553602.19,9.81,1.787,7774460.98,3371425.68,5572943.33,4611445.01,5091820.9,5584394.61,4458354.66,3.7
DC-0972,9.54,air-cooled,84.6,0.1364,180.58,1.624,11612979.59,12.55,1.197,5411782.16,2593851.12,4002816.64,3632352.31,3867885.15,4116571.01,3202253.31,2.7
DC-0973,32.22,hybrid,72.6,0.1193,199.17,1.27,13952196.62,9.91,3.193,14137724.32,7631397.72,10884561.02,8776475.16,9658499.11,10586017.33,8707648.82,3.3
DC-0974,9.76,air-cooled,65.7,0.1143,195.2,1.543,10540479.2,12.69,1.239,4816346.41,2902233.6,3859290.0,3649680.8,3890666.82,4134393.28,3087432.0,2.8
DC-0975,11.51,liquid-cooled,62.0,0.1306,174.03,1.086,17091732.36,4.76,0.548,2762252.94,1144421.28,1953337.11,945356.79,1448429.31,1948009.64,1562669.69,6.6
DC-0976,3.63,air-cooled,69.2,0.1321,160.17,1.51,10963942.13,12.19,0.442,1849238.51,849541.68,1349390.1,1315801.43,1396746.75,1492825.46,1079512.08,3.0
DC-0977,11.45,air-cooled,80.3,0.0868,191.64,1.487,10444137.14,12.42,1.422,4908156.12,3270144.96,4089150.54,4019431.8,4276572.03,4557973.84,3271320.43,3.2
DC-0978,2.37,air-cooled,78.6,0.1218,204.13,1.616,10667956.51,12.33,0.292,1195704.17,715271.52,955487.84,920398.48,977617.17,1033546.6,764390.27,2.8
DC-0979,4.63,air-cooled,63.5,0.1687,174.07,1.58,10041330.31,12.6,0.583,2662181.87,1217793.72,1939987.8,1880102.72,1995900.53,2112048.21,1551990.24,2.7
DC-0980,30.21,liquid-cooled,61.8,0.0933,171.95,1.107,18391251.65,4.32,1.305,6514174.72,2692737.0,4603455.86,2455875.67,3607072.81,4811832.22,3682764.69,7.4
DC-0981,30.83,air-cooled,79.9,0.1183,176.13,1.558,10514229.33,12.97,3.999,15800302.02,8452126.44,12126214.23,11206521.41,11950139.95,12725014.57,9700971.38,2.9
DC-0982,23.11,hybrid,63.3,0.1588,192.57,1.216,13470916.64,8.5,1.964,9201536.48,4538489.76,6870013.12,6581344.89,7316657.47,8032496.66,5496010.5,3.8
DC-0983,7.59,air-cooled,72.7,0.1421,202.43,1.575,11300562.26,12.06,0.915,4091687.63,2222681.4,3157184.51,3052695.76,3248599.33,3439169.69,2525747.61,2.7
DC-0984,15.83,liquid-cooled,73.5,0.1097,165.41,1.074,17783085.76,4.86,0.769,3832604.31,1526403.48,2679503.9,1258394.28,1957250.25,2587077.27,2143603.12,6.6
DC-0985,16.4,air-cooled,75.7,0.1241,161.53,1.585,11818512.8,12.64,2.073,9016337.37,4018220.28,6517278.82,5832225.01,6260530.38,6707548.37,5213823.06,2.8
DC-0986,6.51,air-cooled,82.3,0.12,219.1,1.592,12162540.06,12.7,0.827,3619197.69,2174348.4,2896773.04,2576741.06,2736224.15,2894117.44,2317418.43,2.5
DC-0987,54.75,air-cooled,56.8,0.105,181.34,1.7,10586672.12,12.74,6.975,27315870.29,15178158.0,21247014.14,19481079.92,20720193.78,21984365.14,16997611.31,2.9
DC-0988,33.18,hybrid,49.1,0.1185,187.79,1.235,13988207.04,9.39,3.116,13680781.03,7021843.68,10351312.36,9015609.02,10071509.3,11005384.49,8281049.89,3.6
DC-0989,13.78,air-cooled,65.2,0.1144,173.62,1.605,10422960.01,12.45,1.716,6734707.05,3575183.04,5154945.04,4947386.67,5267837.9,5594820.29,4123956.03,3.0
DC-0990,16.8,air-cooled,93.6,0.1223,191.35,1.626,11033863.34,12.43,2.088,8757033.33,4794465.6,6775749.46,6309961.16,6737754.85,7133271.94,5420599.57,2.8
DC-0991,19.43,air-cooled,96.3,0.105,198.4,1.544,10958343.36,12.22,2.374,9152621.35,5652019.2,7402320.28,7128218.62,7606481.97,8124528.31,5921856.22,3.0
DC-0992,3.21,hybrid,94.0,0.0945,188.5,1.255,13867269.34,8.12,0.261,1075458.2,590382.0,832920.1,828544.0,912515.17,1000332.02,666336.08,4.3
DC-0993,13.49,air-cooled,69.7,0.1192,210.11,1.603,12121935.94,12.11,1.634,7136663.82,4119836.88,5628250.35,5191897.22,5578318.86,5926378.71,4502600.28,2.7
DC-0994,9.53,hybrid,50.6,0.1543,179.1,1.21,14374887.07,9.15,0.872,4211705.61,1874102.4,3042904.0,2646927.19,2940689.27,3260234.2,2434323.2,3.5
DC-0995,7.38,air-cooled,43.9,0.1216,180.06,1.616,12029855.07,14.15,1.044,4588056.55,2255791.68,3421924.12,2997488.3,3189764.75,3384740.57,2737539.3,2.4
DC-0996,13.13,liquid-cooled,64.6,0.1134,187.47,1.081,17538948.34,3.23,0.424,2107870.28,953847.36,1530858.82,1053655.58,1667827.66,2261938.39,1224687.06,9.6
DC-0997,69.28,liquid-cooled,69.6,0.1351,190.97,1.02,16973431.55,3.29,2.279,11347184.75,5222647.56,8284916.15,5983379.07,9278998.51,12006401.74,6627932.92,9.4
DC-0998,27.46,air-cooled,87.6,0.1168,187.42,1.542,10661365.4,12.99,3.567,14078654.25,8022325.68,11050489.96,10188761.55,10876960.42,11511444.96,8840391.97,2.8
DC-0999,10.41,air-cooled,82.4,0.1574,164.73,1.608,11239486.54,12.09,1.259,5935949.15,2488740.84,4212345.0,4037296.35,4288469.94,4567283.48,3369876.0,2.8
DC-1000,26.0,air-cooled,74.7,0.1199,188.69,1.553,10955934.5,12.81,3.331,13543197.4,7542316.68,10542757.04,9776664.03,10371605.16,11035350.12,8434205.63,2.8
DC-1001,50.37,air-cooled,61.3,0.134,178.39,1.6,9910456.8,12.12,6.105,24911255.51,13068851.4,18990053.46,19055653.05,20268246.18,21531588.5,15192042.77,3.0
DC-1002,34.46,air-cooled,60.5,0.1049,175.29,1.606,10631880.9,12.67,4.366,16758594.74,9183793.68,12971194.21,12072806.93,12960729.08,13753891.39,10376955.37,3.0
DC-1003,17.25,hybrid,75.0,0.1301,184.49,1.315,14157771.89,8.79,1.516,7041585.73,3356242.08,5198913.9,4673476.68,5180848.43,5648684.14,4159131.12,3.7
DC-1004,9.8,air-cooled,80.4,0.1255,169.58,1.537,11407613.38,12.51,1.226,5179570.79,2494860.96,3837215.88,3578549.42,3805034.26,4052633.19,3069772.7,2.9
DC-1005,28.75,liquid-cooled,76.7,0.1189,166.97,1.075,17327502.23,4.82,1.386,6888748.97,2777045.04,4832897.0,2293044.54,3517722.62,4709915.94,3866317.6,6.7
DC-1006,22.53,air-cooled,59.6,0.11,144.77,1.514,11363965.35,12.62,2.843,11327126.18,4938973.32,8133049.75,7471809.54,8061940.87,8608686.2,6506439.8,3.1
DC-1007,33.65,hybrid,79.8,0.1072,210.21,1.289,13501827.06,8.86,2.981,12552602.94,7519632.12,10036117.53,9175352.33,10074465.89,11126069.43,8028894.02,3.8
DC-1008,27.33,air-cooled,77.1,0.1256,192.34,1.531,11344620.13,12.63,3.452,14517450.32,7967492.16,11242471.24,10422405.35,11055629.7,11823588.1,8993976.99,2.7
DC-1009,38.08,air-cooled,59.2,0.1326,182.25,1.619,10888516.12,12.35,4.703,20224131.21,10285461.0,15254796.1,14392157.0,15363473.16,16344370.39,12203836.88,2.8
DC-1010,10.72,air-cooled,62.6,0.1175,173.99,1.466,10814713.39,12.26,1.314,5140661.6,2743474.32,3942067.96,3861971.68,4127564.61,4398917.03,3153654.37,3.1
DC-1011,47.18,air-cooled,80.3,0.1257,140.86,1.62,11195693.09,12.22,5.765,24626728.91,9744694.8,17185711.86,16260156.86,17301795.71,18514455.11,13748569.49,3.1
DC-1012,19.26,air-cooled,69.2,0.1192,173.07,1.624,11202481.63,12.98,2.5,10463020.43,5192100.0,7827560.22,6944999.3,7411082.42,7880349.81,6262048.18,2.8
DC-1013,86.51,hybrid,91.1,0.122,194.74,1.263,14116194.67,9.27,8.019,35979051.86,18739440.72,27359246.29,23391255.24,25893091.52,28643939.44,21887397.03,3.6
DC-1014,9.47,liquid-cooled,78.0,0.116,198.13,1.092,16348398.32,4.97,0.471,2233775.96,1119830.76,1676803.36,810906.04,1209045.12,1626715.56,1341442.69,6.4
DC-1015,65.94,air-cooled,66.2,0.1204,193.63,1.596,10955990.45,12.45,8.21,33808551.18,19076427.6,26442489.39,24764161.39,26556748.27,28148118.87,21153991.51,2.8
DC-1016,19.27,air-cooled,71.9,0.174,186.38,1.722,10634043.77,12.74,2.455,12245201.5,5490754.8,8867978.15,8021978.99,8524420.42,9025285.46,7094382.52,2.4
DC-1017,9.77,air-cooled,72.8,0.1262,203.56,1.518,10666175.3,12.0,1.172,4744758.08,2862867.84,3803812.96,3812059.42,4056655.24,4293534.51,3043050.37,2.9
DC-1018,11.17,air-cooled,63.3,0.1329,179.07,1.555,10473713.71,12.57,1.404,5809512.13,3016971.36,4413241.74,4212742.84,4478335.93,4748433.58,3530593.39,2.8
DC-1019,12.73,air-cooled,61.0,0.1288,200.28,1.588,11067223.48,12.04,1.533,6516942.95,3684350.88,5100646.92,4973687.58,5264257.21,5610228.22,4080517.54,2.8
DC-1020,23.09,hybrid,80.4,0.1147,178.23,1.282,13467204.94,9.92,2.291,9807381.33,4899899.16,7353640.24,6015187.68,6626368.53,7287344.03,5882912.19,3.5
DC-1021,24.98,liquid-cooled,82.1,0.1459,170.78,1.039,16490893.75,2.74,0.684,3414919.47,1401762.24,2408340.86,2126889.48,3238649.14,4302987.63,1926672.69,11.7
DC-1022,10.39,liquid-cooled,79.2,0.1142,168.91,1.063,17104686.28,4.18,0.434,2111174.81,879683.28,1495429.04,837503.27,1230387.17,1704238.94,1196343.23,7.8
DC-1023,16.13,air-cooled,90.2,0.1411,168.03,1.598,11680509.99,12.85,2.073,9475381.2,4179914.28,6827647.74,6068741.67,6441137.67,6833876.0,5462118.19,2.7
DC-1024,91.27,liquid-cooled,65.5,0.1133,193.89,1.056,17397187.34,2.34,2.136,10496581.85,4969788.48,7733185.16,7481218.14,11610888.89,15443898.96,6186548.13,13.3
DC-1025,65.5,hybrid,92.1,0.1008,172.86,1.27,13323378.13,8.98,5.882,24011328.98,12201150.24,18106239.61,16405519.54,18167227.88,20075085.99,14484991.69,4.1
DC-1026,23.31,air-cooled,61.2,0.1273,168.5,1.523,10695177.02,12.24,2.853,11626192.99,5768766.0,8697479.5,8475155.56,9069597.02,9669139.96,6957983.6,3.0
DC-1027,16.95,air-cooled,59.8,0.0979,194.71,1.567,10744626.67,12.29,2.083,7772840.07,4866971.16,6319905.62,6115256.72,6482095.02,6907131.42,5055924.5,3.0
DC-1028,18.1,hybrid,50.9,0.1307,188.92,1.214,14412974.39,8.04,1.455,6682568.59,3298543.2,4990555.89,4950930.38,5460479.63,5993564.45,3992444.71,4.1
DC-1029,26.86,air-cooled,66.7,0.0961,198.44,1.641,10596507.4,12.34,3.315,12385610.07,7893943.2,10139776.64,9658006.37,10322907.37,11049757.1,8111821.31,3.0
DC-1030,7.26,air-cooled,66.0,0.1136,191.69,1.568,10773121.48,12.45,0.904,3574777.82,2079453.12,2827115.47,2697563.06,2865444.76,3044388.87,2261692.38,2.9
DC-1031,13.38,air-cooled,78.3,0.0914,172.7,1.487,10304336.6,12.84,1.718,5979395.83,3560383.2,4769889.52,4530126.82,4846227.53,5155647.52,3815911.62,3.2
DC-1032,4.33,hybrid,74.9,0.1765,185.14,1.179,13115983.14,8.38,0.363,1719735.0,806469.84,1263102.42,1265068.97,1392496.57,1537823.34,1010481.94,3.9
DC-1033,22.63,air-cooled,57.7,0.0869,185.88,1.568,11482627.76,12.78,2.892,10831481.78,6450779.52,8641130.65,7796278.09,8333693.4,8877188.58,6912904.52,2.9
DC-1034,27.6,liquid-cooled,67.3,0.1202,170.21,1.051,16938763.27,4.01,1.107,5392000.14,2261069.64,3826534.89,2226241.07,3356974.27,4609473.09,3061227.91,8.1
DC-1035,11.17,hybrid,67.5,0.1429,167.43,1.239,12926054.65,8.83,0.986,4361513.56,1981031.76,3171272.66,2982964.1,3322284.06,3652834.02,2537018.13,4.0
DC-1036,57.93,hybrid,50.7,0.1407,173.79,1.288,14235882.94,9.16,5.306,25208969.2,11065556.88,18137263.04,15516392.79,17207526.57,19146168.58,14509810.43,3.6
DC-1037,6.17,air-cooled,60.2,0.137,214.55,1.615,10860547.12,12.68,0.782,3402989.3,2013337.2,2708163.25,2511409.81,2679564.91,2832885.54,2166530.6,2.6
DC-1038,5.1,hybrid,62.8,0.1137,177.81,1.237,13186463.49,8.9,0.454,1889726.0,968708.88,1429217.44,1321267.23,1450531.08,1612562.41,1143373.95,4.0
DC-1039,19.68,air-cooled,89.2,0.147,202.49,1.592,10480196.47,12.8,2.519,11030657.65,6120867.72,8575762.68,8044733.43,8465875.65,8998704.79,6860610.14,2.6
DC-1040,38.0,air-cooled,74.3,0.1383,176.97,1.63,11626051.38,12.55,4.769,21738651.98,10127639.16,15933145.57,14472281.01,15375193.44,16313299.59,12746516.46,2.7
DC-1041,63.25,air-cooled,79.9,0.1242,197.33,1.559,10723814.53,12.32,7.792,31785511.51,18451144.32,25118327.92,24203534.9,25722531.7,27293067.24,20094662.34,2.8
DC-1042,11.39,air-cooled,54.0,0.1248,197.54,1.626,10497739.89,12.72,1.449,5956045.43,3434825.52,4695435.47,4385254.66,4664664.53,4997599.35,3756348.38,2.7
DC-1043,38.98,hybrid,86.3,0.1139,198.29,1.295,13801865.21,9.9,3.859,16822096.99,9182413.32,13002255.16,10469065.69,11562893.54,12736853.95,10401804.13,3.4
DC-1044,15.95,air-cooled,87.6,0.1018,189.82,1.488,11848817.29,12.4,1.978,7832922.12,4505567.52,6169244.82,5757671.66,6101549.72,6511689.07,4935395.86,2.9
DC-1045,14.32,air-cooled,48.0,0.1447,204.66,1.712,11342110.59,12.69,1.817,8522733.5,4462406.64,6492570.07,6013940.23,6363335.18,6743984.19,5194056.06,2.5
DC-1046,33.35,air-cooled,63.5,0.1462,189.68,1.625,10607561.6,12.5,4.169,18503660.05,9489311.04,13996485.54,13278482.83,14079534.89,14895959.89,11197188.43,2.7
DC-1047,27.71,liquid-cooled,77.9,0.1023,209.7,1.059,16677211.09,2.43,0.673,3132860.52,1693537.2,2413198.86,2341186.54,3548531.03,4794581.6,1930559.09,12.9
DC-1048,4.66,hybrid,79.7,0.1169,159.7,1.325,13224103.8,9.33,0.435,1868563.39,833634.0,1351098.69,1170335.6,1299417.25,1434028.86,1080878.95,3.9
DC-1049,53.58,hybrid,63.9,0.1171,189.22,1.267,13530057.82,9.17,4.913,21157161.65,11155654.32,16156407.98,14193349.35,15703132.25,17319108.18,12925126.38,3.7
DC-1050,49.6,air-cooled,68.3,0.1193,188.25,1.587,10388248.45,12.49,6.195,24575704.84,13994505.0,19285104.92,18487744.78,19660187.52,20814719.58,15428083.94,2.9
DC-1051,9.97,air-cooled,64.8,0.1213,169.95,1.577,10935850.91,12.46,1.242,5099515.84,2532934.8,3816225.32,3600315.45,3845753.3,4079082.97,3052980.26,2.9
DC-1052,22.57,liquid-cooled,73.3,0.1389,192.69,1.095,16490975.08,4.45,1.004,5017005.78,2321529.12,3669267.45,1901391.45,2879929.03,4013278.36,2935413.96,6.9
DC-1053,24.42,air-cooled,86.4,0.1051,161.65,1.623,10657147.13,12.08,2.95,11394410.59,5722410.0,8558410.3,8305452.7,8884622.57,9504293.3,6846728.24,3.2
DC-1054,20.26,air-cooled,62.7,0.1031,174.19,1.619,10520241.37,12.8,2.593,9853506.26,5420096.04,7636801.15,7051293.31,7562716.49,8042890.7,6109440.92,3.0
DC-1055,10.59,hybrid,84.0,0.1447,154.01,1.266,13084033.08,9.04,0.957,4318279.77,1768650.84,3043465.3,2763303.85,3067631.33,3380391.91,2434772.24,3.9
DC-1056,9.61,air-cooled,62.6,0.1107,207.38,1.561,10567731.85,12.08,1.161,4483940.49,2889218.16,3686579.32,3648328.39,3873822.89,4098791.88,2949263.46,2.9
DC-1057,16.11,hybrid,61.8,0.0947,180.53,1.279,12678342.74,8.64,1.392,5398777.46,3015573.12,4207175.29,4033036.76,4500222.12,4943298.98,3365740.23,4.3
DC-1058,42.02,air-cooled,81.8,0.1103,216.5,1.555,11438725.85,12.38,5.202,21039091.66,13514796.0,17276943.83,16101360.67,17218446.32,18367152.81,13821555.06,2.7
DC-1059,25.4,air-cooled,83.1,0.1134,196.04,1.626,11687757.95,12.13,3.081,12978780.06,7247990.88,10113385.47,9487559.99,10117936.03,10768871.99,8090708.38,2.8
DC-1060,12.23,air-cooled,82.2,0.1511,190.72,1.571,11387133.34,12.8,1.565,7214503.25,3581721.6,5398112.42,4912350.02,5198610.34,5518973.85,4318489.94,2.5
DC-1061,30.49,air-cooled,56.2,0.1385,175.21,1.604,11261724.08,12.61,3.845,17105153.03,8084189.4,12594671.22,11575150.49,12295794.04,13084697.22,10075736.98,2.7
DC-1062,1.68,liquid-cooled,66.4,0.143,168.3,1.07,18166924.05,4.42,0.074,397932.18,149450.4,273691.29,139817.42,210869.82,284916.41,218953.03,6.9
DC-1063,41.22,hybrid,81.9,0.1364,191.84,1.256,13728722.03,9.77,4.027,18329197.76,9270476.16,13799836.96,11396040.25,12647868.16,13922626.42,11039869.57,3.4
DC-1064,4.09,air-cooled,72.5,0.1389,182.93,1.585,11119209.65,12.05,0.493,2168956.66,1082213.88,1625585.27,1569551.9,1672879.28,1769154.78,1300468.22,2.8
DC-1065,12.31,air-cooled,59.1,0.1062,163.91,1.554,10129033.73,12.3,1.514,5596654.27,2977916.88,4287285.57,4202944.83,4480966.46,4814081.24,3429828.46,3.2
DC-1066,6.71,hybrid,77.5,0.116,161.25,1.196,13709473.65,9.41,0.631,2689244.42,1220985.0,1955114.71,1682679.01,1869735.28,2062773.89,1564091.77,3.9
DC-1067,5.84,hybrid,63.4,0.1002,169.62,1.246,13119079.99,8.91,0.52,2084695.65,1058428.8,1571562.22,1457892.69,1613450.86,1766269.7,1257249.78,4.2
DC-1068,41.62,air-cooled,93.5,0.1158,211.31,1.625,11258438.14,12.26,5.103,21178920.39,12939779.16,17059349.77,16174901.92,17146366.66,18204961.93,13647479.82,2.7
DC-1069,11.31,air-cooled,90.5,0.1337,217.2,1.639,11325902.88,12.13,1.372,6086855.74,3575980.8,4831418.27,4584784.48,4854015.72,5179066.14,3865134.62,2.6
DC-1070,21.7,air-cooled,79.2,0.1227,187.07,1.596,10924468.36,12.44,2.699,11182290.13,6058823.16,8620556.64,8092344.43,8655999.39,9194512.61,6896445.31,2.8
DC-1071,15.84,hybrid,88.3,0.1462,186.23,1.227,14354661.71,9.83,1.557,7413435.11,3479521.32,5446478.22,4369003.31,4817979.42,5309228.84,4357182.58,3.3
DC-1072,24.09,liquid-cooled,72.8,0.0972,178.96,1.094,16522497.1,4.76,1.147,5279843.32,2463205.44,3871524.38,1925246.59,2914444.54,3915256.55,3097219.5,7.0
DC-1073,17.49,air-cooled,81.2,0.13,169.98,1.541,10334844.47,12.57,2.198,8905247.35,4483392.48,6694319.92,6418503.23,6862404.13,7283988.45,5355455.94,2.9
DC-1074,5.89,hybrid,89.7,0.095,204.63,1.278,14348252.46,9.83,0.579,2461938.19,1421769.24,1941853.72,1549161.58,1714705.51,1894354.0,1553482.98,3.4
DC-1075,36.49,air-cooled,74.9,0.1219,212.1,1.555,11381373.17,12.38,4.517,18924836.31,11496668.4,15210752.36,14277363.04,15183016.34,16190843.86,12168601.89,2.7
DC-1076,11.08,air-cooled,68.9,0.1348,170.6,1.601,10476545.15,12.75,1.413,5960964.87,2892693.6,4426829.24,4155131.8,4407278.3,4691893.98,3541463.39,2.8
DC-1077,4.73,air-cooled,51.5,0.1157,182.76,1.574,9949809.21,12.05,0.57,2169629.81,1250078.4,1709854.1,1736565.0,1846539.74,1974379.64,1367883.28,3.1
DC-1078,11.68,hybrid,71.0,0.131,177.25,1.263,13079803.63,9.71,1.134,4939694.14,2412018.0,3675856.07,3114156.85,3443440.89,3776816.52,2940684.86,3.6
DC-1079,54.63,air-cooled,81.9,0.1008,177.7,1.584,10912516.05,12.79,6.987,26716109.73,14899078.8,20807594.26,19183871.99,20417539.21,21769294.36,16646075.41,3.0
DC-1080,32.47,air-cooled,83.3,0.0867,201.79,1.541,11263556.01,12.85,4.172,15325381.48,10102414.56,12713898.02,11596767.85,12367253.34,13110877.21,10171118.42,2.9
DC-1081,12.44,air-cooled,78.1,0.1311,164.32,1.646,11358203.24,12.54,1.56,6886418.48,3076070.4,4981244.44,4547830.88,4852789.87,5181297.51,3984995.55,2.8
DC-1082,12.44,air-cooled,65.5,0.1549,191.0,1.656,9516495.36,12.14,1.51,6586382.76,3460920.0,5023651.38,5052807.7,5354403.86,5684530.93,4018921.1,2.8
DC-1083,12.71,air-cooled,48.3,0.1001,194.92,1.654,11567043.98,12.86,1.635,6574019.65,3824330.4,5199175.03,4732865.01,5032151.32,5356233.25,4159340.02,2.8
DC-1084,86.61,hybrid,66.1,0.1444,181.87,1.27,12699383.07,9.01,7.804,34560513.5,17031761.76,25796137.63,23898924.58,26255718.81,28905052.37,20636910.1,3.8
DC-1085,22.32,air-cooled,68.3,0.1209,197.4,1.608,11424882.28,12.95,2.89,12259003.72,6845832.0,9552417.86,8500996.66,9088369.88,9619847.79,7641934.29,2.6
DC-1086,23.2,hybrid,68.2,0.0933,186.21,1.264,13958217.56,9.1,2.111,8728781.15,4717071.72,6722926.44,5899525.24,6561467.49,7194142.53,5378341.15,3.9
DC-1087,37.5,air-cooled,79.4,0.0974,202.26,1.512,10095049.19,12.38,4.642,16402130.78,11266691.04,13834410.91,13682647.99,14535905.06,15474013.97,11067528.73,3.0
DC-1088,19.91,air-cooled,95.8,0.1203,161.17,1.47,10774504.63,12.0,2.389,9420929.58,4620421.56,7020675.57,7021717.91,7499693.64,8016004.42,5616540.46,3.2
DC-1089,13.37,air-cooled,73.5,0.1119,178.77,1.696,11606128.26,12.75,1.705,7231985.01,3657634.2,5444809.6,4826982.3,5141511.49,5464870.05,4355847.68,2.8
DC-1090,14.05,air-cooled,69.4,0.0937,182.92,1.556,11058783.6,12.14,1.706,6371382.74,3744738.24,5058060.49,4884439.39,5207069.77,5528081.89,4046448.39,3.1
DC-1091,15.53,air-cooled,68.9,0.0861,143.92,1.591,10690822.23,12.83,1.992,7122849.68,3440263.68,5281556.68,4866395.49,5221546.3,5599515.03,4225245.34,3.3
DC-1092,15.96,air-cooled,73.5,0.1031,167.71,1.537,10785510.71,12.03,1.92,7267067.38,3864038.4,5565552.89,5451973.91,5879775.55,6214776.69,4452442.31,3.2
DC-1093,29.43,hybrid,62.1,0.1239,171.8,1.259,13482553.13,8.51,2.504,10923940.87,5162246.4,8043093.64,7650882.87,8415545.87,9359454.84,6434474.91,4.1
DC-1094,17.14,hybrid,73.4,0.1199,198.22,1.257,13897227.27,9.73,1.668,7353428.03,3967571.52,5660499.78,4649209.95,5132114.03,5676703.38,4528399.82,3.4
DC-1095,29.55,air-cooled,77.4,0.11,173.4,1.592,11032937.15,12.25,3.62,14428650.34,7532496.0,10980573.17,10480643.86,11227067.67,11904574.1,8784458.54,3.0
DC-1096,15.42,air-cooled,74.5,0.124,171.73,1.552,11727852.26,12.27,1.892,8120528.08,3898957.92,6009743.0,5627130.96,5984672.37,6384610.96,4807794.4,2.9
DC-1097,17.51,air-cooled,77.5,0.1408,196.26,1.591,11448990.64,12.62,2.21,9959524.72,5204815.2,7582169.96,6962030.54,7366569.9,7801582.34,6065735.97,2.6
DC-1098,3.32,air-cooled,77.2,0.1279,159.73,1.64,11413080.71,12.91,0.429,1876318.47,822290.04,1349304.26,1189079.16,1272192.06,1359231.34,1079443.41,2.8
DC-1099,34.23,air-cooled,50.7,0.1176,152.93,1.495,11478229.25,12.62,4.32,17672388.76,7927891.2,12800139.98,11746857.02,12610659.21,13442012.73,10240111.98,3.0
DC-1100,21.7,liquid-cooled,79.6,0.1386,178.58,1.076,17764910.04,4.29,0.931,4891630.52,1995095.76,3443363.14,1848622.89,2839424.88,3695654.46,2754690.51,7.1
DC-1101,36.54,air-cooled,63.9,0.1008,162.28,1.539,11191849.83,12.53,4.578,17607111.84,8915014.08,13261062.96,12439659.15,13231458.51,14095045.94,10608850.37,3.1
DC-1102,1.62,air-cooled,58.8,0.1155,162.85,1.534,11245410.36,12.92,0.209,846669.58,408427.8,627548.69,566932.4,605946.19,642961.96,502038.95,2.9
DC-1103,87.42,air-cooled,58.7,0.116,192.6,1.564,11850815.56,12.96,11.33,47844197.2,26185896.0,37015046.6,32467167.23,34528002.64,36794588.49,29612037.28,2.7
DC-1104,14.71,air-cooled,77.2,0.0953,197.14,1.58,11537147.96,12.96,1.906,7400690.94,4508986.08,5954838.51,5278470.58,5630865.64,6011442.73,4763870.81,2.8
DC-1105,39.91,hybrid,69.3,0.1116,195.83,1.206,13593268.19,9.1,3.632,15253423.58,8535054.72,11894239.15,10638076.92,11878650.7,13008099.82,9515391.32,3.8
DC-1106,7.16,air-cooled,51.8,0.0785,200.63,1.587,11348572.8,12.3,0.881,3183248.13,2121060.36,2652154.24,2491536.09,2647399.01,2823693.48,2121723.39,3.0
DC-1107,26.85,air-cooled,77.7,0.1582,202.62,1.661,10313560.79,12.64,3.394,15591253.17,8252307.36,11921780.26,11116413.7,11807884.37,12571313.3,9537424.21,2.5
DC-1108,7.08,hybrid,54.7,0.1013,152.07,1.248,14039624.82,9.45,0.669,2828115.11,1220817.96,2024466.54,1695540.37,1890239.23,2067852.55,1619573.23,3.9
DC-1109,9.98,air-cooled,73.7,0.1517,190.76,1.551,10470162.92,12.87,1.284,5633953.64,2939230.08,4286591.86,4012502.88,4273439.1,4508697.03,3429273.49,2.6
DC-1110,76.04,hybrid,74.9,0.1208,176.06,1.224,13602045.83,9.14,6.95,30009567.93,14683404.0,22346485.96,19806280.45,21928842.44,24174843.32,17877188.77,3.8
DC-1111,14.12,hybrid,82.6,0.1313,172.79,1.279,13485655.06,8.57,1.21,5406162.25,2508910.8,3957536.52,3764789.12,4126023.19,4544486.61,3166029.22,4.0
DC-1112,19.57,air-cooled,93.4,0.1102,192.41,1.606,10799663.17,12.34,2.415,9539927.31,5576041.8,7557984.56,7220241.45,7674642.05,8169973.88,6046387.65,2.9
DC-1113,32.99,hybrid,55.6,0.1242,158.05,1.224,12858252.73,8.96,2.956,12382955.08,5606349.6,8994652.34,8407400.35,9258269.11,10193815.37,7195721.87,4.1
DC-1114,24.45,air-cooled,71.4,0.133,157.73,1.584,10877225.95,12.97,3.171,13516856.94,6001941.96,9759399.45,8868468.4,9415956.18,9990378.79,7807519.56,2.8
DC-1115,18.55,air-cooled,68.7,0.1333,193.5,1.704,11308509.34,12.89,2.391,10766138.63,5551902.0,8159020.32,7155473.72,7676617.0,8141763.38,6527216.26,2.6
DC-1116,22.02,air-cooled,77.2,0.1355,191.32,1.655,11758298.53,12.07,2.658,12166748.15,6102342.72,9134545.44,8561340.52,9133065.46,9680112.21,7307636.35,2.7
DC-1117,112.48,air-cooled,74.6,0.1126,186.05,1.664,10402889.29,12.45,14.004,55358972.08,31265330.4,43312151.24,41150382.34,43827373.84,46884175.7,34649720.99,2.9
DC-1118,15.7,hybrid,67.8,0.1104,170.8,1.23,14635106.29,9.33,1.465,6507213.21,3002664.0,4754938.61,3984354.63,4339054.34,4811620.82,3803950.89,3.7
DC-1119,19.31,liquid-cooled,66.7,0.0881,195.16,1.092,16944220.07,2.88,0.556,2562125.72,1302107.52,1932116.62,1574670.01,2459912.39,3245155.7,1545693.3,11.2
DC-1120,38.11,liquid-cooled,58.6,0.1305,194.2,1.093,17265823.48,2.88,1.098,5584807.25,2558779.2,4071793.22,3221526.62,4831375.71,6630601.1,3257434.58,10.5
DC-1121,39.82,hybrid,83.9,0.1416,185.28,1.256,12984390.2,9.51,3.787,16827089.68,8419864.32,12623477.0,10956068.63,11994943.03,13186705.14,10098781.6,3.5
DC-1122,42.51,air-cooled,77.5,0.1523,166.34,1.592,11169377.67,12.95,5.505,25356291.72,10988420.4,18172356.06,16375265.53,17366111.25,18449688.39,14537884.85,2.6
DC-1123,27.41,air-cooled,83.0,0.1261,177.62,1.672,10739605.66,12.69,3.478,14724218.83,7413148.32,11068683.58,10131134.45,10849088.48,11553918.12,8854946.86,2.8
DC-1124,6.59,air-cooled,68.3,0.1047,196.57,1.685,11121075.47,12.69,0.836,3358032.2,1971990.24,2665011.22,2406373.27,2564037.16,2744573.72,2132008.98,2.8
DC-1125,60.75,air-cooled,64.1,0.0861,203.91,1.544,11873121.56,12.7,7.715,29340236.35,18877987.8,24109112.08,21582024.3,22979370.91,24498340.45,19287289.66,2.8
DC-1126,6.57,air-cooled,59.1,0.1408,179.1,1.636,11676421.8,12.4,0.815,3759281.95,1751598.0,2755439.98,2520201.48,2683291.73,2854078.79,2204351.98,2.7
DC-1127,20.95,liquid-cooled,76.3,0.0841,180.25,1.079,17946866.41,4.16,0.872,4170871.14,1886136.0,3028503.57,1613214.84,2492975.38,3396695.37,2422802.86,7.8
DC-1128,8.99,air-cooled,59.5,0.1132,181.57,1.54,11807380.56,12.68,1.14,4732112.21,2483877.6,3607994.9,3259662.0,3466570.44,3697739.59,2886395.92,2.8
DC-1129,15.62,air-cooled,94.2,0.1155,188.12,1.565,11107330.47,12.39,1.935,7840100.18,4368146.4,6104123.29,5742732.9,6140907.55,6539623.41,4883298.63,2.9
DC-1130,21.39,air-cooled,56.3,0.1186,175.28,1.598,11356639.53,12.75,2.727,11409542.75,5735862.72,8572702.74,7737123.76,8253500.04,8769637.26,6858162.19,2.8
DC-1131,21.27,hybrid,75.3,0.1207,140.59,1.206,12748110.36,8.04,1.71,7024775.43,2884906.8,4954841.12,5250084.84,5733218.07,6296837.3,3963872.9,4.8
DC-1132,23.05,hybrid,90.8,0.1228,201.89,1.252,12928415.49,9.86,2.273,9591588.75,5506751.64,7549170.2,6325505.26,6955053.39,7724994.65,6039336.16,3.4
DC-1133,59.8,hybrid,79.2,0.0717,210.92,1.271,13565216.91,8.99,5.376,20497599.78,13606871.04,17052235.41,15423413.78,17035179.29,18643676.72,13641788.33,3.9
DC-1134,23.64,air-cooled,74.1,0.1203,174.81,1.585,10602290.49,12.95,3.061,12324755.1,6421120.92,9372938.01,8563585.36,9144101.8,9758118.4,7498350.41,2.8
DC-1135,13.53,hybrid,60.4,0.0754,168.0,1.253,13226080.71,9.12,1.234,4648157.85,2487744.0,3567950.92,3211249.96,3561712.18,3923051.72,2854360.74,4.3
DC-1136,35.56,air-cooled,55.4,0.1346,181.94,1.596,11024451.14,12.23,4.349,18838629.61,9495084.72,14166857.16,13584898.83,14442942.51,15319769.01,11333485.73,2.8
DC-1137,42.59,liquid-cooled,81.2,0.1089,181.19,1.079,17133171.44,3.39,1.444,6984192.76,3139660.32,5061926.54,3436179.35,5184926.5,7098571.7,4049541.23,9.5
DC-1138,6.16,air-cooled,90.1,0.0769,198.93,1.545,11163040.29,12.05,0.742,2612920.06,1771272.72,2192096.39,2145047.19,2270495.96,2409576.89,1753677.11,3.2
DC-1139,26.52,air-cooled,66.7,0.1037,184.82,1.614,11205116.04,12.51,3.318,13126680.74,7358793.12,10242736.93,9493496.4,10112020.79,10799764.65,8194189.54,2.9
DC-1140,28.82,air-cooled,58.3,0.1086,172.11,1.536,10084818.07,12.71,3.663,13561608.34,7565267.16,10563437.75,10196437.44,10847211.23,11564397.28,8450750.2,3.1
DC-1141,12.96,hybrid,42.5,0.1438,164.22,1.238,11926598.98,10.7,1.387,5839060.66,2733277.68,4286169.17,4086914.02,4458976.53,4832441.69,3428935.34,3.4
DC-1142,49.43,air-cooled,60.2,0.1239,196.98,1.626,10401759.68,12.01,5.937,24201016.94,14033643.12,19117330.03,18899322.01,20201417.47,21260048.52,15293864.02,2.9
DC-1143,14.58,liquid-cooled,70.6,0.1269,192.99,1.106,19002441.86,3.19,0.465,2535293.05,1076884.2,1806088.62,1249291.24,1879487.17,2558584.22,1444870.9,9.1
DC-1144,18.18,air-cooled,91.2,0.1436,199.91,1.566,10786983.46,12.65,2.3,10044180.99,5517516.0,7780848.5,7319471.29,7772157.65,8283928.19,6224678.8,2.6
DC-1145,14.32,air-cooled,80.1,0.1181,169.48,1.59,11017703.43,12.77,1.829,7486687.0,3719747.04,5603217.02,5128448.27,5467924.53,5862413.88,4482573.62,2.9
DC-1146,16.65,air-cooled,75.7,0.1351,211.58,1.558,10864059.78,12.81,2.133,9082508.35,5415601.68,7249055.02,6675626.19,7116588.59,7533162.2,5799244.02,2.6
DC-1147,6.84,air-cooled,67.2,0.1337,157.84,1.555,11576561.82,12.84,0.878,3857759.87,1663002.24,2760381.06,2485772.37,2656473.32,2824770.19,2208304.85,2.8
DC-1148,5.2,air-cooled,65.0,0.0943,194.64,1.546,11875533.14,12.11,0.63,2467148.35,1471478.4,1969313.38,1852388.49,1979192.56,2104468.36,1575450.7,3.0
DC-1149,58.89,air-cooled,88.9,0.1495,155.36,1.593,10104440.92,12.12,7.137,30915028.71,13305651.84,22110340.28,21995008.4,23541430.65,24962650.42,17688272.22,3.0
DC-1150,8.35,hybrid,74.4,0.0916,172.15,1.247,13497213.79,8.35,0.697,2787995.54,1439862.6,2113929.07,2078794.65,2265595.01,2515472.17,1691143.26,4.4
DC-1151,7.44,air-cooled,46.8,0.1383,207.42,1.684,10954979.58,13.47,1.002,4483568.62,2494018.08,3488793.35,3159301.61,3344250.8,3547347.2,2791034.68,2.4
DC-1152,2.94,liquid-cooled,63.9,0.0897,196.47,1.067,17643222.41,4.89,0.144,685315.41,339500.16,512407.78,239007.48,366105.53,492054.44,409926.22,6.5
DC-1153,9.86,hybrid,61.7,0.132,175.81,1.218,13844813.65,8.18,0.807,3619413.57,1702544.04,2660978.8,2614016.8,2910897.13,3195238.65,2128783.04,4.2
DC-1154,5.71,hybrid,65.4,0.1572,176.22,1.27,12907632.27,8.52,0.486,2243980.67,1027715.04,1635847.86,1596070.85,1749728.08,1923678.01,1308678.29,3.9
DC-1155,61.17,air-cooled,78.8,0.1157,185.51,1.62,11263016.47,12.45,7.616,31566906.38,16954129.92,24260518.15,22495429.95,23993321.84,25448913.61,19408414.52,2.8
DC-1156,36.89,air-cooled,70.7,0.1149,191.71,1.511,11142305.2,12.73,4.696,18769562.55,10803241.92,14786402.24,13562721.98,14480181.52,15416265.64,11829121.79,2.8
DC-1157,9.48,air-cooled,71.1,0.1322,202.77,1.494,11451195.41,12.38,1.174,5018696.98,2856623.76,3937660.37,3714319.58,3959510.31,4230492.3,3150128.3,2.7
DC-1158,99.68,hybrid,87.8,0.1134,177.16,1.229,13205183.68,8.04,8.014,33301008.54,17037122.88,25169065.71,25577996.0,28403775.42,31290320.41,20135252.57,4.5
DC-1159,36.07,liquid-cooled,63.6,0.1564,159.82,1.116,17773797.32,2.17,0.783,4289841.02,1501668.72,2895754.87,3023168.85,4557924.63,6242399.96,2316603.9,14.0
DC-1160,12.68,air-cooled,94.4,0.1238,186.35,1.542,10897757.07,12.96,1.643,6726449.05,3674076.6,5200262.82,4785556.35,5086179.34,5405633.85,4160210.26,2.7
DC-1161,2.23,air-cooled,63.9,0.1136,177.14,1.605,11174001.75,12.74,0.284,1158806.56,603693.12,881249.84,803898.61,853444.44,909743.47,704999.87,2.8
DC-1162,102.8,liquid-cooled,73.1,0.1092,164.49,1.077,15985796.8,2.91,2.991,13706702.78,5903875.08,9805288.93,8106626.17,12411114.7,16651915.75,7844231.14,11.8
DC-1163,5.41,air-cooled,68.6,0.1013,188.47,1.518,10422221.92,12.86,0.696,2549520.59,1574101.44,2061811.02,1952573.88,2069444.36,2205727.33,1649448.82,3.0
DC-1164,4.41,hybrid,73.5,0.1074,180.8,1.232,13592370.95,8.8,0.388,1621693.35,841804.8,1231749.08,1140618.29,1255487.87,1379224.09,985399.26,4.0
DC-1165,37.27,air-cooled,77.3,0.113,188.6,1.552,10401250.56,12.92,4.815,18526592.55,10897308.0,14711950.28,13727700.29,14600825.94,15450725.4,11769560.22,2.8
DC-1166,115.79,hybrid,77.2,0.1102,170.58,1.259,14668723.13,9.86,11.417,51092152.98,23370142.32,37231147.65,29567088.39,32394663.42,36047154.29,29784918.12,3.5
DC-1167,49.77,air-cooled,63.0,0.1068,191.3,1.643,11148890.69,12.48,6.211,24935112.19,14257971.6,19596541.9,18121298.54,19384824.5,20627294.23,15677233.52,2.9
DC-1168,25.82,air-cooled,58.5,0.162,164.24,1.595,11073885.11,12.94,3.341,15784085.95,6584710.08,11184398.02,10099679.46,10762752.84,11427373.12,8947518.42,2.6
DC-1169,26.46,hybrid,98.0,0.0994,171.58,1.206,13916142.88,9.04,2.392,9909083.55,4925032.32,7417057.94,6505381.04,7260857.1,7990157.69,5933646.35,4.0
DC-1170,32.55,liquid-cooled,66.2,0.1229,180.36,1.069,16619783.78,4.81,1.566,7585977.99,3389325.12,5487651.56,2737362.75,4116865.01,5590317.7,4390121.25,6.7
DC-1171,30.18,air-cooled,80.4,0.1319,210.13,1.583,12077580.6,12.1,3.652,16481383.43,9208737.12,12845060.27,12031867.0,12783915.93,13535440.26,10276048.22,2.6
DC-1172,20.59,air-cooled,52.7,0.1326,195.77,1.613,10881885.67,12.01,2.473,10613668.15,5809670.52,8211669.34,8038479.06,8511502.89,9077372.32,6569335.47,2.8
DC-1173,17.87,hybrid,68.6,0.1188,200.16,1.251,12669978.11,8.82,1.576,6489103.37,3785425.92,5137264.64,4862681.04,5335418.75,5901573.15,4109811.71,3.9
DC-1174,15.64,liquid-cooled,70.5,0.1152,205.26,1.056,17134550.24,4.67,0.73,3557539.91,1798077.6,2677808.76,1376069.33,2093326.46,2767672.64,2142247.01,6.6
DC-1175,9.0,hybrid,77.7,0.129,238.04,1.256,13012624.16,9.63,0.867,3737658.24,2476568.16,3107113.2,2666679.41,2938426.4,3234930.84,2485690.56,3.3
DC-1176,13.14,liquid-cooled,39.3,0.1253,184.62,1.054,17570933.55,5.06,0.665,3365931.96,1473267.6,2419599.78,2139484.01,2673726.33,3280567.63,1935679.82,6.1
DC-1177,4.24,air-cooled,74.0,0.1148,205.31,1.584,11214171.61,12.43,0.527,2152786.87,1298380.44,1725583.66,1612353.61,1724679.09,1832135.16,1380466.93,2.8
DC-1178,15.2,air-cooled,58.2,0.0888,199.19,1.578,11105508.27,12.8,1.946,7191244.49,4651484.88,5921364.68,5395050.44,5757999.61,6135140.47,4737091.74,2.9
DC-1179,7.46,hybrid,75.9,0.1106,198.94,1.249,13589807.18,9.74,0.727,3075252.38,1735552.56,2405402.47,2005169.28,2220260.13,2440516.74,1924321.98,3.5
DC-1180,6.8,hybrid,59.6,0.0971,210.61,1.238,13092264.15,9.48,0.645,2555767.27,1630121.4,2092944.34,1814869.58,2008312.62,2206893.33,1674355.47,3.7
DC-1181,18.99,air-cooled,61.7,0.1067,177.71,1.58,11307043.43,12.92,2.454,9790207.67,5233204.08,7511705.88,6710158.09,7163808.44,7615689.16,6009364.7,2.8
DC-1182,50.08,air-cooled,68.7,0.1207,176.52,1.529,11535789.57,12.45,6.235,26063356.34,13207226.4,19635291.37,18284149.53,19496809.03,20791326.53,15708233.1,2.9
DC-1183,34.28,hybrid,59.4,0.1272,188.8,1.264,13612285.13,8.68,2.976,13193774.77,6742425.6,9968100.18,9296265.39,10334986.24,11316649.32,7974480.14,3.9
DC-1184,4.68,air-cooled,66.3,0.1556,181.26,1.535,10499450.26,12.42,0.581,2571216.74,1263744.72,1917480.73,1857560.03,1975293.5,2099048.2,1533984.58,2.7
DC-1185,7.45,air-cooled,57.7,0.1093,188.78,1.599,11884286.54,12.93,0.963,4017581.97,2181541.68,3099561.82,2707777.3,2889612.37,3059219.77,2479649.46,2.7
DC-1186,34.9,air-cooled,50.0,0.1355,207.44,1.588,11193718.74,12.92,4.509,19715229.57,11224163.52,15469696.54,14056485.04,14889142.92,15800037.48,12375757.23,2.5
DC-1187,7.49,hybrid,84.2,0.1261,176.83,1.234,14433493.21,8.07,0.604,2760620.51,1281663.84,2021142.17,1970302.55,2196542.3,2428238.7,1616913.74,4.2
DC-1188,13.74,hybrid,56.4,0.1459,179.43,1.237,14326900.7,8.22,1.129,5379397.8,2430917.64,3905157.72,3777993.81,4143738.41,4626645.81,3124126.18,4.0
DC-1189,25.53,air-cooled,69.9,0.1315,186.61,1.601,11230606.73,12.1,3.089,13406094.2,6917259.48,10161676.84,9737314.13,10337984.07,10972129.58,8129341.47,2.8
DC-1190,7.58,hybrid,81.0,0.0998,180.58,1.239,12496597.37,9.1,0.69,2663548.29,1495202.4,2079375.34,1927175.77,2123927.59,2356602.18,1663500.27,4.1
DC-1191,17.89,hybrid,64.6,0.0855,155.29,1.267,14783254.14,9.99,1.787,7566381.82,3330038.76,5448210.29,4232878.24,4645612.18,5144999.28,4358568.23,3.7
DC-1192,5.66,air-cooled,62.1,0.1262,175.3,1.567,11670271.52,12.32,0.697,3015034.49,1466209.2,2240621.85,2094645.06,2229174.3,2363073.93,1792497.48,2.8
DC-1193,10.16,hybrid,74.7,0.1094,194.31,1.273,12720325.2,8.13,0.826,3342583.16,1926000.72,2634291.94,2687849.0,2982812.99,3289368.87,2107433.55,4.3
DC-1194,21.24,air-cooled,85.4,0.1004,205.56,1.628,10424017.6,12.66,2.689,10079127.25,6633010.08,8356068.66,7828356.65,8326395.94,8894596.25,6684854.93,2.9
DC-1195,4.6,air-cooled,58.0,0.0946,166.68,1.545,9584902.64,12.04,0.554,1889313.78,1108088.64,1498701.21,1550883.16,1654635.72,1761006.04,1198960.97,3.5
DC-1196,23.39,air-cooled,70.2,0.1232,166.61,1.562,12030835.15,12.87,3.01,13121430.71,6017953.2,9569691.96,8483337.08,9033850.02,9534543.16,7655753.57,2.7
DC-1197,16.19,air-cooled,51.2,0.1502,184.45,1.663,10396688.81,12.02,1.946,8754024.31,4307276.4,6530650.36,6408737.21,6806314.52,7291578.99,5224520.29,2.8
DC-1198,25.58,air-cooled,67.3,0.1118,152.87,1.571,11127648.4,12.64,3.233,12968849.36,5930744.52,9449796.94,8730604.31,9308879.43,9875892.18,7559837.55,3.0
DC-1199,19.67,hybrid,72.4,0.1318,177.33,1.233,13764910.79,8.32,1.637,7337772.96,3483470.52,5410621.74,5264163.26,5822584.15,6414934.32,4328497.39,4.1
DC-1200,48.98,hybrid,61.7,0.118,157.96,1.298,13220076.85,9.06,4.438,18992472.01,8412317.76,13702394.89,12271287.47,13685457.16,15110239.61,10961915.91,4.0
DC-1201,18.18,hybrid,66.5,0.0942,204.54,1.253,12957894.0,8.6,1.563,6116796.71,3836352.24,4976574.47,4813671.42,5284383.1,5821806.09,3981259.58,4.1
DC-1202,11.66,air-cooled,55.1,0.1347,172.46,1.625,10592443.14,12.86,1.499,6402724.8,3102210.48,4752467.64,4336272.62,4639116.88,4924839.43,3801974.11,2.8
DC-1203,18.13,air-cooled,72.9,0.0981,208.79,1.603,11583838.12,12.89,2.337,9235202.16,5855306.76,7545254.46,6708956.33,7163583.11,7620717.32,6036203.57,2.7
DC-1204,25.4,air-cooled,84.7,0.1204,200.7,1.578,10672194.49,12.92,3.282,13245894.98,7904368.8,10575131.89,9761188.44,10371812.94,11017375.56,8460105.51,2.7
DC-1205,17.1,air-cooled,58.8,0.1132,174.31,1.528,11472347.49,12.6,2.155,8759265.26,4507656.6,6633460.93,6132190.47,6531973.31,6948033.91,5306768.74,2.9
DC-1206,16.99,air-cooled,64.5,0.1379,167.92,1.654,11512835.43,12.58,2.137,9737126.15,4306140.48,7021633.32,6364437.79,6767497.14,7165852.5,5617306.66,2.7
DC-1207,9.38,hybrid,78.0,0.0988,181.1,1.253,15264400.61,8.34,0.782,3500658.57,1699442.4,2600050.48,2400640.94,2637594.51,2911031.95,2080040.38,4.1
DC-1208,9.68,liquid-cooled,86.5,0.1278,182.43,1.074,17727455.6,4.79,0.464,2385798.75,1015770.24,1700784.5,806770.47,1226600.27,1646743.68,1360627.6,6.4
DC-1209,5.35,air-cooled,54.1,0.1032,189.19,1.558,10340288.66,12.81,0.685,2538831.79,1555141.8,2046986.8,1934800.03,2054651.03,2202096.89,1637589.44,2.9
DC-1210,66.66,air-cooled,70.0,0.1098,172.35,1.633,12099805.75,12.68,8.452,36001661.72,17480426.4,26741044.06,23781015.16,25050249.46,26656744.72,21392835.25,2.8
DC-1211,6.08,hybrid,75.4,0.06,195.2,1.26,13505101.96,8.74,0.531,1945259.97,1243814.4,1594537.18,1505438.49,1656189.96,1818339.07,1275629.74,4.3
DC-1212,9.45,air-cooled,70.8,0.1618,187.98,1.617,10126254.16,12.66,1.196,5432426.66,2697888.96,4065157.81,3866919.63,4095897.02,4339289.31,3252126.25,2.6
DC-1213,9.26,hybrid,42.3,0.131,178.89,1.247,12481868.48,10.37,0.96,4036565.64,2060812.8,3048689.22,2907093.69,3198418.47,3486187.38,2438951.38,3.4
DC-1214,33.65,hybrid,78.0,0.1047,173.32,1.221,13541531.95,9.39,3.16,13047944.42,6572294.4,9810119.41,8583741.55,9438620.3,10394950.8,7848095.53,3.9
DC-1215,12.99,liquid-cooled,90.2,0.0975,181.23,1.086,17527574.07,2.39,0.31,1494996.41,674175.6,1084586.0,1036794.92,1609001.29,2120903.41,867668.8,13.5
DC-1216,44.62,air-cooled,73.4,0.1101,171.75,1.609,10292841.71,12.53,5.591,21464631.98,11523051.0,16493841.49,15769667.29,16854754.38,18003957.39,13195073.19,3.0
DC-1217,9.59,hybrid,59.6,0.1343,184.88,1.28,14278158.74,9.35,0.897,4196886.48,1990048.32,3093467.4,2604525.44,2905268.52,3178685.69,2474773.92,3.5
DC-1218,20.56,air-cooled,65.8,0.0822,185.28,1.54,10949080.38,12.21,2.51,8890520.03,5580633.6,7235576.82,6996029.92,7459417.9,7949336.5,5788461.46,3.2
DC-1219,8.43,hybrid,93.2,0.1172,187.93,1.242,13347925.54,8.94,0.754,3197964.55,1700390.64,2449177.59,2256573.48,2495660.75,2732486.09,1959342.07,3.9
DC-1220,91.48,air-cooled,82.9,0.1554,210.49,1.639,11230848.66,12.07,11.042,52194666.13,27890766.96,40042716.54,38430854.1,40698035.34,42954935.24,32034173.23,2.6
DC-1221,6.36,air-cooled,79.7,0.0973,182.01,1.597,10607505.95,12.02,0.764,2840875.4,1668667.68,2254771.54,2238556.45,2379227.79,2548175.0,1803817.23,3.2
DC-1222,21.07,air-cooled,76.3,0.1216,199.07,1.625,10580964.46,12.55,2.644,10793605.0,6316092.96,8554848.98,8039668.43,8589704.41,9093943.51,6843879.18,2.8
DC-1223,27.3,air-cooled,64.1,0.1641,187.44,1.633,11020335.21,12.09,3.301,15833005.55,7424873.28,11628939.42,11172547.82,11883268.88,12563835.27,9303151.54,2.6
DC-1224,22.9,hybrid,69.6,0.1326,180.43,1.263,13139695.17,8.54,1.956,8580977.37,4235052.96,6408015.16,6167159.27,6797246.03,7501918.76,5126412.13,4.0
DC-1225,14.18,hybrid,71.1,0.1225,182.21,1.262,14182510.06,8.42,1.194,5380069.8,2610704.88,3995387.34,3720625.68,4137373.0,4540117.47,3196309.87,4.0
DC-1226,14.82,hybrid,78.6,0.1301,183.12,1.241,13438935.52,8.62,1.277,5619780.78,2806130.88,4212955.83,4003008.92,4422362.63,4872932.94,3370364.66,4.0
DC-1227,17.03,air-cooled,90.1,0.112,188.2,1.606,10610882.01,12.75,2.171,8539959.58,4902986.4,6721472.99,6257428.15,6663075.06,7095406.25,5377178.39,2.9
DC-1228,14.62,hybrid,85.4,0.146,169.61,1.241,13646013.06,8.23,1.203,5557422.96,2448489.96,4002956.46,3950083.72,4342746.83,4764146.52,3202365.17,4.1
DC-1229,35.56,air-cooled,55.0,0.112,162.02,1.527,11668710.2,12.12,4.31,17633145.05,8379674.4,13006409.73,12311988.33,13190384.05,14082915.04,10405127.78,3.1
DC-1230,96.39,liquid-cooled,74.7,0.0808,193.81,1.08,18280819.42,3.85,3.711,17912391.94,8630746.92,13271569.43,7684357.47,11654360.0,15661647.51,10617255.54,8.2
DC-1231,10.53,liquid-cooled,80.8,0.1122,197.47,1.099,16326880.28,2.08,0.219,1031133.46,518951.16,775042.31,868526.32,1335000.39,1798596.21,620033.85,15.3
DC-1232,5.5,air-cooled,79.4,0.1007,195.18,1.669,10639865.93,12.14,0.668,2562910.9,1564562.88,2063736.89,1986721.79,2127641.73,2265426.75,1650989.51,3.0
DC-1233,15.32,hybrid,64.4,0.1144,186.32,1.248,12769873.21,8.12,1.244,5086001.09,2781384.96,3933693.02,4089133.73,4499440.66,4910068.01,3146954.42,4.4
DC-1234,129.51,air-cooled,98.0,0.1148,195.51,1.553,10457108.11,12.3,15.93,61897180.21,37373691.6,49635435.9,48748766.72,51677230.7,54635316.32,39708348.72,2.9
DC-1235,8.65,air-cooled,56.7,0.1439,194.7,1.635,11623137.16,12.83,1.11,5154775.07,2593404.0,3874089.54,3449042.26,3661862.82,3877306.35,3099271.63,2.5
DC-1236,61.03,air-cooled,59.0,0.1339,195.81,1.556,10739381.46,12.04,7.348,30947286.47,17265742.56,24106514.52,23846944.23,25339591.28,26860687.46,19285211.62,2.8
DC-1237,62.94,air-cooled,74.8,0.1253,171.11,1.603,11500961.82,12.77,8.037,34681800.7,16502532.84,25592166.77,22949363.15,24498581.64,25965265.61,20473733.42,2.8
DC-1238,10.56,hybrid,97.4,0.1199,167.55,1.231,13887199.75,9.47,1.0,4378993.23,2010600.0,3194796.62,2705383.81,2993239.14,3323656.52,2555837.3,3.7
DC-1239,25.92,air-cooled,62.0,0.0988,178.17,1.491,10722311.34,12.68,3.287,12073737.6,7027737.48,9550737.54,8995980.73,9613534.55,10232253.79,7640590.03,3.1
DC-1240,60.5,air-cooled,68.8,0.0764,183.74,1.57,11057097.33,12.4,7.502,26316094.9,16541009.76,21428552.33,20276009.8,21546307.93,22961228.34,17142841.86,3.2
DC-1241,12.14,hybrid,84.9,0.1223,180.37,1.245,13339177.23,8.44,1.025,4405542.11,2218551.0,3312046.56,3250225.24,3577314.63,3890486.56,2649637.25,4.1
DC-1242,13.97,hybrid,71.8,0.1359,155.85,1.261,14041765.39,8.85,1.236,5712288.49,2311567.2,4011927.84,3613571.95,3999166.45,4401131.36,3209542.27,3.9
DC-1243,10.33,liquid-cooled,68.0,0.1178,209.83,1.094,17560781.52,3.58,0.37,1861590.3,931645.2,1396617.75,907861.93,1375692.15,1815171.81,1117294.2,8.3
DC-1244,7.3,hybrid,78.8,0.1093,179.89,1.254,13284882.03,9.8,0.715,2969295.53,1543456.2,2256375.86,1881084.56,2090814.3,2307378.79,1805100.69,3.6
DC-1245,9.78,hybrid,75.3,0.1293,186.59,1.224,12961937.45,8.62,0.843,3596926.04,1887544.44,2742235.24,2640919.66,2912875.51,3209441.3,2193788.19,4.0
DC-1246,6.18,air-cooled,84.4,0.1183,202.67,1.552,11211060.03,12.86,0.795,3259258.87,1933471.8,2596365.34,2362915.94,2519372.05,2663029.95,2077092.27,2.7
DC-1247,16.9,air-cooled,87.5,0.1537,148.83,1.64,10824444.37,12.32,2.082,9605406.44,3718368.72,6661887.58,6299234.83,6702792.21,7146907.83,5329510.06,2.9
DC-1248,8.88,air-cooled,75.7,0.1447,176.32,1.555,10860245.15,12.43,1.104,4840446.35,2335887.36,3588166.85,3424657.51,3646869.61,3871694.15,2870533.48,2.8
DC-1249,19.83,air-cooled,75.5,0.1392,178.19,1.551,10850387.0,12.65,2.508,10790605.05,5362806.24,8076705.64,7567859.43,8069414.25,8606632.48,6461364.51,2.8
DC-1250,4.74,hybrid,74.6,0.1352,178.96,1.233,12484775.43,9.09,0.431,1825155.94,925581.12,1375368.53,1279687.43,1404498.57,1545375.09,1100294.82,3.9
DC-1251,21.43,air-cooled,77.9,0.0942,181.4,1.524,10003124.29,13.0,2.786,9696698.4,6064564.8,7880631.6,7409689.89,7952247.17,8494370.67,6304505.28,3.1
DC-1252,32.03,hybrid,72.7,0.1333,205.71,1.24,13767550.6,8.06,2.582,11638141.94,6373718.64,9005930.29,9069870.78,10073915.45,11050393.59,7204744.23,4.0
DC-1253,3.34,air-cooled,72.0,0.1275,194.1,1.608,10389628.1,12.61,0.421,1728112.99,980593.2,1354353.1,1279714.74,1364068.56,1443555.83,1083482.48,2.8
DC-1254,22.18,air-cooled,86.4,0.1321,198.37,1.555,10890792.74,12.88,2.857,12055442.76,6800917.08,9428179.92,8660800.9,9187713.48,9863221.75,7542543.94,2.6
DC-1255,43.91,air-cooled,90.2,0.1299,184.71,1.577,11836179.49,12.55,5.511,24384897.86,12215241.72,18300069.79,16690515.83,17780966.76,18776868.63,14640055.83,2.7
DC-1256,6.25,hybrid,53.9,0.1291,163.01,1.271,13128152.24,8.0,0.5,2177380.7,978060.0,1577720.35,1602460.36,1779051.34,1974205.45,1262176.28,4.5
DC-1257,62.68,hybrid,72.1,0.174,152.8,1.246,13316566.7,8.8,5.516,26799155.51,10114137.6,18456646.56,17194819.32,18938287.59,20896909.12,14765317.25,3.8
DC-1258,22.99,liquid-cooled,63.7,0.1185,161.06,1.058,17624248.77,3.08,0.708,3550455.18,1368365.76,2459410.47,1825901.1,2756595.04,3707613.57,1967528.38,10.5
DC-1259,9.36,air-cooled,68.3,0.1387,189.4,1.618,10688732.03,12.28,1.149,4987996.52,2611447.2,3799721.86,3632805.48,3862224.27,4100055.9,3039777.49,2.8
DC-1260,15.73,liquid-cooled,76.8,0.1106,184.48,1.073,17077687.07,4.24,0.667,3224694.25,1476577.92,2350636.08,1292183.89,2039275.19,2677433.17,1880508.86,7.5
DC-1261,25.7,air-cooled,80.0,0.1358,180.85,1.635,10856249.79,12.95,3.328,14501790.06,7222425.6,10862107.83,9770186.58,10394681.83,10999659.48,8689686.26,2.7
DC-1262,17.48,air-cooled,70.7,0.1388,178.47,1.551,11413322.51,12.46,2.178,9631412.6,4664491.92,7147952.26,6639428.63,7100044.94,7556296.04,5718361.81,2.8
DC-1263,25.31,liquid-cooled,49.0,0.1273,214.18,1.077,17010197.66,4.66,1.179,5872667.76,3030218.64,4451443.2,2382329.95,3546830.41,4759389.83,3561154.56,6.4
DC-1264,7.87,air-cooled,60.4,0.1534,171.66,1.54,11048142.41,12.22,0.962,4352636.45,1981643.04,3167139.74,3062404.13,3253691.4,3461226.55,2533711.79,2.8
DC-1265,18.83,hybrid,82.8,0.1023,197.92,1.267,13738170.88,9.14,1.721,7208144.12,4087443.84,5647793.98,4963752.35,5498998.4,5993683.08,4518235.18,3.8
DC-1266,5.31,air-cooled,39.1,0.1103,184.03,1.585,10852563.44,14.41,0.765,3016511.39,1689395.4,2352953.4,2253883.44,2398138.42,2560932.38,1882362.72,2.5
DC-1267,15.04,hybrid,86.2,0.1242,183.09,1.243,12976736.12,9.77,1.469,6222820.9,3227510.52,4725165.71,3969934.63,4398923.05,4819268.9,3780132.57,3.6
DC-1268,7.98,liquid-cooled,78.3,0.1376,201.65,1.082,17231946.55,2.14,0.171,877835.05,413785.8,645810.43,698479.67,1055556.43,1427706.9,516648.34,13.9
DC-1269,9.13,air-cooled,87.8,0.1236,205.94,1.599,11054659.08,12.75,1.164,4874699.04,2876569.92,3875634.48,3576241.74,3808678.41,4028261.81,3100507.58,2.7
DC-1270,44.21,hybrid,69.6,0.1457,180.41,1.263,14065361.88,9.54,4.218,19983379.39,9131632.56,14557505.98,12193769.3,13512470.44,14833072.44,11646004.78,3.4
DC-1271,39.37,air-cooled,47.3,0.1068,195.99,1.534,10334430.41,13.38,5.268,19658603.0,12389703.84,16024153.42,15139300.07,16111106.46,17213243.37,12819322.74,2.8
DC-1272,26.77,hybrid,77.2,0.0972,189.46,1.252,13512693.47,8.09,2.166,8813158.81,4924444.32,6868801.56,6884997.52,7624266.85,8358859.84,5495041.25,4.4
DC-1273,6.86,air-cooled,87.3,0.1262,184.11,1.511,10766070.62,12.62,0.866,3518461.67,1913271.12,2715866.4,2579113.31,2737534.85,2902695.95,2172693.12,2.8
DC-1274,12.77,air-cooled,83.1,0.1185,187.06,1.588,10803307.41,12.32,1.573,6369351.11,3530944.56,4950147.84,4740663.17,5087909.04,5411836.44,3960118.27,2.9
DC-1275,43.4,air-cooled,64.0,0.1309,173.68,1.628,10465372.57,12.09,5.247,21997732.16,10935587.52,16466659.84,16145770.44,17102723.79,18292419.8,13173327.87,3.0
DC-1276,18.42,air-cooled,73.0,0.1195,179.41,1.574,11738574.26,12.3,2.266,9644700.43,4878516.72,7261608.57,6760953.13,7205063.35,7666332.65,5809286.86,2.9
DC-1277,105.16,liquid-cooled,65.6,0.1132,175.29,1.031,17759232.23,2.29,2.408,11965035.69,5065179.84,8515107.76,8520987.85,12893295.16,17826546.21,6812086.21,13.9
DC-1278,22.53,air-cooled,62.2,0.1185,197.52,1.618,10643155.18,12.54,2.825,11426352.86,6695928.0,9061140.43,8592859.31,9094855.82,9642775.69,7248912.34,2.8
DC-1279,19.18,air-cooled,83.5,0.1206,182.57,1.608,10220930.93,12.68,2.432,9655281.33,5328122.88,7491702.1,7096053.09,7572544.55,8013082.79,5993361.68,2.9
DC-1280,12.84,air-cooled,57.6,0.1139,164.53,1.533,11390451.03,12.52,1.608,6529739.95,3174770.88,4852255.42,4498053.44,4793841.01,5111862.33,3881804.34,3.0
DC-1281,18.3,air-cooled,61.3,0.1159,173.15,1.6,10510596.32,12.16,2.225,8811317.0,4623105.0,6717211.0,6494788.08,7009594.01,7443566.95,5373768.8,3.1
DC-1282,14.56,hybrid,58.8,0.1119,136.01,1.21,13733686.91,8.25,1.201,5089868.82,1960176.12,3525022.47,3452289.33,3836618.32,4218830.72,2820017.98,4.6
DC-1283,28.98,liquid-cooled,54.1,0.1371,176.58,1.106,15569324.25,3.94,1.142,5468068.91,2419852.32,3943960.62,2407277.86,3673203.0,4991343.84,3155168.5,8.3
DC-1284,35.35,air-cooled,73.8,0.1239,184.56,1.516,10777652.32,12.84,4.539,18339582.91,10052614.08,14196098.5,13234047.72,14049902.34,14952133.33,11356878.8,2.8
DC-1285,8.77,liquid-cooled,85.9,0.1651,181.96,1.093,17376663.43,2.68,0.235,1278931.2,513127.2,896029.2,780031.67,1178346.6,1586941.07,716823.36,11.0
DC-1286,5.67,hybrid,69.8,0.1232,213.7,1.225,13802730.75,9.41,0.534,2343903.66,1369389.6,1856646.63,1581028.92,1750369.47,1930116.46,1485317.3,3.4
DC-1287,3.78,air-cooled,53.9,0.109,192.62,1.563,11031913.86,12.84,0.485,1912816.4,1121048.4,1516932.4,1385559.89,1479352.55,1570929.11,1213545.92,2.8
DC-1288,24.69,hybrid,82.1,0.1734,191.96,1.316,14579824.94,8.88,2.192,11483765.34,5049315.84,8266540.59,7196009.19,8031882.07,8763588.52,6613232.47,3.4
DC-1289,6.8,air-cooled,92.2,0.1283,159.35,1.59,11283163.47,12.95,0.881,3783351.76,1684648.2,2733999.98,2434991.76,2582444.94,2764811.87,2187199.98,2.8
DC-1290,2.94,hybrid,64.2,0.1398,178.53,1.247,13470197.37,9.45,0.278,1256702.68,595576.08,926139.38,793623.75,867921.65,971390.44,740911.5,3.6
DC-1291,22.44,liquid-cooled,66.3,0.1318,176.7,1.09,17202298.61,4.27,0.958,4867801.24,2031343.2,3449572.22,1878715.88,2861658.73,3794997.98,2759657.78,7.3
DC-1292,120.83,air-cooled,78.2,0.1325,172.21,1.555,10276754.18,12.95,15.647,63974506.51,32334838.44,48154672.48,45147084.95,47965369.36,50917486.01,38523737.98,2.8
DC-1293,16.36,liquid-cooled,91.5,0.1307,172.0,1.092,17795233.05,3.3,0.54,2810571.47,1114560.0,1962565.74,1378093.69,2015522.15,2752150.3,1570052.59,9.4
DC-1294,32.16,hybrid,65.8,0.098,156.88,1.235,13423145.31,9.26,2.978,12040482.78,5606263.68,8823373.23,7801871.95,8558884.94,9505905.73,7058698.58,4.1
DC-1295,17.56,air-cooled,56.0,0.1274,164.86,1.565,11405793.06,12.6,2.213,9474291.7,4378022.16,6926156.93,6405965.58,6812830.04,7263969.94,5540925.54,2.9
DC-1296,15.19,hybrid,79.6,0.0935,197.11,1.193,13574349.96,9.99,1.517,6058383.42,3588190.44,4823286.93,3919651.97,4343759.17,4798901.83,3858629.54,3.5
DC-1297,34.3,air-cooled,81.6,0.1165,181.86,1.591,11378423.08,12.72,4.363,18116125.4,9521462.16,13818793.78,12602371.66,13377039.18,14207909.94,11055035.02,2.8
DC-1298,13.04,liquid-cooled,72.1,0.1055,176.4,1.113,15950755.41,2.21,0.288,1317088.7,609638.4,963363.55,1081233.69,1638315.94,2161328.36,770690.84,15.2
DC-1299,20.37,hybrid,65.3,0.1271,183.92,1.279,12744919.12,8.09,1.648,7014279.78,3637201.92,5325740.85,5448909.23,6017243.93,6621111.06,4260592.68,4.3
DC-1300,21.27,air-cooled,83.9,0.1267,201.51,1.55,10617934.8,12.32,2.62,10689269.0,6335474.4,8512371.7,8223463.02,8815452.48,9374378.5,6809897.36,2.8
DC-1301,9.64,air-cooled,78.3,0.1296,184.06,1.5,11321507.36,12.3,1.186,5003537.75,2619541.92,3811539.84,3615261.59,3878370.62,4117569.28,3049231.87,2.8
DC-1302,36.37,hybrid,62.8,0.1257,192.11,1.254,14255219.81,9.31,3.386,15401715.87,7805813.52,11603764.7,9859987.5,10968529.0,12126997.43,9283011.76,3.5
DC-1303,14.3,air-cooled,72.6,0.1079,171.3,1.494,11230742.74,12.45,1.78,6955982.58,3658968.0,5307475.29,4995445.82,5361972.07,5706881.05,4245980.23,3.0
DC-1304,8.98,air-cooled,55.8,0.1148,174.72,1.544,10115042.19,12.37,1.111,4222364.02,2329367.04,3275865.53,3218092.55,3432536.21,3664311.16,2620692.42,3.1
DC-1305,25.26,air-cooled,80.2,0.1384,189.31,1.63,10940648.92,12.07,3.049,13438288.33,6926474.28,10182381.3,9832791.4,10464352.1,11076246.63,8145905.04,2.8
DC-1306,8.01,air-cooled,68.9,0.1414,212.39,1.59,11069667.47,12.54,1.004,4447119.47,2558874.72,3502997.1,3262369.9,3477714.52,3666307.47,2802397.68,2.6
DC-1307,16.82,air-cooled,66.8,0.0971,205.45,1.59,11211450.73,12.74,2.143,8237437.27,5283352.2,6760394.74,6144237.18,6555339.17,6958288.25,5408315.79,2.8
DC-1308,16.33,air-cooled,71.6,0.0894,192.74,1.625,11773980.19,12.46,2.035,7914214.8,4706710.8,6310462.8,5697238.56,6100517.48,6526127.82,5048370.24,2.9
DC-1309,39.2,air-cooled,72.5,0.1055,186.27,1.526,11506391.79,12.42,4.869,19316660.19,10883383.56,15100021.88,14174136.86,15023410.91,15993218.21,12080017.5,2.9
DC-1310,24.04,hybrid,82.7,0.1409,205.02,1.258,13716885.43,9.47,2.277,10476308.58,5601966.48,8039137.53,6844789.68,7536124.16,8290980.85,6431310.02,3.4
DC-1311,16.12,air-cooled,79.1,0.1443,195.92,1.572,11079463.12,13.0,2.096,9325560.53,4927779.84,7126670.18,6464866.47,6873412.54,7261102.68,5701336.14,2.5
DC-1312,31.63,air-cooled,70.1,0.1015,149.6,1.516,11550490.23,12.27,3.881,15192996.68,6967171.2,11080083.94,10377978.75,11179836.12,11958207.6,8864067.15,3.2
DC-1313,50.01,air-cooled,81.2,0.1261,168.19,1.634,10191850.93,12.27,6.136,24972482.92,12384166.08,18678324.5,18091885.2,19386112.08,20749420.7,14942659.6,3.0
DC-1314,25.69,hybrid,76.8,0.1567,189.07,1.276,12484512.83,8.0,2.055,9300706.37,4662466.2,6981586.28,7275508.34,8085938.75,8906760.12,5585269.02,4.1
DC-1315,16.58,air-cooled,66.9,0.1283,157.2,1.574,9741150.11,12.71,2.107,8288371.67,3974644.8,6131508.24,5909029.92,6363331.94,6718730.79,4905206.59,3.0
DC-1316,5.76,air-cooled,70.5,0.1484,170.54,1.633,11675033.68,12.34,0.711,3354018.65,1455047.28,2404532.96,2204897.58,2344866.07,2503980.82,1923626.37,2.7
DC-1317,7.01,air-cooled,70.2,0.14,173.5,1.69,11721422.68,12.18,0.854,3994479.61,1778028.0,2886253.8,2652137.71,2828380.84,2992989.54,2309003.04,2.7
DC-1318,12.88,hybrid,78.1,0.1018,180.16,1.284,13285058.75,8.37,1.078,4416852.09,2330549.76,3373700.92,3279655.2,3620490.15,3991302.44,2698960.74,4.3
DC-1319,10.1,hybrid,67.6,0.1162,179.69,1.24,14646350.47,9.44,0.953,4304658.52,2054934.84,3179796.68,2646364.57,2909432.54,3219860.74,2543837.34,3.6
DC-1320,14.16,hybrid,67.3,0.1207,179.66,1.291,13199753.47,9.49,1.344,5776907.35,2897556.48,4337231.92,3731289.91,4120393.33,4564066.85,3469785.54,3.7
DC-1321,17.21,hybrid,95.6,0.1221,196.38,1.199,12673627.0,8.83,1.52,6230186.88,3581971.2,4906079.04,4680360.37,5149789.15,5666145.25,3924863.23,3.9
DC-1322,25.12,hybrid,83.3,0.1383,180.02,1.189,13724497.37,8.06,2.025,9093001.92,4374486.0,6733743.96,6809816.59,7556845.31,8271894.05,5386995.17,4.2
DC-1323,15.54,air-cooled,62.9,0.1282,178.23,1.585,10277698.84,12.64,1.964,7981575.8,4200524.64,6091050.22,5767969.05,6162341.35,6576150.48,4872840.18,2.9
DC-1324,24.27,hybrid,78.9,0.0613,163.76,1.286,13623101.54,9.17,2.226,8276095.41,4374357.12,6325226.26,5600943.58,6173408.94,6807857.56,5060181.01,4.3
DC-1325,17.32,air-cooled,73.4,0.0937,199.37,1.603,10450228.97,12.82,2.22,8076437.13,5311216.8,6693826.96,6210062.63,6647981.22,7047216.25,5355061.57,2.9
DC-1326,3.39,hybrid,76.7,0.0763,173.93,1.256,14030835.42,8.76,0.297,1175365.25,619886.52,897625.88,820417.19,903251.16,994688.23,718100.7,4.2
DC-1327,7.76,hybrid,73.6,0.1235,167.69,1.244,13711650.23,8.67,0.673,2956399.64,1354264.44,2155332.04,2015290.62,2211593.99,2436666.49,1724265.63,4.1
DC-1328,14.65,air-cooled,86.3,0.1248,187.2,1.585,11392409.12,12.38,1.814,7735702.42,4074969.6,5905336.01,5582178.49,5899723.87,6259918.7,4724268.81,2.8
DC-1329,6.25,air-cooled,76.1,0.1257,172.5,1.563,10263497.53,12.57,0.786,3145451.38,1627020.0,2386235.69,2297535.49,2449088.74,2603342.35,1908988.55,2.9
DC-1330,26.57,air-cooled,71.3,0.1008,176.11,1.673,11388982.86,12.24,3.252,13034528.07,6872516.64,9953522.36,9233901.61,9850326.79,10509038.91,7962817.89,3.0
DC-1331,55.96,hybrid,84.5,0.1335,187.88,1.273,13283143.07,8.82,4.936,21918466.7,11128508.16,16523487.43,15241929.88,16895496.12,18585832.88,13218789.94,3.8
DC-1332,43.6,hybrid,74.8,0.1343,179.1,1.234,14457982.06,8.67,3.78,17632363.44,8123976.0,12878169.72,11855040.22,13063876.91,14320710.77,10302535.78,3.8
DC-1333,13.86,liquid-cooled,73.5,0.0949,218.67,1.097,16689952.81,2.25,0.312,1441702.34,818700.48,1130201.41,1198810.49,1793367.68,2396355.73,904161.13,13.8
DC-1334,54.19,air-cooled,75.8,0.0907,182.88,1.592,10736582.18,12.85,6.963,25420534.99,15280721.28,20350628.13,18634362.72,19974955.91,21401390.86,16280502.5,3.0
DC-1335,18.52,hybrid,70.9,0.12,193.27,1.303,13625728.87,8.11,1.502,6605275.33,3483498.48,5044386.9,5010246.91,5510660.65,6071657.41,4035509.52,4.1
DC-1336,12.56,hybrid,72.1,0.1558,154.87,1.271,14065635.01,9.57,1.202,5842161.9,2233844.88,4038003.39,3364844.31,3723335.34,4085954.44,3230402.71,3.5
DC-1337,10.07,liquid-cooled,65.0,0.154,171.09,1.028,18317429.05,4.22,0.425,2319374.99,872559.0,1595967.0,837325.11,1293676.19,1718616.36,1276773.6,7.1
DC-1338,12.91,air-cooled,63.0,0.1313,167.7,1.657,11476624.6,12.72,1.642,7317117.41,3304360.8,5310739.11,4757694.82,5050816.4,5373866.72,4248591.29,2.7
DC-1339,12.05,air-cooled,60.0,0.1054,169.68,1.544,10830563.59,12.05,1.452,5564606.01,2956504.32,4260555.16,4212637.51,4468807.9,4760937.79,3408444.13,3.2
DC-1340,18.85,hybrid,55.3,0.1377,190.23,1.176,13546231.22,9.12,1.719,7613151.82,3924064.44,5768608.13,5205423.87,5773573.95,6347284.95,4614886.5,3.7
DC-1341,18.7,hybrid,61.4,0.111,199.53,1.231,13993004.21,8.87,1.659,7144536.01,3972243.24,5558389.62,4988255.43,5525062.7,6087292.01,4446711.7,3.8
DC-1342,16.48,liquid-cooled,69.9,0.1046,189.17,1.101,17075599.24,2.31,0.381,1830102.83,864885.24,1347494.04,1399419.13,2068226.23,2803399.75,1077995.23,13.8
DC-1343,23.33,air-cooled,73.2,0.0771,180.6,1.6,11446512.0,12.89,3.007,10898278.92,6516770.4,8707524.66,7779566.51,8244742.65,8785882.17,6966019.73,3.0
DC-1344,42.63,air-cooled,68.7,0.122,174.54,1.544,10312963.28,12.37,5.273,20785497.9,11044193.04,15914845.47,15424758.21,16667403.42,17571804.55,12731876.38,3.0
DC-1345,35.15,liquid-cooled,43.7,0.1074,200.7,1.084,18870290.49,4.62,1.624,8466319.79,3911241.6,6188780.69,4526416.18,5911242.41,7584647.86,4951024.55,6.4
DC-1346,5.01,air-cooled,90.9,0.1219,215.07,1.525,11246533.24,12.33,0.618,2550913.48,1594959.12,2072936.3,1978957.9,2094329.02,2234442.37,1658349.04,2.7
DC-1347,2.13,hybrid,85.0,0.074,186.03,1.243,14228617.82,8.84,0.188,745923.35,419683.68,582803.52,525891.64,576626.17,636736.36,466242.82,4.1
DC-1348,34.72,air-cooled,77.3,0.1234,198.09,1.637,10518782.69,12.88,4.472,18366853.14,10630301.76,14498577.45,13319833.44,14140513.78,15012734.91,11598861.96,2.7
DC-1349,5.51,air-cooled,94.9,0.0714,189.15,1.543,11111103.55,12.5,0.689,2366181.08,1563892.2,1965036.64,1850876.89,1964192.83,2091979.51,1572029.31,3.2
DC-1350,13.74,hybrid,60.3,0.1418,195.33,1.213,12955321.95,8.23,1.131,4960238.26,2651018.76,3805628.51,3853721.62,4228711.95,4679395.24,3044502.81,4.1
DC-1351,6.45,hybrid,94.7,0.1304,166.53,1.242,13317868.76,9.14,0.59,2583178.1,1179032.4,1881105.25,1684665.81,1860256.17,2050666.43,1504884.2,3.9
DC-1352,3.89,air-cooled,60.4,0.1144,176.68,1.582,10860794.84,12.06,0.469,1875484.93,994355.04,1434919.98,1402769.41,1490274.95,1592309.57,1147935.98,3.0
DC-1353,25.36,air-cooled,74.9,0.1313,189.93,1.614,11407764.47,12.56,3.185,13986807.12,7259124.6,10622965.86,9735890.47,10370263.52,11005702.52,8498372.69,2.7
DC-1354,30.18,hybrid,56.7,0.1004,202.19,1.246,13537424.87,8.98,2.71,11122324.07,6575218.8,8848771.44,8039789.48,8866563.39,9707169.45,7079017.15,3.8
DC-1355,10.37,air-cooled,72.2,0.1214,171.73,1.737,10490799.45,12.95,1.343,5611760.06,2767600.68,4189680.37,3766286.9,4001351.32,4234320.5,3351744.3,2.8
DC-1356,2.07,liquid-cooled,76.6,0.1359,153.5,1.089,16048305.92,2.3,0.048,233410.91,88416.0,160913.46,165696.58,254766.7,339061.59,128730.77,14.5
DC-1357,10.62,air-cooled,70.1,0.06,176.53,1.622,10625532.31,12.1,1.285,4129672.09,2722092.6,3425882.34,3429568.1,3631860.48,3818601.05,2740705.87,3.5
DC-1358,22.5,hybrid,80.6,0.1111,199.15,1.284,12892861.59,9.46,2.129,8760229.04,5087884.2,6924056.62,6117350.5,6697668.18,7350864.23,5539245.3,3.7
DC-1359,5.04,liquid-cooled,73.2,0.1195,160.24,1.101,19532222.98,2.02,0.102,560290.37,196133.76,378212.06,399044.22,622293.61,826740.72,302569.65,15.0
DC-1360,19.04,hybrid,65.7,0.1161,166.35,1.265,13940394.49,9.79,1.864,8172551.39,3720916.8,5946734.1,4824539.55,5363632.8,5914250.21,4757387.28,3.6
DC-1361,16.24,air-cooled,65.2,0.1491,186.34,1.673,11014840.71,12.12,1.968,9117496.91,4400605.44,6759051.18,6450644.24,6831869.9,7241045.42,5407240.94,2.7
DC-1362,26.14,hybrid,81.7,0.0975,182.26,1.269,13810911.99,8.26,2.159,8966207.08,4721992.08,6844099.58,6600518.76,7344657.0,8101596.92,5475279.66,4.3
DC-1363,18.1,air-cooled,64.2,0.1076,192.92,1.539,11199105.14,12.82,2.32,9139209.63,5370892.8,7255051.22,6667617.86,7060543.0,7534412.35,5804040.98,2.8
DC-1364,7.55,air-cooled,83.0,0.0817,165.57,1.637,11905176.48,12.93,0.976,3725570.2,1939155.84,2832363.02,2461396.62,2616009.4,2800579.88,2265890.42,3.0
DC-1365,42.83,liquid-cooled,86.7,0.1502,179.13,1.08,16548649.04,3.11,1.332,6791188.31,2863213.92,4827201.12,3622290.95,5541872.53,7507988.37,3861760.9,10.0
DC-1366,14.49,hybrid,52.0,0.1151,201.93,1.22,12795317.49,9.28,1.345,5478858.32,3259150.2,4369004.26,3946834.07,4354318.25,4763321.6,3495203.41,3.7
DC-1367,16.09,hybrid,85.6,0.1112,166.11,1.205,13648003.25,8.3,1.335,5615937.25,2661082.2,4138509.72,4068717.25,4478508.84,4962824.14,3310807.78,4.4
DC-1368,7.79,air-cooled,96.7,0.119,206.15,1.632,11007999.41,12.78,0.996,4130894.23,2463904.8,3297399.51,3023036.28,3206895.21,3375223.57,2637919.61,2.7
DC-1369,11.53,air-cooled,75.0,0.1327,167.99,1.557,10967241.15,12.04,1.388,5894978.22,2798041.44,4346509.83,4253557.53,4548411.93,4844516.63,3477207.86,3.0
DC-1370,8.1,air-cooled,79.2,0.1269,196.74,1.621,11748365.9,12.95,1.049,4628946.32,2476563.12,3552754.72,3123920.51,3323176.62,3525288.31,2842203.78,2.6
DC-1371,14.32,hybrid,84.4,0.173,178.41,1.226,13749262.19,8.62,1.234,6063098.68,2641895.28,4352496.98,4064400.31,4520730.62,4969398.32,3481997.58,3.7
DC-1372,64.67,hybrid,68.7,0.1291,166.83,1.238,13327177.65,9.77,6.318,27557025.0,12648383.28,20102704.14,16800619.16,18775861.08,20525968.62,16082163.31,3.6
DC-1373,5.49,air-cooled,74.2,0.1107,176.55,1.541,11180178.96,12.32,0.676,2689696.67,1432173.6,2060935.14,1970687.49,2091144.3,2215388.59,1648748.11,3.0
DC-1374,4.52,hybrid,56.2,0.1088,192.17,1.241,13723245.53,9.68,0.438,1853787.84,1010045.52,1431916.68,1199404.92,1325008.7,1451449.63,1145533.34,3.6
DC-1375,53.35,air-cooled,73.7,0.1121,183.9,1.595,11874867.2,12.83,6.845,28784203.81,15105546.0,21944874.9,19370701.43,20663424.96,21986629.01,17555899.92,2.7
DC-1376,13.91,air-cooled,78.0,0.09,200.78,1.567,11718232.58,12.8,1.78,6834264.58,4288660.8,5561462.69,4983407.73,5316416.21,5655283.98,4449170.15,2.8
DC-1377,9.63,air-cooled,78.2,0.1208,205.54,1.557,11128269.59,12.2,1.175,4841679.92,2898114.0,3869896.96,3715012.28,3945917.98,4189033.92,3095917.57,2.8
DC-1378,37.79,air-cooled,84.8,0.1357,166.25,1.598,10609462.16,12.77,4.826,20545498.13,9627870.0,15086684.06,14075883.62,14954314.82,15798016.07,12069347.25,2.8
DC-1379,10.13,air-cooled,62.7,0.1077,165.16,1.548,9992876.18,12.03,1.219,4487264.37,2415960.48,3451612.42,3476584.37,3737615.17,3989086.38,2761289.94,3.3
DC-1380,70.87,liquid-cooled,65.6,0.1039,164.43,1.075,19028819.15,3.74,2.651,13803896.91,5230847.16,9517372.04,5599944.72,8438771.88,11505972.67,7613897.63,8.4
DC-1381,28.29,air-cooled,94.7,0.1503,170.51,1.667,10785038.57,12.49,3.533,16221748.71,7228941.96,11725345.34,10935532.37,11685597.61,12327567.71,9380276.27,2.7
DC-1382,11.13,liquid-cooled,70.2,0.0915,200.56,1.093,16990249.22,2.88,0.321,1493193.82,772557.12,1132875.47,931161.03,1420184.33,1860257.96,906300.38,11.1
DC-1383,92.37,air-cooled,74.4,0.0786,192.41,1.568,10780991.66,12.89,11.906,41378116.85,27490001.52,34434059.18,31636541.14,33810745.84,35878385.21,27547247.34,3.0
DC-1384,10.13,liquid-cooled,71.2,0.0969,175.82,1.071,17627484.27,2.57,0.26,1254845.97,548558.4,901702.18,778618.36,1187545.4,1631360.44,721361.74,12.6
DC-1385,29.78,hybrid,62.1,0.0892,183.83,1.281,13606085.29,9.28,2.764,11123822.09,6097273.44,8610547.76,7459559.18,8304006.34,9200244.97,6888438.21,3.9
DC-1386,20.89,liquid-cooled,91.5,0.1277,205.06,1.062,17611300.75,2.15,0.449,2290632.24,1104863.28,1697747.76,1869220.31,2744952.01,3682884.4,1358198.21,13.8
DC-1387,46.59,air-cooled,65.7,0.1128,212.62,1.64,10481002.5,12.58,5.861,23148849.34,14953989.84,19051419.59,17855064.3,19050240.9,20190318.01,15241135.67,2.8
DC-1388,57.35,hybrid,58.5,0.1156,187.89,1.27,12968843.49,9.79,5.615,23403535.28,12660028.2,18031781.74,15123181.27,16730638.83,18406851.89,14425425.39,3.6
DC-1389,16.87,liquid-cooled,66.6,0.1431,144.11,1.093,16575007.34,3.13,0.528,2668233.04,913080.96,1790657.0,1325167.05,1963550.8,2741370.92,1432525.6,10.6
DC-1390,9.0,air-cooled,48.0,0.1062,188.46,1.489,10559926.39,12.6,1.134,4231957.45,2564563.68,3398260.57,3399579.47,3592686.96,3802055.46,2718608.46,3.0
DC-1391,23.76,air-cooled,64.2,0.1355,198.02,1.679,11463204.55,12.78,3.037,13788946.4,7216640.88,10502793.64,9363065.33,9933070.35,10533132.88,8402234.91,2.5
DC-1392,9.56,air-cooled,60.4,0.1502,187.37,1.598,10921582.79,12.21,1.167,5286031.64,2623929.48,3954980.56,3807129.48,4040471.36,4276288.45,3163984.45,2.7
DC-1393,82.33,liquid-cooled,79.4,0.1109,194.9,1.083,18160556.37,4.28,3.524,17929394.4,8241931.2,13085662.8,6769011.28,10522350.27,14177777.39,10468530.24,7.1
DC-1394,18.34,air-cooled,63.9,0.1347,189.36,1.559,10647867.44,12.32,2.259,9500832.42,5133170.88,7317001.65,7053547.88,7526044.45,7975485.99,5853601.32,2.8
DC-1395,12.28,air-cooled,82.7,0.1152,165.48,1.516,10903518.85,12.74,1.564,6182302.16,3105728.64,4644015.4,4319240.45,4610615.5,4931408.09,3715212.32,3.0
DC-1396,19.06,air-cooled,88.8,0.1385,170.71,1.535,10836512.79,12.18,2.322,9916026.82,4756663.44,7336345.13,7161313.8,7650448.77,8120497.9,5869076.1,2.9
DC-1397,5.6,air-cooled,81.4,0.0886,179.18,1.564,10284208.49,12.75,0.714,2498469.05,1535214.24,2016841.64,1913637.13,2045589.63,2164220.16,1613473.31,3.1
DC-1398,7.56,hybrid,69.4,0.0871,199.98,1.251,14560495.81,9.37,0.708,2966643.0,1699030.08,2332836.54,1951847.72,2156579.99,2388573.05,1866269.23,3.6
DC-1399,42.96,air-cooled,73.7,0.1122,172.51,1.518,10458684.93,12.61,5.417,20672094.86,11213840.04,15942967.45,15241726.44,16297669.07,17298830.17,12754373.96,3.0
DC-1400,9.72,hybrid,53.7,0.1022,190.84,1.237,13886426.73,8.05,0.782,3279179.42,1790842.56,2535010.99,2511602.1,2820557.08,3068602.95,2028008.79,4.3
DC-1401,7.12,liquid-cooled,70.4,0.1097,188.56,1.057,16845690.11,3.86,0.275,1308789.38,622248.0,965518.69,590056.47,866097.29,1180723.51,772414.95,8.3
DC-1402,25.26,air-cooled,61.7,0.1156,207.79,1.59,11381223.71,12.72,3.213,13299519.06,8011551.24,10655535.15,9657283.35,10301155.0,10956472.6,8524428.12,2.7
DC-1403,42.46,hybrid,80.3,0.1344,183.37,1.22,13424352.37,9.97,4.233,18707951.32,9314462.52,14011206.92,11440764.92,12698212.08,14045308.86,11208965.54,3.4
DC-1404,29.23,air-cooled,98.0,0.1118,157.68,1.512,10822290.1,12.79,3.739,14528848.31,7074786.24,10801817.28,10143515.19,10762512.04,11461905.72,8641453.82,3.0
DC-1405,36.48,hybrid,78.0,0.1035,193.7,1.26,13140613.12,9.1,3.32,13487592.46,7717008.0,10602300.23,9567403.37,10552424.01,11663705.99,8481840.18,3.9
DC-1406,8.98,air-cooled,48.1,0.113,216.07,1.536,11813841.58,12.67,1.138,4717867.83,2950651.92,3834259.88,3584089.61,3815210.32,4048277.24,3067407.9,2.6
DC-1407,5.27,hybrid,67.7,0.1046,194.69,1.272,14473792.29,9.69,0.511,2239164.59,1193839.08,1716501.84,1397738.51,1536834.07,1683788.82,1373201.47,3.5
DC-1408,54.66,air-cooled,73.5,0.1013,172.19,1.497,9732098.24,12.29,6.718,23453265.79,13881269.04,18667267.42,18977209.61,20211525.65,21503889.88,14933813.94,3.3
DC-1409,12.7,air-cooled,73.0,0.0877,167.77,1.54,10862971.65,13.0,1.651,5938815.04,3323859.24,4631337.14,4196149.6,4498293.82,4781371.68,3705069.71,3.1
DC-1410,13.45,hybrid,63.2,0.1214,169.71,1.229,12416203.21,8.29,1.115,4533761.18,2270719.8,3402240.49,3469421.11,3851782.94,4226660.99,2721792.39,4.4
DC-1411,47.59,air-cooled,74.9,0.1086,214.05,1.639,10999214.75,12.08,5.749,23016176.97,14766881.4,18891529.18,18124160.07,19484881.12,20479875.87,15113223.34,2.8
DC-1412,25.66,hybrid,57.1,0.1393,179.09,1.23,13043382.65,8.35,2.143,9428040.89,4605478.44,7016759.67,7025190.58,7741545.01,8459961.56,5613407.74,4.1
DC-1413,23.68,air-cooled,60.7,0.0911,174.06,1.599,10261762.82,12.51,2.962,10534208.76,6186788.64,8360498.7,7990271.48,8559694.45,9168747.0,6688398.96,3.2
DC-1414,92.94,hybrid,79.7,0.1092,181.62,1.274,13537192.65,8.15,7.575,32019246.56,16509258.0,24264252.28,24116230.98,26730615.93,29514085.35,19411401.82,4.3
DC-1415,9.83,air-cooled,59.8,0.1563,179.25,1.523,11275278.91,12.61,1.24,5692704.67,2667240.0,4179972.34,3895888.42,4143853.41,4384732.0,3343977.87,2.6
DC-1416,34.55,hybrid,78.5,0.1012,207.51,1.258,13172335.59,8.94,3.089,12487028.53,7691980.68,10089504.6,9316483.59,10235750.05,11285721.92,8071603.68,3.9
DC-1417,17.21,air-cooled,55.6,0.1153,168.78,1.641,9854843.48,12.57,2.163,8321971.98,4380853.68,6351412.83,6143016.93,6557332.19,6933537.46,5081130.26,3.0
DC-1418,20.39,air-cooled,93.2,0.0957,201.71,1.589,11051929.41,12.87,2.624,9939958.29,6351444.48,8145701.38,7415785.76,7876890.13,8393943.61,6516561.1,2.8
DC-1419,55.86,air-cooled,62.7,0.093,185.83,1.473,10777482.49,12.43,6.943,24960222.11,15482612.28,20221417.2,19484743.78,20800056.14,22136190.27,16177133.76,3.1
DC-1420,24.69,hybrid,69.3,0.1509,202.11,1.24,14176476.73,9.26,2.286,10948715.44,5544281.52,8246498.48,7121631.16,7862018.66,8658621.09,6597198.78,3.4
DC-1421,25.3,air-cooled,76.0,0.1234,207.74,1.606,10254939.57,12.75,3.226,12952182.78,8042030.88,10497106.83,9922677.46,10507639.33,11119212.77,8397685.46,2.7
DC-1422,38.78,liquid-cooled,65.2,0.1227,185.27,1.07,17318374.56,2.74,1.063,5313532.34,2363304.12,3838418.23,3147804.36,4791012.9,6659324.0,3070734.58,11.4
DC-1423,12.28,liquid-cooled,73.7,0.0861,179.27,1.086,16954203.2,3.14,0.386,1770466.59,830378.64,1300422.62,977821.58,1437608.16,1969105.85,1040338.1,10.6
DC-1424,8.4,air-cooled,78.9,0.1272,184.99,1.571,10817116.33,12.72,1.068,4436819.04,2370831.84,3403825.44,3150125.69,3362852.21,3568314.0,2723060.35,2.8
DC-1425,7.13,hybrid,83.5,0.1431,182.58,1.347,13374174.98,8.54,0.609,2838292.5,1334294.64,2086293.57,1966072.1,2174601.6,2381854.85,1669034.86,3.8
DC-1426,3.41,air-cooled,81.5,0.143,159.15,1.576,12010336.24,12.51,0.427,1982640.97,815484.6,1399062.78,1263251.35,1350380.18,1430332.56,1119250.22,2.7
DC-1427,85.2,air-cooled,69.9,0.1334,207.29,1.527,11075348.7,12.21,10.403,44167147.08,25877254.44,35022200.76,33971149.42,36146766.37,38278344.46,28017760.61,2.7
DC-1428,6.8,hybrid,70.2,0.0974,187.69,1.24,12916603.81,9.39,0.639,2510218.31,1439206.92,1974712.62,1746195.99,1936784.69,2127027.24,1579770.1,3.9
DC-1429,13.78,hybrid,98.0,0.1263,166.55,1.272,13074733.71,8.08,1.113,4800170.79,2224441.8,3512306.3,3579687.5,3955098.82,4340942.12,2809845.04,4.4
DC-1430,13.18,hybrid,83.4,0.1334,152.99,1.228,13771620.11,8.03,1.058,4756113.28,1942361.04,3349237.16,3359260.16,3727056.26,4122381.9,2679389.73,4.4
DC-1431,21.03,air-cooled,60.9,0.0841,149.09,1.564,10908038.56,12.54,2.637,9430524.82,4717803.96,7074164.39,6611102.64,7084440.94,7580935.37,5659331.51,3.3
DC-1432,31.58,air-cooled,73.2,0.0976,195.56,1.561,10463718.89,12.62,3.985,14584655.28,9351679.2,11968167.24,11366276.52,12120287.14,12889135.48,9574533.79,3.0
DC-1433,32.73,air-cooled,68.0,0.1378,174.72,1.527,10987651.88,12.2,3.993,17109944.6,8371883.52,12740914.06,12439552.52,13174396.49,13921542.62,10192731.25,2.9
DC-1434,10.31,hybrid,70.4,0.1375,177.18,1.202,13890027.03,8.62,0.889,4031154.21,1890156.24,2960655.22,2765816.97,3100256.53,3396611.82,2368524.18,3.9
DC-1435,14.39,air-cooled,57.2,0.089,191.32,1.611,10865769.52,12.63,1.817,6669508.35,4171541.28,5420524.82,5056007.25,5355987.71,5680975.07,4336419.86,3.0
DC-1436,20.62,hybrid,67.1,0.1359,176.26,1.232,13643848.76,8.62,1.777,7994088.04,3758568.24,5876328.14,5508236.69,6132342.91,6735113.03,4701062.51,3.9
DC-1437,13.48,air-cooled,93.7,0.1219,192.2,1.586,11145298.29,12.41,1.673,6976968.01,3858607.2,5417787.6,5119283.51,5445143.16,5754700.14,4334230.08,2.8
DC-1438,59.49,air-cooled,78.9,0.1356,185.43,1.598,11790373.99,12.66,7.531,34027144.07,16757679.96,25392412.02,22700793.67,24273748.52,25814837.38,20313929.62,2.6
DC-1439,24.36,air-cooled,42.1,0.1073,182.74,1.59,10823845.64,13.63,3.32,12947390.29,7280361.6,10113875.94,9827195.91,10458853.47,11104293.3,8091100.75,2.7
DC-1440,29.6,air-cooled,86.6,0.1329,160.41,1.528,10547221.18,12.75,3.774,15559185.44,7264648.08,11411916.76,10806637.33,11481293.02,12187477.57,9129533.41,2.9
DC-1441,27.95,air-cooled,85.1,0.1369,171.7,1.545,10987398.04,12.92,3.611,15507352.8,7440104.4,11473728.6,10529725.84,11188418.21,11924392.8,9178982.88,2.7
DC-1442,42.05,hybrid,67.7,0.113,193.04,1.246,14240707.71,8.75,3.679,16180213.28,8522329.92,12351271.6,11317986.1,12372023.16,13662932.41,9881017.28,3.8
DC-1443,19.01,liquid-cooled,80.6,0.1204,173.77,1.073,18227292.82,2.85,0.542,2808756.14,1130200.08,1969478.11,1562509.73,2309324.33,3148990.63,1575582.49,10.9
DC-1444,5.83,air-cooled,61.7,0.107,202.08,1.571,11112905.8,12.21,0.712,2806749.81,1726571.52,2266660.66,2182788.37,2323996.68,2454794.34,1813328.53,2.9
DC-1445,22.64,air-cooled,66.4,0.153,219.2,1.577,10490154.14,12.3,2.785,12378675.88,7325664.0,9852169.94,9598992.2,10192504.67,10785460.87,7881735.95,2.6
DC-1446,9.77,air-cooled,90.0,0.1176,193.85,1.575,11036082.17,12.51,1.222,4979637.66,2842616.4,3911127.03,3660579.48,3919366.24,4156721.76,3128901.62,2.8
DC-1447,10.77,liquid-cooled,68.7,0.1016,206.39,1.064,16803856.46,3.71,0.4,1872466.94,990672.0,1431569.47,925422.31,1370389.52,1844286.19,1145255.58,8.5
DC-1448,26.29,air-cooled,49.6,0.1057,194.81,1.537,11144326.4,12.88,3.386,13204297.72,7915519.92,10559908.82,9648189.63,10352634.58,11031197.91,8447927.06,2.8
DC-1449,44.28,liquid-cooled,71.2,0.1225,175.99,1.096,17801567.9,4.56,2.019,10361551.57,4263885.72,7312718.64,3617800.47,5316753.09,7409063.73,5850174.91,6.8
DC-1450,16.73,air-cooled,71.1,0.1351,187.0,1.606,10461394.58,12.15,2.033,8590272.37,4562052.0,6576162.18,6430967.07,6854541.8,7321235.73,5260929.74,2.9
DC-1451,21.05,air-cooled,86.4,0.0933,214.2,1.53,11957820.41,12.76,2.686,10496282.75,6904094.4,8700188.57,7810534.46,8296058.92,8800740.6,6960150.86,2.7
DC-1452,64.19,liquid-cooled,72.2,0.157,176.15,1.086,18352410.92,4.96,3.184,17740964.81,6730339.2,12235652.0,5544774.44,8245922.49,11222699.16,9788521.6,5.9
DC-1453,19.94,air-cooled,66.9,0.1262,168.41,1.578,10870805.11,12.95,2.582,10741720.07,5218015.44,7979867.76,7275932.51,7759276.61,8237682.2,6383894.21,2.8
DC-1454,131.81,hybrid,84.5,0.1293,166.99,1.289,12766755.87,9.89,13.036,56016551.22,26122579.68,41069565.45,34416242.3,37974944.29,41882565.67,32855652.36,3.6
DC-1455,25.85,air-cooled,73.4,0.1181,180.74,1.53,11210458.56,12.06,3.118,12702992.96,6762567.84,9732780.4,9469050.82,10086158.02,10750826.3,7786224.32,3.0
DC-1456,4.02,air-cooled,63.0,0.1204,168.95,1.512,10068202.75,12.44,0.5,1916045.42,1013700.0,1464872.71,1452321.29,1544211.71,1635043.11,1171898.17,3.1
DC-1457,30.04,air-cooled,85.9,0.117,209.11,1.553,10793864.36,12.5,3.755,14983716.5,9422496.6,12203106.55,11675886.69,12359713.88,13074226.5,9762485.24,2.8
DC-1458,22.31,hybrid,74.3,0.1404,187.25,1.25,13518839.48,8.83,1.97,8946886.11,4426590.0,6686738.06,6148680.41,6834858.29,7494622.1,5349390.45,3.8
DC-1459,46.15,hybrid,72.0,0.1198,198.58,1.29,13793326.84,8.05,3.715,16416479.72,8852696.4,12634588.06,12487114.57,13857400.98,15256880.58,10107670.45,4.1
DC-1460,28.18,air-cooled,74.1,0.1353,179.52,1.56,10640785.36,12.74,3.59,15126732.99,7733721.6,11430227.3,10667675.16,11392943.53,12172708.43,9144181.84,2.8
DC-1461,14.72,liquid-cooled,59.2,0.1113,166.9,1.084,17397991.06,3.43,0.505,2486169.15,1011414.0,1748791.58,1157230.11,1740925.19,2386915.92,1399033.26,9.5
DC-1462,6.18,air-cooled,65.7,0.1239,164.36,1.559,10873134.18,12.85,0.794,3262017.61,1566022.08,2414019.84,2226458.74,2366560.63,2523111.43,1931215.87,2.9
DC-1463,13.91,air-cooled,72.0,0.1039,170.38,1.556,11039484.94,12.67,1.762,6817942.81,3602514.72,5210228.76,4819770.64,5152847.52,5492627.5,4168183.01,3.0
DC-1464,8.33,air-cooled,69.7,0.1443,189.21,1.631,10821824.56,12.25,1.02,4555875.71,2315930.4,3435903.06,3279747.28,3485210.75,3725938.02,2748722.45,2.7
DC-1465,10.34,air-cooled,87.3,0.1033,191.8,1.537,11265175.65,12.08,1.249,4863875.74,2874698.4,3869287.07,3759498.51,3990727.24,4246587.31,3095429.66,3.0
DC-1466,26.33,air-cooled,74.6,0.1135,193.05,1.604,11310093.47,12.14,3.196,13129638.27,7403853.6,10266745.93,9834085.3,10377437.83,11095677.8,8213396.74,2.9
DC-1467,62.55,liquid-cooled,82.3,0.1137,161.67,1.091,18252309.8,3.93,2.458,12640800.69,4768618.32,8704709.5,4972146.94,7579406.44,10021798.41,6963767.6,8.1
DC-1468,22.55,air-cooled,72.1,0.1129,183.99,1.621,11475333.3,12.86,2.9,12044423.7,6402852.0,9223637.85,8279287.51,8730587.79,9265834.4,7378910.28,2.8
DC-1469,6.32,air-cooled,84.7,0.1344,168.61,1.625,11676799.12,12.31,0.778,3507245.98,1574142.96,2540694.47,2358442.41,2509845.59,2669456.36,2032555.58,2.8
DC-1470,23.47,air-cooled,76.8,0.1137,190.02,1.546,10714691.83,12.94,3.037,11907704.0,6925088.88,9416396.44,8690290.93,9212543.16,9865476.75,7533117.15,2.8
DC-1471,42.83,hybrid,72.2,0.1479,191.19,1.27,13165930.56,9.37,4.013,18344143.04,9206945.64,13775544.34,12002874.79,13280794.09,14640488.08,11020435.47,3.5
DC-1472,10.1,liquid-cooled,71.8,0.1036,166.42,1.083,18494865.31,4.09,0.413,2103339.43,824777.52,1464058.48,827779.16,1203127.77,1624465.03,1171246.78,7.8
DC-1473,14.77,air-cooled,60.5,0.1234,198.52,1.547,11205388.47,12.67,1.871,7787791.6,4457171.04,6122481.32,5667293.82,6021843.18,6415349.75,4897985.06,2.7
DC-1474,16.64,air-cooled,78.1,0.1045,219.08,1.63,10706738.11,12.47,2.075,8033175.2,5455092.0,6744133.6,6405569.18,6773611.04,7165505.24,5395306.88,2.8
DC-1475,8.78,air-cooled,71.5,0.1284,196.52,1.645,10638085.51,12.06,1.059,4462931.71,2497376.16,3480153.94,3391970.57,3602604.86,3844125.49,2784123.15,2.8
DC-1476,27.62,air-cooled,66.0,0.1197,181.56,1.547,9969705.77,12.36,3.414,13101672.42,7438150.08,10269911.25,10184307.71,10790174.29,11482504.7,8215929.0,3.0
DC-1477,14.93,air-cooled,85.3,0.1169,179.25,1.547,10531452.26,12.31,1.838,7213265.54,3953538.0,5583401.77,5426859.65,5790463.29,6173390.01,4466721.42,3.0
DC-1478,23.0,air-cooled,57.0,0.1438,180.86,1.575,11047731.66,12.68,2.916,12944299.19,6328653.12,9636476.15,8914594.95,9519890.07,10023935.27,7709180.92,2.7
DC-1479,8.08,air-cooled,66.9,0.1069,172.59,1.58,11562435.61,12.09,0.977,3955884.39,2023445.16,2989664.78,2843939.71,3022490.72,3217172.68,2391731.82,3.0
DC-1480,11.59,air-cooled,84.3,0.1317,187.79,1.599,10845414.02,12.61,1.461,6216329.29,3292334.28,4754331.78,4438560.03,4715597.9,5024261.61,3803465.42,2.7
DC-1481,29.31,air-cooled,75.8,0.1046,166.92,1.531,12043990.57,12.56,3.681,15015872.1,7373190.24,11194531.17,10146583.85,10771937.73,11548763.68,8955624.94,2.9
DC-1482,12.2,liquid-cooled,71.4,0.1223,155.65,1.08,18309230.27,4.48,0.547,2858498.2,1021686.6,1940092.4,961951.49,1451319.81,1999310.33,1552073.92,7.1
DC-1483,65.47,liquid-cooled,75.0,0.0961,187.29,1.082,17735060.9,2.09,1.368,6637523.96,3074552.64,4856038.3,5323277.97,8052757.57,10975712.99,3884830.64,15.2
DC-1484,11.94,hybrid,74.2,0.1067,184.32,1.272,14186991.56,9.04,1.079,4684578.86,2386575.36,3535577.11,3079806.6,3435427.61,3769799.76,2828461.69,3.8
DC-1485,19.68,air-cooled,53.8,0.1184,175.43,1.535,9982400.77,12.13,2.387,9095397.88,5025016.92,7060207.4,7085376.69,7579419.32,8065450.34,5648165.92,3.1
DC-1486,34.68,air-cooled,67.8,0.1563,164.76,1.472,10925657.07,12.25,4.248,18875429.51,8398805.76,13637117.64,13384576.71,14284883.9,15124614.34,10909694.11,2.9
DC-1487,5.29,air-cooled,91.4,0.122,188.35,1.559,11204558.13,12.6,0.667,2772076.2,1507553.4,2139814.8,1985045.1,2110936.6,2229847.54,1711851.84,2.8
DC-1488,4.02,hybrid,64.1,0.1531,169.15,1.179,13666793.36,8.84,0.355,1639492.28,720579.0,1180035.64,1100969.62,1213360.64,1336947.6,944028.51,3.8
DC-1489,4.85,air-cooled,68.2,0.1244,181.92,1.606,10757275.67,12.6,0.611,2529927.72,1333837.44,1931882.58,1784474.26,1917938.66,2051669.95,1545506.06,2.8
DC-1490,45.15,liquid-cooled,65.5,0.1123,210.47,1.082,17852907.06,2.75,1.242,6249406.2,3136844.88,4693125.54,3953349.27,6089343.86,7892027.39,3754500.43,10.8
DC-1491,10.58,liquid-cooled,71.0,0.1508,193.77,1.07,18001979.47,4.62,0.489,2647406.12,1137042.36,1892224.24,919905.14,1415552.26,1883390.84,1513779.39,6.3
DC-1492,127.3,air-cooled,65.0,0.1287,163.46,1.555,11470860.47,12.45,15.849,68185659.16,31088130.48,49636894.82,46349644.77,49209507.65,52041251.26,39709515.86,2.9
DC-1493,10.47,hybrid,77.8,0.1071,164.88,1.276,12568677.47,9.91,1.038,4141804.28,2053745.28,3097774.78,2635961.22,2903925.68,3204000.13,2478219.82,3.8
DC-1494,19.06,air-cooled,74.4,0.1294,186.28,1.618,11403526.86,12.44,2.371,10356981.51,5300038.56,7828510.04,7229251.74,7722845.9,8169494.46,6262808.03,2.7
DC-1495,56.47,air-cooled,81.3,0.1141,163.37,1.54,10859718.16,12.57,7.098,28055024.88,13915203.12,20985114.0,19695309.92,21109417.19,22478349.87,16788091.2,3.0
DC-1496,81.85,air-cooled,59.4,0.0802,153.97,1.552,11663955.9,12.02,9.838,36226968.18,18177082.32,27202025.25,25706927.66,27522459.97,29359481.45,21761620.2,3.4
DC-1497,85.56,air-cooled,67.9,0.1387,191.99,1.626,11259912.02,12.13,10.378,46470734.83,23909666.64,35190200.74,33470068.16,35713928.94,37959213.95,28152160.59,2.7
DC-1498,43.24,liquid-cooled,69.3,0.1419,188.81,1.096,17442340.58,4.09,1.769,9266821.43,4008058.68,6637440.06,3723306.16,5840312.75,7629562.54,5309952.05,7.3
DC-1499,37.31,air-cooled,77.5,0.1568,190.76,1.652,10935616.87,12.25,4.57,21475670.38,10461278.4,15968474.39,15113880.41,16070369.07,17126629.32,12774779.51,2.6
DC-1500,26.42,air-cooled,62.5,0.1284,187.95,1.515,11333120.8,12.88,3.403,14369232.33,7675126.2,11022179.26,10034729.39,10708705.89,11327548.48,8817743.41,2.7
DC-1501,30.65,hybrid,83.0,0.115,183.02,1.231,13683914.39,8.98,2.752,11781254.94,6044052.48,8912653.71,8018562.23,8906807.55,9855458.78,7130122.97,3.9
DC-1502,10.58,hybrid,86.2,0.1367,174.07,1.222,13203111.19,8.79,0.93,4089544.74,1942621.2,3016082.97,2855440.07,3170122.54,3451544.39,2412866.38,3.9
DC-1503,8.55,air-cooled,60.1,0.137,191.74,1.581,11699028.49,12.97,1.109,4987365.78,2551675.92,3769520.85,3335617.18,3536729.93,3781745.66,3015616.68,2.6
DC-1504,16.4,liquid-cooled,66.1,0.1528,206.95,1.08,17553548.69,3.98,0.653,3491198.44,1621660.2,2556429.32,1456687.52,2228510.17,2996603.83,2045143.46,7.2
DC-1505,14.35,hybrid,65.6,0.1191,176.48,1.243,13558454.17,9.1,1.306,5628640.07,2765794.56,4197217.32,3748564.28,4131947.62,4579833.93,3357773.86,3.8
DC-1506,11.44,air-cooled,98.0,0.1167,168.69,1.671,11227909.25,12.25,1.401,5888880.57,2836016.28,4362448.42,4067617.09,4340058.17,4608649.83,3489958.74,3.0
DC-1507,28.71,air-cooled,66.8,0.1057,166.97,1.655,11298854.92,12.19,3.5,14151459.38,7012740.0,10582099.69,9960444.63,10620197.23,11295486.1,8465679.75,3.1
DC-1508,35.31,air-cooled,92.1,0.1307,171.0,1.498,11222233.98,12.61,4.453,18742400.51,9137556.0,13939978.26,13083344.93,13899455.37,14730421.95,11151982.61,2.8
DC-1509,17.65,hybrid,56.8,0.089,187.04,1.247,14266991.82,9.17,1.619,6706956.35,3633813.12,5170384.73,4426421.5,4886568.79,5395413.71,4136307.78,3.8
DC-1510,53.63,hybrid,60.1,0.1355,151.91,1.227,13337694.1,8.35,4.478,19794356.33,8163035.76,13978696.04,13781776.99,15218172.67,16780797.46,11182956.83,4.3
DC-1511,6.6,hybrid,63.8,0.1318,190.59,1.287,13144821.77,9.42,0.622,2741154.32,1422563.76,2081859.04,1806026.29,1992835.19,2198031.06,1665487.23,3.6
DC-1512,14.08,air-cooled,61.9,0.1317,193.66,1.604,11281477.9,12.17,1.714,7468784.23,3983198.88,5725991.56,5427404.68,5799887.74,6119098.2,4580793.25,2.8
DC-1513,9.27,air-cooled,68.8,0.1228,157.03,1.585,10247455.9,12.7,1.177,4687098.01,2217891.72,3452494.86,3269582.71,3477766.36,3708268.09,2761995.89,3.0
DC-1514,3.69,air-cooled,63.5,0.1507,169.31,1.601,10078216.36,12.82,0.473,2059032.84,961003.56,1510018.2,1408579.93,1502666.6,1592983.16,1208014.56,2.7
DC-1515,15.39,air-cooled,62.2,0.1374,185.2,1.651,10978777.14,12.31,1.895,8388997.25,4211448.0,6300222.62,5926111.83,6306893.75,6666043.25,5040178.1,2.7
DC-1516,14.92,hybrid,85.9,0.1079,181.85,1.272,14398748.23,9.35,1.395,6140819.74,3044169.0,4592494.37,3830076.37,4233261.58,4708564.9,3673995.5,3.7
DC-1517,55.19,hybrid,86.7,0.1082,191.79,1.235,13486997.14,9.73,5.37,22380457.69,12358947.6,17369702.64,14641496.02,16174724.69,17731426.98,13895762.11,3.6
DC-1518,27.24,air-cooled,83.4,0.1024,181.88,1.654,10718524.64,12.91,3.517,13595216.94,7676063.52,10635640.23,9629735.1,10232885.19,10853542.69,8508512.18,2.9
DC-1519,7.25,air-cooled,78.3,0.131,202.97,1.675,10639847.49,12.04,0.873,3742178.71,2126313.72,2934246.22,2856087.66,3031683.86,3224969.14,2347396.98,2.8
DC-1520,72.48,air-cooled,73.1,0.1,179.18,1.615,11366061.65,12.82,9.292,36615418.5,19979286.72,28297352.61,25292054.89,26981886.93,28819797.5,22637882.09,2.9
DC-1521,43.68,air-cooled,66.0,0.1417,169.25,1.583,11480340.35,12.12,5.294,23908508.58,10752114.0,17330311.29,16537163.73,17586651.78,18680208.8,13864249.03,2.8
DC-1522,26.2,air-cooled,60.6,0.1465,168.05,1.51,10947925.77,12.69,3.325,14532630.02,6705195.0,10618912.51,9994456.92,10660840.76,11279245.96,8495130.01,2.8
DC-1523,13.72,air-cooled,76.4,0.1024,195.03,1.596,11197846.8,12.68,1.74,6820905.62,4072226.4,5446566.01,4970121.34,5320483.91,5641217.48,4357252.81,2.8
DC-1524,7.63,air-cooled,57.9,0.1163,184.44,1.581,10234281.62,12.85,0.98,3807288.86,2169014.4,2988151.63,2792828.14,2971769.39,3171314.99,2390521.3,2.9
DC-1525,12.21,air-cooled,60.1,0.1203,193.51,1.577,9980544.69,12.33,1.505,5839077.29,3494790.6,4666933.94,4603450.57,4935977.89,5239805.8,3733547.15,2.9
DC-1526,39.29,air-cooled,85.8,0.1377,193.2,1.597,10810492.56,12.67,4.978,21548348.87,11540995.2,16544672.04,15347302.27,16344036.75,17398361.1,13235737.63,2.7
DC-1527,74.27,air-cooled,94.8,0.1522,153.7,1.545,11570015.02,12.06,8.957,41480043.35,16520290.8,29000167.08,27952336.01,29658435.76,31533552.21,23200133.66,2.9
DC-1528,56.52,hybrid,76.7,0.0863,166.9,1.219,13656331.45,9.91,5.601,22159178.58,11217682.8,16688430.69,13649695.95,15108748.28,16553867.47,13350744.55,3.8
DC-1529,11.12,air-cooled,85.3,0.1136,168.69,1.583,10330033.88,12.6,1.401,5423079.58,2836016.28,4129547.93,3920416.28,4198827.44,4470656.42,3303638.34,3.0
DC-1530,6.71,liquid-cooled,69.0,0.1147,171.76,1.042,17298081.79,3.52,0.236,1154273.78,486424.32,820349.05,542317.27,831371.04,1108941.25,656279.24,9.2
DC-1531,18.41,air-cooled,55.9,0.092,177.69,1.583,10441120.35,12.51,2.303,8281634.81,4910640.84,6596137.82,6255801.54,6721967.34,7160609.76,5276910.26,3.1
DC-1532,4.0,air-cooled,79.3,0.1103,198.99,1.601,11534556.41,12.52,0.501,2059193.06,1196327.88,1627760.47,1490279.47,1590373.89,1688400.54,1302208.38,2.8
DC-1533,21.3,air-cooled,78.8,0.1286,201.98,1.65,10688177.58,12.58,2.68,11346945.73,6495676.8,8921311.26,8328147.64,8852266.06,9332111.14,7137049.01,2.7
DC-1534,14.61,air-cooled,72.9,0.1144,179.61,1.638,10557416.02,12.72,1.858,7408968.83,4004584.56,5706776.7,5260075.49,5648164.37,5963729.1,4565421.36,2.9
DC-1535,11.33,hybrid,69.1,0.0891,180.23,1.285,13538863.6,8.31,0.942,3778926.65,2037319.92,2908123.28,2841112.99,3130654.05,3453861.65,2326498.62,4.4
DC-1536,4.59,air-cooled,83.5,0.1775,173.42,1.543,10491567.34,12.96,0.595,2814748.72,1238218.8,2026483.76,1886452.9,2001393.81,2127809.2,1621187.01,2.5
DC-1537,24.8,liquid-cooled,60.2,0.1253,185.34,1.072,16386539.8,3.55,0.88,4239937.25,1957190.4,3098563.82,2038448.48,3069720.96,4267831.75,2478851.06,9.0
DC-1538,10.74,liquid-cooled,62.7,0.1222,187.04,1.098,17655632.44,4.1,0.44,2243494.94,987571.2,1615533.07,929318.75,1424987.73,1850221.96,1292426.46,7.5
DC-1539,6.45,air-cooled,59.9,0.098,196.1,1.584,10577574.01,12.67,0.817,3031400.33,1922564.4,2476982.37,2326506.49,2479710.84,2629004.38,1981585.9,2.9
DC-1540,1.65,air-cooled,73.0,0.1252,195.98,1.57,11418312.68,12.84,0.212,902972.33,498573.12,700772.72,631723.48,675516.3,718640.54,560618.18,2.6
DC-1541,16.09,hybrid,58.9,0.1167,149.47,1.215,11995396.61,9.97,1.604,6267996.47,2876998.56,4572497.51,3966852.44,4406820.82,4818122.6,3657998.01,4.0
DC-1542,67.88,air-cooled,63.8,0.0822,181.71,1.629,10982629.21,12.14,8.241,29779525.62,17969665.32,23874595.47,22987237.49,24395783.96,26167884.49,19099676.38,3.2
DC-1543,62.12,hybrid,63.5,0.0986,204.76,1.25,14059958.47,9.05,5.622,23635479.53,13813928.64,18724704.08,16438535.95,18190784.07,19997045.62,14979763.26,3.7
DC-1544,11.41,air-cooled,68.9,0.1359,177.43,1.543,11442456.89,12.25,1.398,6122799.64,2976565.68,4549682.66,4319927.55,4612337.52,4937949.28,3639746.13,2.8
DC-1545,10.16,air-cooled,54.2,0.1589,201.09,1.61,10434924.35,12.73,1.293,5895994.81,3120112.44,4508053.62,4265723.87,4509553.52,4776388.28,3606442.9,2.5
DC-1546,23.93,air-cooled,73.0,0.1273,179.4,1.528,11545440.44,12.53,2.998,12800259.52,6454094.4,9627176.96,8923237.61,9498501.67,10086655.59,7701741.57,2.8
DC-1547,7.4,air-cooled,87.0,0.1421,186.62,1.624,10789277.78,12.67,0.938,4145177.7,2100594.72,3122886.21,2894829.58,3055529.52,3268695.95,2498308.97,2.7
DC-1548,20.94,liquid-cooled,73.6,0.1169,166.95,1.119,17709183.53,2.57,0.538,2733728.29,1077829.2,1905778.74,1704838.95,2597216.68,3451693.62,1524622.99,12.4
DC-1549,30.35,air-cooled,90.5,0.1183,167.51,1.545,11525777.67,12.94,3.927,16345665.42,7893741.24,12119703.33,10865009.12,11548424.29,12300344.28,9695762.66,2.8
DC-1550,43.88,hybrid,88.0,0.1418,194.88,1.279,13207994.57,8.13,3.567,16136547.19,8341643.52,12239095.36,12286907.83,13572374.81,14907748.45,9791276.29,4.0
DC-1551,15.18,air-cooled,81.3,0.1533,197.23,1.62,10810995.89,12.42,1.885,8629444.22,4461342.6,6545393.41,6201116.11,6566340.77,6958857.32,5236314.73,2.6
DC-1552,13.97,air-cooled,72.9,0.146,184.4,1.578,10649659.96,12.68,1.771,7765463.06,3918868.8,5842165.93,5451570.69,5815053.18,6147137.05,4673732.74,2.7
DC-1553,8.15,air-cooled,72.3,0.0987,165.59,1.511,10489096.39,12.99,1.059,3851942.04,2104317.72,2978129.88,2758566.82,2942738.98,3150953.34,2382503.9,3.1
DC-1554,8.49,air-cooled,81.2,0.1187,184.66,1.555,11443034.05,12.83,1.089,4530026.68,2413136.88,3471581.78,3119917.67,3338613.82,3542373.01,2777265.42,2.8
DC-1555,13.72,air-cooled,67.3,0.1256,202.86,1.519,11295311.31,12.87,1.766,7384278.31,4299009.12,5841643.72,5339341.59,5654141.78,6024677.99,4673314.98,2.6
DC-1556,22.06,air-cooled,49.4,0.1148,210.14,1.53,11074971.04,12.52,2.762,11047298.77,6964880.16,9006089.46,8620222.34,9089466.48,9692522.09,7204871.57,2.8
DC-1557,34.15,hybrid,77.9,0.1278,179.25,1.221,14058662.0,8.81,3.009,13513692.21,6472359.0,9993025.6,8998066.98,9962477.53,11015759.97,7994420.48,3.8
DC-1558,8.65,air-cooled,58.4,0.1364,159.1,1.632,10193189.18,12.25,1.06,4468081.47,2023752.0,3245916.74,3179378.82,3361333.72,3564678.23,2596733.39,3.0
DC-1559,54.28,air-cooled,60.5,0.1401,196.61,1.545,11240203.76,12.56,6.818,29958049.81,16085843.76,23021946.78,21516891.56,22821352.24,24113036.28,18417557.42,2.7
DC-1560,13.24,hybrid,72.0,0.1537,179.86,1.231,13771923.36,9.22,1.221,5760507.77,2635308.72,4197908.24,3697569.38,4067487.54,4480073.34,3358326.59,3.5
DC-1561,16.17,hybrid,70.9,0.1134,198.15,1.295,13954228.87,9.6,1.552,6809201.39,3690345.6,5249773.5,4378748.2,4822361.66,5297160.32,4199818.8,3.5
DC-1562,9.05,air-cooled,55.1,0.0927,188.22,1.68,11072557.57,12.46,1.128,4314392.12,2547745.92,3431069.02,3185033.65,3379871.76,3615790.73,2744855.22,3.0
DC-1563,2.36,air-cooled,74.0,0.1272,170.75,1.611,10729418.87,12.02,0.284,1186951.73,581916.0,884433.86,862937.4,922073.95,981860.42,707547.09,3.0
DC-1564,33.36,liquid-cooled,83.6,0.1577,184.87,1.081,17890314.62,3.27,1.091,5966651.82,2420318.04,4193484.93,2879355.11,4289968.7,5872552.04,3354787.94,8.9
DC-1565,29.65,hybrid,58.5,0.1105,203.63,1.269,13275768.02,9.03,2.677,11185944.33,6541410.12,8863677.22,8035105.15,8908525.11,9740853.0,7090941.78,3.8
DC-1566,13.13,air-cooled,87.3,0.1337,181.76,1.569,12007669.25,12.8,1.681,7574590.32,3666462.72,5620526.52,5002266.26,5294293.32,5605916.75,4496421.22,2.6
DC-1567,17.35,air-cooled,53.3,0.1339,168.48,1.561,11839717.29,12.92,2.242,10003905.1,4532785.92,7268345.51,6431063.06,6843606.16,7282987.64,5814676.41,2.7
DC-1568,24.85,hybrid,97.4,0.1238,160.17,1.253,12504386.17,8.2,2.038,8432461.3,3917117.52,6174789.41,6360331.73,7065436.23,7787144.09,4939831.53,4.5
DC-1569,4.71,air-cooled,67.1,0.1201,172.42,1.592,11609822.85,12.49,0.588,2501860.99,1216595.52,1859228.26,1706021.18,1816928.03,1925566.77,1487382.61,2.8
DC-1570,10.77,liquid-cooled,73.7,0.1015,177.85,1.118,18497380.1,4.46,0.48,2450201.97,1024416.0,1737308.98,860387.81,1275634.97,1750003.29,1389847.18,7.0
DC-1571,31.04,air-cooled,49.3,0.0744,196.3,1.63,9632479.4,12.86,3.992,12785951.64,9403555.2,11094753.42,10746269.04,11456491.1,12216239.02,8875802.74,3.1
DC-1572,6.03,hybrid,71.3,0.0978,167.19,1.246,14592827.79,9.16,0.552,2379304.21,1107466.56,1743385.38,1491335.81,1658150.06,1819564.58,1394708.3,3.9
DC-1573,20.8,air-cooled,74.7,0.1122,207.31,1.566,11198073.64,12.03,2.502,10077151.18,6224275.44,8150713.31,7894394.7,8403252.61,8928859.12,6520570.65,2.9
DC-1574,5.56,air-cooled,71.0,0.1419,163.94,1.547,10743699.79,12.55,0.698,3008713.58,1373161.44,2190937.51,2075910.23,2209051.62,2335278.48,1752750.01,2.9
DC-1575,23.88,liquid-cooled,65.2,0.1179,218.97,1.091,17597577.17,4.86,1.161,5848377.13,3050690.04,4449533.58,2070815.19,3177178.64,4237008.85,3559626.86,6.0
DC-1576,15.98,air-cooled,60.6,0.1096,209.88,1.662,10987165.05,12.39,1.98,7993798.14,4986748.8,6490273.47,6133670.41,6485514.2,6857921.7,5192218.78,2.8
DC-1577,4.52,air-cooled,85.6,0.1022,186.12,1.558,10487002.74,12.87,0.582,2168112.28,1299862.08,1733987.18,1604881.9,1715060.57,1841306.31,1387189.74,2.9
DC-1578,41.75,air-cooled,72.4,0.1331,159.28,1.515,10399744.36,12.28,5.127,20905227.87,9799542.72,15352385.3,15097341.21,16054209.66,17179045.51,12281908.24,3.1
DC-1579,9.14,air-cooled,90.5,0.1472,183.17,1.588,11858071.85,12.27,1.121,5249428.46,2464002.84,3856715.65,3589507.09,3826491.39,4060153.93,3085372.52,2.7
DC-1580,8.6,air-cooled,65.7,0.1413,178.2,1.542,11093486.39,12.03,1.035,4526974.38,2213244.0,3370109.19,3311351.3,3530486.11,3716462.43,2696087.35,2.9
DC-1581,19.31,hybrid,66.8,0.1321,164.89,1.215,14226226.85,9.63,1.86,8495321.01,3680344.8,6087832.9,5050452.52,5558146.3,6127148.61,4870266.32,3.6
DC-1582,41.22,air-cooled,81.8,0.0905,188.37,1.656,11390070.84,12.3,5.07,19488930.6,11460430.8,15474680.7,14384429.47,15294958.69,16367216.04,12379744.56,3.0
DC-1583,7.3,air-cooled,52.5,0.113,171.65,1.501,10625663.81,12.96,0.946,3639326.8,1948570.8,2793948.8,2599113.88,2773537.18,2954476.68,2235159.04,2.9
DC-1584,17.28,air-cooled,57.4,0.1589,173.28,1.611,11043265.08,12.9,2.229,10468527.28,4634893.44,7551710.36,6814482.16,7256281.33,7700239.07,6041368.29,2.6
DC-1585,23.17,hybrid,85.2,0.1424,180.94,1.287,13538041.96,9.28,2.15,9919860.18,4668252.0,7294056.09,6351555.42,7046492.41,7744726.99,5835244.87,3.6
DC-1586,28.63,hybrid,57.9,0.0892,175.38,1.289,13959310.09,9.28,2.657,10918365.45,5591815.92,8255090.68,7083097.58,7882304.91,8645479.62,6604072.54,3.9
DC-1587,18.94,air-cooled,50.2,0.1189,215.17,1.593,11116553.8,12.02,2.277,9403000.7,5879305.08,7641152.89,7446107.78,7902965.32,8370060.04,6112922.31,2.8
DC-1588,12.26,air-cooled,94.4,0.1273,175.96,1.531,11446571.62,12.42,1.523,6474233.66,3215844.96,4845039.31,4531100.6,4845418.79,5117810.4,3876031.45,2.8
DC-1589,8.48,liquid-cooled,55.3,0.1048,190.61,1.044,17979745.45,4.13,0.35,1733879.39,800562.0,1267220.69,700351.74,1035879.74,1423858.61,1013776.55,7.5
DC-1590,17.62,air-cooled,74.2,0.0738,186.18,1.597,10676735.6,12.47,2.197,7480893.2,4908449.52,6194671.36,5919997.36,6269166.72,6706122.49,4955737.09,3.2
DC-1591,6.97,liquid-cooled,72.8,0.122,189.29,1.108,18211532.55,2.62,0.183,957300.27,415680.84,686490.56,600577.87,921632.46,1197714.29,549192.45,11.4
DC-1592,1.59,liquid-cooled,38.3,0.1042,190.44,1.063,17189086.88,6.91,0.11,526910.45,251380.8,389145.62,265153.19,334798.73,397097.38,311316.5,4.6
DC-1593,23.32,hybrid,68.8,0.1043,197.22,1.265,13607279.37,9.87,2.302,9621507.98,5448005.28,7534756.63,6244973.56,6830307.75,7507937.3,6027805.3,3.5
DC-1594,33.89,air-cooled,77.4,0.1129,188.0,1.495,10712038.6,12.62,4.277,16505002.89,9648912.0,13076957.44,12463694.87,13276363.93,14142276.29,10461565.95,2.9
DC-1595,2.48,hybrid,76.3,0.1173,187.37,1.316,13527657.92,9.6,0.238,1037299.05,535128.72,786213.88,660018.41,730839.36,805761.49,628971.1,3.5
DC-1596,7.33,hybrid,82.8,0.1198,184.88,1.211,13247018.99,8.19,0.6,2528798.12,1331136.0,1929967.06,1940486.17,2149580.77,2356123.39,1543973.65,4.3
DC-1597,26.99,hybrid,67.4,0.1023,181.92,1.218,13837886.7,8.17,2.205,9187340.2,4813603.2,7000471.7,6900742.45,7610169.05,8406642.48,5600377.36,4.3
DC-1598,85.28,air-cooled,80.6,0.1156,170.32,1.58,11150358.97,12.88,10.984,44791148.66,22449538.56,33620343.61,30265468.25,32392067.92,34439314.3,26896274.89,2.9
DC-1599,16.72,air-cooled,63.7,0.0849,183.09,1.603,11066155.94,12.78,2.137,7802903.62,4695159.96,6249031.79,5689966.05,6079310.84,6459143.59,4999225.43,3.0
DC-1600,9.19,air-cooled,55.1,0.1262,187.62,1.589,11382056.84,12.33,1.133,4856043.14,2550881.52,3703462.33,3485000.48,3697249.36,3911840.18,2962769.86,2.8
DC-1601,14.21,air-cooled,56.4,0.0629,190.03,1.612,11717802.87,12.07,1.715,5989079.51,3910817.4,4949948.46,4754213.55,4999769.08,5295412.31,3959958.77,3.2
DC-1602,49.4,hybrid,54.5,0.1142,186.7,1.29,14260046.44,8.56,4.229,18858823.27,9474651.6,14166737.43,13030252.48,14353687.51,15855170.1,11333389.94,3.9
DC-1603,9.81,air-cooled,84.1,0.1384,180.51,1.598,10821659.43,12.19,1.196,5193274.6,2590679.52,3891977.06,3764446.06,3999240.1,4240134.54,3113581.65,2.8
DC-1604,8.68,air-cooled,53.8,0.0988,183.14,1.569,11130454.47,12.44,1.08,4137895.8,2373494.4,3255695.1,3047372.16,3266458.23,3471106.5,2604556.08,3.0
DC-1605,11.18,air-cooled,75.3,0.1343,175.7,1.553,11570050.18,12.32,1.377,6056289.82,2903266.8,4479778.31,4237232.45,4487030.39,4745503.69,3583822.65,2.8
DC-1606,7.67,hybrid,68.8,0.1431,188.7,1.211,13397456.45,9.77,0.749,3366956.38,1696035.6,2531495.99,2140612.95,2362285.38,2586257.9,2025196.79,3.4
DC-1607,18.14,liquid-cooled,70.8,0.06,180.68,1.085,17346087.3,3.11,0.564,2495678.61,1222842.24,1859260.42,1400529.6,2141903.57,2833460.53,1487408.34,11.0
DC-1608,60.32,air-cooled,88.4,0.117,186.71,1.579,11083686.15,12.97,7.824,31932795.73,17529828.48,24731312.1,22403292.8,23846818.06,25314368.75,19785049.68,2.7
DC-1609,21.29,air-cooled,66.7,0.0625,199.01,1.621,11572072.51,12.43,2.646,9152697.02,6318965.52,7735831.27,7263054.42,7646329.22,8087651.6,6188665.02,3.1
DC-1610,13.44,air-cooled,79.3,0.1176,173.36,1.537,11221339.93,12.12,1.629,6641451.91,3388841.28,5015146.6,4854764.75,5165156.35,5503668.32,4012117.28,3.0
DC-1611,13.02,hybrid,72.5,0.1199,192.95,1.261,12721165.94,9.87,1.285,5334528.86,2975289.0,4154908.93,3481803.66,3886044.59,4272707.57,3323927.14,3.5
DC-1612,4.71,hybrid,70.2,0.0703,184.5,1.272,13558691.93,9.38,0.442,1677998.13,978588.0,1328293.06,1157682.43,1278139.2,1400100.04,1062634.45,4.0
DC-1613,33.33,liquid-cooled,98.0,0.1585,214.32,1.043,17510408.27,4.98,1.66,8863346.92,4269254.4,6566300.66,3099351.39,4699665.38,6264229.37,5253040.53,5.7
DC-1614,15.45,air-cooled,54.7,0.1257,180.76,1.579,11097404.02,12.95,2.001,8413759.2,4340409.12,6377084.16,5762523.76,6093514.81,6544007.83,5101667.33,2.7
DC-1615,14.23,liquid-cooled,87.5,0.103,194.43,1.072,19328058.32,3.43,0.488,2568035.7,1138582.08,1853308.89,1151197.07,1797760.14,2409026.32,1482647.11,8.6
DC-1616,211.56,air-cooled,79.9,0.1493,184.23,1.66,10412225.59,12.17,25.747,115472431.66,56920437.72,86196434.69,83416443.98,89101577.47,94714433.28,68957147.75,2.8
DC-1617,20.88,hybrid,66.2,0.0841,163.18,1.212,13684519.45,9.35,1.952,7678980.83,3822328.32,5750654.58,5005037.96,5557653.86,6066168.46,4600523.66,4.1
DC-1618,9.01,air-cooled,91.6,0.0954,176.19,1.648,11277455.73,12.54,1.13,4388175.86,2389136.4,3388656.13,3105349.79,3310300.71,3533192.17,2710924.9,3.0
DC-1619,11.69,liquid-cooled,49.8,0.074,197.21,1.104,17154125.7,4.4,0.514,2327230.04,1216391.28,1771810.66,985081.12,1488872.6,1921493.33,1417448.53,7.4
DC-1620,41.21,air-cooled,65.7,0.156,177.51,1.557,10581156.05,12.34,5.085,22776233.32,10831660.2,16803946.76,16402593.47,17345120.73,18349776.93,13443157.41,2.8
DC-1621,18.0,hybrid,57.5,0.1266,150.7,1.236,13194730.85,8.61,1.55,6669504.59,2803020.0,4736262.3,4483481.19,4994887.45,5502149.37,3789009.84,4.3
DC-1622,5.2,hybrid,76.9,0.1332,183.53,1.26,13664754.19,8.12,0.422,1901878.19,929395.92,1415637.06,1413998.34,1562711.14,1718841.21,1132509.65,4.1
DC-1623,34.31,air-cooled,58.6,0.126,167.61,1.597,10982325.62,12.77,4.381,18414313.5,8811592.92,13612953.21,12514873.86,13335442.56,14153022.73,10890362.57,2.8
DC-1624,9.64,air-cooled,77.2,0.1315,185.98,1.619,10521334.48,12.69,1.223,5140348.73,2729442.48,3934895.61,3666842.56,3910880.08,4156033.3,3147916.49,2.8
DC-1625,73.6,liquid-cooled,69.8,0.1216,207.27,1.091,17907949.93,2.02,1.487,7645700.59,3698525.88,5672113.24,6382326.69,9420819.92,12814730.57,4537690.59,14.6
DC-1626,39.02,air-cooled,66.2,0.1254,195.54,1.585,11085363.75,12.18,4.753,19984192.91,11152819.44,15568506.18,15006437.86,15955721.19,16943789.72,12454804.94,2.8
DC-1627,11.5,air-cooled,76.7,0.1222,207.05,1.619,11674143.83,12.37,1.423,6157816.71,3535585.8,4846701.26,4495706.07,4764768.92,5078545.62,3877361.01,2.7
DC-1628,45.82,air-cooled,68.8,0.1078,175.58,1.539,10857303.78,12.74,5.837,22566162.84,12298325.52,17432244.18,16264071.48,17355011.26,18399173.81,13945795.34,3.0
DC-1629,17.36,hybrid,58.9,0.1191,181.85,1.214,14170133.02,9.75,1.693,7475448.4,3694464.6,5584956.5,4584471.64,5115913.01,5584791.67,4467965.2,3.5
DC-1630,32.53,air-cooled,98.0,0.1255,168.33,1.548,10390071.72,12.5,4.066,16307689.44,8213157.36,12260423.4,11857391.02,12610584.66,13452993.68,9808338.72,3.0
DC-1631,24.23,air-cooled,66.2,0.1222,173.74,1.617,10793977.74,12.79,3.099,12797676.71,6461043.12,9629359.92,8864379.36,9397992.58,9945089.18,7703487.94,2.8
DC-1632,8.36,air-cooled,45.4,0.0904,170.1,1.51,10475431.46,13.67,1.143,4027530.46,2333091.6,3180311.03,3035265.51,3218492.7,3435893.77,2544248.82,3.0
DC-1633,9.83,air-cooled,61.9,0.0931,164.4,1.57,10263923.02,12.34,1.213,4319850.47,2393006.4,3356428.43,3292743.34,3515749.15,3733379.07,2685142.74,3.3
DC-1634,37.49,liquid-cooled,56.8,0.1417,204.49,1.074,17671616.49,2.65,0.993,5223352.28,2436702.84,3830027.56,3256141.21,5114089.46,6708148.31,3064022.05,11.0
DC-1635,12.58,liquid-cooled,81.9,0.1139,152.62,1.068,17094593.13,4.07,0.512,2490578.14,937697.28,1714137.71,996566.89,1566541.13,2015531.86,1371310.17,8.3
DC-1636,11.91,hybrid,75.9,0.1317,204.55,1.209,13571379.67,8.2,0.977,4309230.23,2398144.2,3353687.22,3339301.49,3697997.77,4070724.64,2682949.78,4.0
DC-1637,7.66,air-cooled,76.8,0.0982,202.69,1.623,11770882.48,12.74,0.976,3915622.4,2373905.28,3144763.84,2794491.68,2978069.86,3166605.06,2515811.07,2.7
DC-1638,23.08,liquid-cooled,67.6,0.0905,191.5,1.088,16703073.63,3.91,0.902,4126053.58,2072796.0,3099424.79,1860938.97,2766596.3,3776984.76,2479539.83,8.4
DC-1639,85.63,air-cooled,68.6,0.1031,167.28,1.689,11198901.53,12.87,11.021,44239123.54,22123114.56,33181119.05,29389237.9,31422514.87,33510653.97,26544895.24,2.9
DC-1640,7.0,air-cooled,67.5,0.1155,160.27,1.646,10935279.49,12.1,0.847,3468847.83,1628984.28,2548916.06,2451981.53,2615170.86,2775246.35,2039132.85,3.1
DC-1641,16.77,liquid-cooled,71.0,0.1067,175.77,1.038,17351814.4,4.97,0.833,4020198.82,1756996.92,2888597.87,1402963.81,2123150.0,2760710.47,2310878.3,6.5
DC-1642,50.9,hybrid,82.0,0.1459,193.38,1.256,12468120.17,9.37,4.769,20868986.02,11066750.64,15967868.33,14353378.02,15937022.83,17406554.36,12774294.66,3.6
DC-1643,15.43,hybrid,76.0,0.1236,184.05,1.253,13984414.87,9.93,1.532,6839332.04,3383575.2,5111453.62,4131264.18,4556423.32,5040589.64,4089162.9,3.4
DC-1644,23.62,hybrid,78.0,0.157,168.35,1.253,12786927.39,9.49,2.242,10234316.08,4529288.4,7381802.24,6470796.76,7171445.92,7883533.28,5905441.79,3.6
DC-1645,7.03,air-cooled,78.0,0.1281,201.22,1.587,11289670.41,12.89,0.906,3886447.56,2187663.84,3037055.7,2748338.11,2921912.32,3088808.04,2429644.56,2.6
DC-1646,23.17,air-cooled,82.6,0.0717,209.27,1.664,10990319.96,12.81,2.968,10350717.21,7453360.32,8902038.76,8154455.6,8608102.86,9144948.3,7121631.01,2.9
DC-1647,14.16,hybrid,75.5,0.1411,180.6,1.243,13207732.27,8.36,1.184,5294190.13,2565964.8,3930077.46,3844450.02,4269250.54,4699538.01,3144061.97,4.1
DC-1648,36.18,air-cooled,76.3,0.0898,185.64,1.573,11195073.05,12.56,4.544,16927269.34,10122577.92,13524923.63,12508915.03,13405389.61,14306655.52,10819938.9,3.0
DC-1649,42.52,air-cooled,86.3,0.1246,161.37,1.564,10392666.71,12.93,5.498,22083163.63,10646547.12,16364855.38,15266963.33,16229067.35,17393494.26,13091884.3,2.9
DC-1650,130.54,hybrid,64.0,0.1045,177.78,1.308,14357741.37,8.67,11.318,49663141.28,24145368.48,36904254.88,33552597.4,36715109.31,40539088.52,29523403.9,4.0
DC-1651,26.15,hybrid,61.7,0.1629,191.66,1.219,13723406.33,9.64,2.521,12073481.76,5798098.32,8935790.04,7480446.23,8287649.19,9171153.46,7148632.03,3.3
DC-1652,21.34,air-cooled,57.8,0.1488,189.32,1.537,11706816.88,12.61,2.691,12391990.2,6113521.44,9252755.82,8479942.34,8979147.89,9518437.67,7402204.66,2.6
DC-1653,19.21,hybrid,74.2,0.1052,176.38,1.278,14189584.29,8.05,1.546,6695701.9,3272201.76,4983951.83,4877994.39,5367594.43,5978936.17,3987161.46,4.3
DC-1654,12.4,hybrid,49.8,0.1175,179.89,1.259,13079265.96,9.35,1.159,4870572.61,2501910.12,3686241.36,3259013.36,3612523.55,3949455.76,2948993.09,3.8
DC-1655,21.56,hybrid,77.5,0.1249,177.29,1.307,12497802.69,9.36,2.018,8490350.68,4293254.64,6391802.66,5761954.79,6337694.53,6905782.54,5113442.13,3.8
DC-1656,12.98,air-cooled,70.7,0.1373,179.82,1.527,10912932.49,12.64,1.641,6993437.07,3541015.44,5267226.26,4934390.71,5290040.69,5610743.35,4213781.01,2.8
DC-1657,18.82,air-cooled,85.6,0.1206,190.35,1.612,9673394.3,12.84,2.416,9308003.0,5518627.2,7413315.1,7076260.3,7539153.6,8018671.1,5930652.08,2.9
DC-1658,47.19,air-cooled,63.9,0.0995,154.49,1.597,11671349.33,12.22,5.767,22985014.75,10691325.96,16838170.36,15706590.7,16762127.3,17870067.32,13470536.29,3.2
DC-1659,7.35,air-cooled,69.6,0.1056,182.88,1.533,10797701.49,12.23,0.899,3432022.46,1972909.44,2702465.95,2630416.39,2803878.44,2995699.08,2161972.76,3.1
DC-1660,40.93,air-cooled,85.5,0.1199,189.25,1.532,10561678.05,12.33,5.047,19966618.06,11461737.0,15714177.53,15365852.02,16336037.57,17368046.64,12571342.02,2.9
DC-1661,47.17,air-cooled,88.6,0.1447,175.44,1.605,11055697.26,12.35,5.825,26161674.97,12263256.0,19212465.48,18192293.93,19302234.37,20415824.04,15369972.38,2.8
DC-1662,14.96,air-cooled,63.8,0.1286,176.81,1.536,10249161.56,12.95,1.937,7763400.61,4109771.64,5936586.12,5557995.04,5918486.12,6285536.76,4749268.9,2.8
DC-1663,3.01,liquid-cooled,74.2,0.1045,177.24,1.089,16317979.57,4.42,0.133,614873.64,282875.04,448874.34,243773.39,364115.79,492628.68,359099.47,7.5
DC-1664,10.11,air-cooled,75.5,0.133,176.81,1.533,10558715.02,12.72,1.286,5314329.1,2728531.92,4021430.51,3810426.31,4051262.42,4315137.89,3217144.41,2.8
DC-1665,46.41,hybrid,76.5,0.1123,184.09,1.273,13936017.39,8.18,3.796,16509578.23,8385667.68,12447622.96,12180858.67,13424103.56,14777853.22,9958098.37,4.2
DC-1666,16.15,hybrid,68.8,0.1378,185.94,1.22,13581809.73,9.56,1.544,6933912.7,3445096.32,5189504.51,4444383.71,4901997.5,5366992.49,4151603.61,3.5
DC-1667,7.39,air-cooled,87.4,0.1705,152.49,1.544,11861487.66,12.99,0.96,4744294.72,1756684.8,3250489.76,2906406.39,3072720.34,3239433.14,2600391.81,2.6
DC-1668,10.98,liquid-cooled,49.3,0.1128,193.79,1.078,18005934.26,3.16,0.347,1758082.69,806941.56,1282512.12,981325.77,1481960.59,1917605.39,1026009.7,9.6
DC-1669,32.22,hybrid,66.9,0.136,179.65,1.274,14476758.77,8.13,2.619,12400572.53,5646040.2,9023306.36,8711247.41,9609151.31,10710980.91,7218645.09,4.0
DC-1670,25.47,air-cooled,77.4,0.1051,212.99,1.634,11348255.76,12.86,3.275,13185867.87,8370507.0,10778187.43,9650667.71,10278299.58,10866371.19,8622549.94,2.7
DC-1671,13.58,hybrid,77.5,0.1178,166.13,1.318,14014265.7,8.18,1.111,4971016.59,2214845.16,3592930.88,3494947.67,3865932.44,4243201.71,2874344.7,4.3
DC-1672,12.26,air-cooled,88.2,0.1206,170.99,1.522,11251335.68,12.01,1.472,6047304.04,3020367.36,4533835.7,4446546.73,4744287.06,4988073.3,3627068.56,3.0
DC-1673,12.02,hybrid,86.4,0.1161,180.96,1.222,13083863.61,8.21,0.987,4096388.78,2143290.24,3119839.51,3157239.21,3466096.91,3819899.87,2495871.61,4.3
DC-1674,7.86,air-cooled,68.6,0.1693,190.2,1.618,10827060.49,12.18,0.957,4598975.91,2184256.8,3391616.36,3282839.86,3483539.32,3690443.09,2713293.09,2.6
DC-1675,59.88,hybrid,87.6,0.1139,154.74,1.271,13402189.6,8.61,5.156,21894553.89,9574073.28,15734313.58,14786000.7,16466643.47,18183374.51,12587450.86,4.3
DC-1676,12.71,air-cooled,63.4,0.1317,171.56,1.576,10756098.23,12.01,1.526,6422113.99,3141606.72,4781860.36,4715302.79,5028612.98,5351367.86,3825488.29,3.0
DC-1677,43.54,hybrid,83.2,0.0814,192.87,1.268,13974703.34,9.61,4.184,16776395.61,9683616.96,13230006.28,10943613.94,12232754.42,13373904.78,10584005.02,3.7
DC-1678,55.54,air-cooled,93.7,0.1286,169.78,1.625,10737044.55,12.87,7.148,30140477.68,14563049.28,22351763.48,20321298.92,21677166.15,23002453.44,17881410.78,2.8
DC-1679,36.55,hybrid,86.6,0.1428,204.55,1.265,13670792.15,9.8,3.582,16550193.03,8792377.2,12671285.11,10475824.58,11449583.03,12622930.88,10137028.09,3.2
DC-1680,11.64,hybrid,73.3,0.1094,177.19,1.231,13834254.16,8.17,0.951,4045554.16,2022092.28,3033823.22,3008658.53,3287418.08,3642142.67,2427058.58,4.3
DC-1681,22.71,air-cooled,68.0,0.0698,170.51,1.613,10591478.28,12.47,2.832,9458674.58,5794611.84,7626643.21,7360575.44,7793769.75,8297016.77,6101314.57,3.3
DC-1682,16.13,hybrid,53.7,0.1192,193.15,1.278,13663736.07,8.41,1.357,5931261.32,3145254.6,4538257.96,4365149.94,4810044.11,5260063.32,3630606.37,4.0
DC-1683,7.98,air-cooled,75.7,0.1203,208.11,1.581,11651733.01,12.09,0.965,4106437.91,2409913.8,3258175.86,3109879.75,3297173.68,3504008.91,2606540.69,2.8
DC-1684,21.32,liquid-cooled,58.6,0.1345,190.25,1.087,19208486.82,3.96,0.844,4683590.43,1926852.0,3305221.22,1800898.08,2750197.92,3663155.33,2644176.98,7.3
DC-1685,6.4,air-cooled,62.5,0.1602,202.91,1.612,11499408.91,12.17,0.779,3752931.92,1896802.68,2824867.3,2677945.94,2832897.12,3006833.17,2259893.84,2.5
DC-1686,42.53,hybrid,57.7,0.1124,209.15,1.259,13930798.98,9.83,4.181,18126201.71,10493473.8,14309837.76,11680087.82,12892670.99,14082263.14,11447870.21,3.3
DC-1687,11.34,hybrid,66.5,0.1029,170.17,1.289,14505166.84,9.35,1.06,4648396.98,2164562.4,3406479.69,2852733.55,3132856.72,3445285.7,2725183.75,3.7
DC-1688,19.32,air-cooled,71.7,0.0967,198.08,1.603,11348957.2,12.84,2.481,9625979.71,5897237.76,7761608.74,6986784.61,7451236.77,7916182.07,6209286.99,2.8
DC-1689,20.63,air-cooled,75.3,0.124,161.15,1.464,11422387.9,12.94,2.67,11023265.3,5163246.0,8093255.65,7348556.47,7826464.95,8327735.18,6474604.52,2.9
DC-1690,13.37,air-cooled,64.8,0.1296,190.37,1.627,11196387.86,12.79,1.71,7413213.86,3906392.4,5659803.13,5107804.89,5431325.54,5762777.28,4527842.5,2.7
DC-1691,26.29,hybrid,84.8,0.1091,182.93,1.27,13155503.33,9.07,2.385,9867232.75,5235456.6,7551344.68,6829396.95,7517212.85,8359809.15,6041075.74,3.9
DC-1692,11.25,air-cooled,69.5,0.1356,202.64,1.591,11079534.25,12.12,1.364,5936124.75,3316811.52,4626468.14,4478099.19,4746151.97,5018372.92,3701174.51,2.7
DC-1693,33.02,air-cooled,62.5,0.1293,201.58,1.561,10989682.79,12.64,4.174,17573568.81,10096739.04,13835153.92,12927321.07,13664794.23,14470421.64,11068123.14,2.7
DC-1694,5.6,hybrid,74.7,0.1209,192.55,1.228,13171918.51,9.55,0.535,2261791.76,1236171.0,1748981.38,1516439.42,1669968.05,1838671.77,1399185.1,3.6
DC-1695,18.19,air-cooled,95.6,0.102,188.48,1.604,10493184.44,12.4,2.256,8493896.05,5102530.56,6798213.3,6473703.49,6949050.58,7409532.89,5438570.64,3.0
DC-1696,77.57,hybrid,76.0,0.1104,191.63,1.269,13148260.36,9.32,7.23,29997925.13,16625818.8,23311871.96,20344819.36,22651851.2,25037994.03,18649497.57,3.7
DC-1697,7.39,air-cooled,67.6,0.0714,184.93,1.575,11235849.42,12.44,0.919,3199922.37,2039408.04,2619665.2,2471440.15,2636723.72,2807622.75,2095732.16,3.2
DC-1698,9.56,air-cooled,53.7,0.1247,183.08,1.578,11598187.48,12.46,1.191,5122655.37,2616579.36,3869617.36,3598431.82,3803545.28,4054718.13,3095693.89,2.8
DC-1699,24.81,hybrid,69.4,0.1205,205.64,1.255,13641608.85,9.51,2.359,10276326.6,5821257.12,8048791.86,6868898.13,7599279.36,8313127.39,6439033.49,3.5
DC-1700,18.99,air-cooled,74.8,0.1238,207.44,1.633,10399909.38,12.86,2.442,9968390.22,6078821.76,8023605.99,7443023.23,7895470.74,8378536.6,6418884.79,2.7
DC-1701,21.77,air-cooled,67.3,0.1301,181.88,1.534,10719069.49,12.62,2.747,11345874.84,5995492.32,8670683.58,8203293.37,8747710.26,9368595.8,6936546.86,2.8
DC-1702,24.32,liquid-cooled,52.0,0.1277,187.56,1.078,16882773.19,2.37,0.576,2855597.32,1296414.72,2076006.02,2055380.03,3137815.12,4215409.01,1660804.82,13.2
DC-1703,27.32,air-cooled,61.8,0.1178,185.22,1.602,11716617.68,12.63,3.451,14690359.93,7670330.64,11180345.28,10054403.93,10730907.96,11389104.46,8944276.22,2.7
DC-1704,39.96,liquid-cooled,89.5,0.121,159.82,1.086,17349057.27,4.87,1.946,9742576.26,3732116.64,6737346.45,3239117.35,4895896.9,6549603.05,5389877.16,6.7
DC-1705,22.82,liquid-cooled,89.2,0.0919,178.95,1.07,16869812.15,4.41,1.006,4637905.69,2160284.4,3399095.04,1780703.47,2717660.2,3629689.34,2719276.03,7.6
DC-1706,13.56,air-cooled,61.4,0.1083,208.0,1.591,10443449.26,12.2,1.654,6335086.18,4128384.0,5231735.09,5130153.21,5452391.81,5813703.18,4185388.07,2.9
DC-1707,28.16,air-cooled,80.1,0.121,172.75,1.636,10952088.6,12.92,3.638,15162791.2,7541574.0,11352182.6,10190144.54,10845348.04,11581913.07,9081746.08,2.8
DC-1708,75.18,hybrid,57.9,0.1053,215.72,1.248,13111870.41,9.21,6.924,28145638.5,17923743.36,23034690.93,20733617.17,22758882.15,25108107.72,18427752.74,3.7
DC-1709,14.79,air-cooled,88.9,0.1372,201.58,1.56,10633173.42,12.7,1.878,7958678.07,4542806.88,6250742.48,5873852.98,6237264.43,6594164.24,5000593.98,2.7
DC-1710,7.54,air-cooled,74.9,0.1068,190.02,1.732,11192242.53,12.14,0.915,3758425.44,2086419.6,2922422.52,2746700.31,2916977.66,3105332.0,2337938.02,2.9
DC-1711,39.87,hybrid,83.4,0.1243,192.41,1.261,14336934.55,9.19,3.664,16704351.89,8459882.88,12582117.39,10856615.16,11974510.44,13240017.4,10065693.91,3.6
DC-1712,14.93,air-cooled,51.4,0.1223,170.24,1.585,11000654.07,12.34,1.842,7630809.88,3762984.96,5696897.42,5420652.38,5750150.13,6115099.72,4557517.94,2.9
DC-1713,2.89,liquid-cooled,80.1,0.1349,180.02,1.122,16826037.31,2.18,0.063,319095.87,136095.12,227595.5,239256.15,369145.14,500581.22,182076.4,14.3
DC-1714,32.39,air-cooled,71.9,0.138,205.62,1.642,10150733.55,12.65,4.097,17374145.96,10109101.68,13741623.82,13024326.08,13853712.06,14703687.9,10993299.06,2.7
DC-1715,10.72,air-cooled,82.2,0.1339,174.78,1.554,10395744.78,12.11,1.298,5364571.13,2722373.28,4043472.2,4004876.72,4266961.52,4544526.06,3234777.76,3.0
DC-1716,15.3,air-cooled,83.0,0.0779,199.92,1.484,11168038.94,12.17,1.862,6506710.53,4467012.48,5486861.51,5317869.22,5645688.05,5995908.27,4389489.21,3.1
DC-1717,21.45,liquid-cooled,72.8,0.1439,163.34,1.109,16617173.92,3.45,0.74,3767096.39,1450459.2,2608777.8,1802660.58,2766837.4,3642149.11,2087022.24,9.3
DC-1718,19.15,hybrid,64.8,0.1505,166.03,1.311,12978922.29,8.15,1.561,7200270.37,3110073.96,5155172.16,5157824.24,5707964.0,6267329.65,4124137.73,4.2
DC-1719,29.01,hybrid,81.4,0.1104,212.52,1.258,12165134.57,8.52,2.472,9690190.73,6304193.28,7997192.01,8023935.47,8772973.19,9650005.96,6397753.61,4.1
DC-1720,11.61,air-cooled,71.3,0.1247,183.82,1.583,11419218.88,12.34,1.433,6114366.06,3160968.72,4637667.39,4333179.89,4618374.08,4907345.84,3710133.91,2.8
DC-1721,24.79,air-cooled,61.5,0.1022,175.92,1.619,11030088.67,12.44,3.084,12029376.95,6510447.36,9269912.15,8721477.98,9263885.81,9821517.42,7415929.72,3.0
DC-1722,13.36,air-cooled,61.0,0.081,204.44,1.593,11370741.54,12.74,1.702,6224487.23,4175482.56,5199984.9,4708911.16,5007025.58,5315768.7,4159987.92,2.9
DC-1723,29.7,air-cooled,54.3,0.1052,202.69,1.539,11225418.89,12.46,3.701,14481295.23,9001868.28,11741581.76,11027048.25,11793398.29,12518917.95,9393265.41,2.8
DC-1724,26.9,hybrid,65.9,0.1092,197.81,1.198,14133314.4,8.33,2.241,9606570.33,5319506.52,7463038.42,7100439.74,7892966.6,8738980.74,5970430.74,4.1
DC-1725,7.78,hybrid,85.2,0.1129,175.45,1.201,13501557.54,9.6,0.747,3128540.52,1572733.8,2350637.16,2014157.87,2214665.26,2440131.38,1880509.73,3.7
DC-1726,39.2,air-cooled,74.1,0.1008,179.7,1.597,11093207.75,12.64,4.955,19202215.82,10684962.0,14943588.91,13836561.71,14726488.42,15687164.8,11954871.13,3.0
DC-1727,10.71,liquid-cooled,65.6,0.1053,188.67,1.06,17829039.16,4.59,0.492,2430372.93,1113907.68,1772140.31,892422.41,1348717.21,1815403.3,1417712.25,6.8
DC-1728,31.39,air-cooled,81.7,0.1198,194.42,1.613,10852618.84,12.36,3.88,15925276.48,9052195.2,12488735.84,11830656.59,12590247.78,13393683.45,9990988.67,2.8
DC-1729,22.06,liquid-cooled,62.0,0.1046,176.37,1.076,19595895.42,4.11,0.907,4843904.18,1919611.08,3381757.63,1782092.5,2750064.29,3599812.7,2705406.1,7.3
DC-1730,71.56,air-cooled,73.1,0.1309,186.56,1.561,10107320.65,12.57,8.995,36304224.59,20137286.4,28220755.5,27380436.67,29008339.59,30730067.51,22576604.4,2.9
DC-1731,13.75,air-cooled,69.8,0.1336,188.01,1.608,11398006.83,12.06,1.658,7319722.97,3740646.96,5530184.96,5249627.98,5600956.34,5904118.14,4424147.97,2.8
DC-1732,12.44,air-cooled,81.3,0.1676,203.3,1.521,11127223.8,12.35,1.536,7228127.38,3747225.6,5487676.49,5284465.11,5614366.12,5929050.66,4390141.19,2.6
DC-1733,16.19,air-cooled,53.1,0.1425,195.32,1.517,11357152.23,12.22,1.978,8737780.79,4636115.52,6686948.15,6462294.09,6813263.1,7260567.46,5349558.52,2.7
DC-1734,12.9,hybrid,61.8,0.1249,161.4,1.237,13099638.54,8.67,1.118,4767668.71,2165342.4,3466505.56,3298080.69,3663812.01,4036855.0,2773204.45,4.2
DC-1735,31.19,air-cooled,52.3,0.1076,180.8,1.587,10181908.98,12.41,3.871,14549209.83,8398521.6,11473865.72,11196295.06,11896686.95,12671012.34,9179092.58,3.1
DC-1736,4.51,air-cooled,68.9,0.1259,170.07,1.595,11157684.95,12.2,0.55,2331222.04,1122462.0,1726842.02,1649559.29,1752411.31,1868140.3,1381473.62,2.9
DC-1737,7.08,hybrid,86.5,0.1265,192.52,1.209,13379355.71,8.97,0.635,2738711.45,1467002.4,2102856.92,1922817.05,2129380.7,2335380.58,1682285.54,3.8
DC-1738,7.0,hybrid,65.9,0.1097,197.85,1.224,13337347.89,9.38,0.657,2720035.72,1559849.4,2139942.56,1868027.01,2082618.92,2280078.62,1711954.05,3.7
DC-1739,35.17,hybrid,65.9,0.1357,185.52,1.204,13392040.11,8.86,3.116,13732966.82,6936963.84,10334965.33,9594279.12,10619760.87,11685059.33,8267972.26,3.8
DC-1740,64.62,air-cooled,82.5,0.092,179.98,1.55,11612317.36,12.04,7.78,29794995.75,16802932.8,23298964.28,22220271.56,23687282.62,25278623.29,18639171.42,3.1
DC-1741,15.13,hybrid,84.8,0.1151,185.04,1.197,14447892.01,9.36,1.416,6255249.44,3144199.68,4699724.56,3990889.81,4402211.3,4835728.01,3759779.65,3.6
DC-1742,14.37,hybrid,70.9,0.1311,187.13,1.237,14511931.68,8.51,1.223,5681433.1,2746319.88,4213876.49,3893848.24,4356174.28,4759766.57,3371101.19,3.8
DC-1743,17.39,air-cooled,80.2,0.1142,174.4,1.641,11191484.66,12.57,2.186,9025206.74,4574860.8,6800033.77,6212843.55,6645629.13,7060716.96,5440027.02,2.9
DC-1744,41.66,air-cooled,59.1,0.1159,165.72,1.574,11318772.09,12.71,5.295,21780133.73,10529848.8,16154991.26,14650275.46,15748429.3,16775809.15,12923993.01,2.9
DC-1745,7.83,air-cooled,88.5,0.1172,153.25,1.553,11061867.07,12.82,1.004,4068824.76,1846356.0,2957590.38,2708978.26,2885518.75,3080791.88,2366072.3,3.0
DC-1746,19.9,air-cooled,97.8,0.1033,203.01,1.564,10297679.18,12.65,2.517,9322085.19,6131714.04,7726899.62,7412924.09,7845912.77,8317571.31,6181519.7,2.9
DC-1747,35.88,air-cooled,78.3,0.1435,191.45,1.613,11080124.67,12.11,4.345,19508562.09,9982203.0,14745382.54,14207389.24,15070163.64,15992338.6,11796306.03,2.7
DC-1748,24.55,air-cooled,47.0,0.0996,189.44,1.551,10258199.2,13.09,3.214,11675951.36,7306321.92,9491136.64,9205803.59,9809423.7,10438300.22,7592909.31,2.9
DC-1749,19.14,hybrid,65.3,0.1264,202.98,1.249,13827100.66,8.53,1.633,7276095.67,3977596.08,5626845.88,5279241.5,5878626.87,6431005.8,4501476.7,3.8
DC-1750,36.63,hybrid,79.4,0.1283,165.17,1.194,13531058.39,9.75,3.571,15529736.27,7077864.84,11303800.56,9451775.4,10485261.71,11446674.02,9043040.45,3.6
DC-1751,1.89,liquid-cooled,66.9,0.101,157.97,1.095,19195735.37,2.78,0.053,277430.15,100468.92,188949.54,151345.96,223381.69,297908.03,151159.63,11.3
DC-1752,28.28,hybrid,87.3,0.1215,189.76,1.281,12536923.27,9.74,2.754,11427454.46,6271188.48,8849321.47,7558624.47,8370815.11,9314795.34,7079457.18,3.6
DC-1753,9.74,air-cooled,79.1,0.1018,188.4,1.596,11935690.67,12.24,1.192,4858159.82,2694873.6,3776516.71,3505959.38,3717960.34,3957054.83,3021213.37,2.9
DC-1754,3.8,liquid-cooled,63.5,0.1478,158.03,1.093,17555928.78,4.39,0.167,887848.02,316692.12,602270.07,315034.16,476289.26,635376.85,481816.06,7.1
DC-1755,24.75,liquid-cooled,72.4,0.0972,189.39,1.057,18170247.83,3.0,0.742,3663876.36,1686328.56,2675102.46,2047774.3,3082079.82,4094703.74,2140081.97,10.4
DC-1756,49.35,air-cooled,61.3,0.1069,178.0,1.581,10166920.34,12.72,6.277,23474935.47,13407672.0,18441303.74,17592807.98,18690115.89,19876180.36,14753042.99,3.0
DC-1757,14.73,hybrid,69.8,0.0955,171.89,1.263,13147185.33,9.01,1.327,5279067.79,2737176.36,4008122.08,3646630.49,4038029.35,4457655.8,3206497.66,4.1
DC-1758,35.24,liquid-cooled,65.3,0.0928,179.0,1.057,16679369.85,2.21,0.779,3556751.6,1673292.0,2615021.8,2854062.26,4309515.92,5708731.05,2092017.44,15.2
DC-1759,59.73,air-cooled,86.1,0.1518,147.38,1.609,11160104.63,12.33,7.365,34023501.03,13025444.4,23524472.72,22060377.44,23589391.79,24941854.13,18819578.18,2.9
DC-1760,47.08,liquid-cooled,97.4,0.1309,175.13,1.106,17377298.05,4.19,1.973,10121202.52,4146377.88,7133790.2,4076179.77,6097837.69,7965161.37,5707032.16,7.4
DC-1761,61.07,air-cooled,54.8,0.1228,173.44,1.512,10694586.64,12.22,7.463,29874952.79,15532592.64,22703772.72,22176974.62,23762332.95,25243960.73,18163018.18,3.0
DC-1762,29.78,air-cooled,48.9,0.1069,192.36,1.557,10805562.31,12.59,3.749,14468438.38,8653891.68,11561165.03,11018192.94,11789769.33,12523313.07,9248932.02,2.9
DC-1763,17.47,air-cooled,69.1,0.1382,181.63,1.574,10901231.79,12.17,2.126,9201393.31,4633744.56,6917568.94,6700653.98,7106163.68,7529881.95,5534055.15,2.8
DC-1764,4.57,hybrid,53.8,0.1035,193.58,1.245,12896351.91,9.94,0.454,1813570.05,1054623.84,1434096.94,1204483.31,1320011.51,1465698.22,1147277.55,3.6
DC-1765,13.51,hybrid,72.6,0.1359,145.76,1.265,12584484.62,9.32,1.259,5416865.63,2202142.08,3809503.86,3426608.19,3795821.91,4183919.58,3047603.09,4.0
DC-1766,8.38,liquid-cooled,81.0,0.1025,171.41,1.079,18500241.51,4.28,0.359,1823719.6,738434.28,1281076.94,668509.29,1072269.97,1368486.98,1024861.55,7.4
DC-1767,93.39,air-cooled,89.9,0.1071,192.34,1.546,11218308.23,12.29,11.478,45262441.62,26492142.24,35877291.93,33949371.34,36449959.73,38638170.47,28701833.54,2.9
DC-1768,14.29,air-cooled,74.4,0.1352,179.37,1.594,10815255.32,12.27,1.753,7522556.27,3773227.32,5647891.8,5434402.65,5783262.37,6159752.92,4518313.44,2.8
DC-1769,18.15,hybrid,69.7,0.1373,196.68,1.219,13507378.66,8.7,1.579,7054639.64,3726692.64,5390666.14,5088804.8,5637109.16,6164423.52,4312532.91,3.8
DC-1770,25.56,hybrid,48.3,0.1319,156.93,1.299,13878642.47,8.52,2.178,9986270.54,4101522.48,7043896.51,6791875.19,7528391.08,8242738.43,5635117.21,4.1
DC-1771,17.03,air-cooled,72.3,0.099,194.97,1.573,11546406.55,12.6,2.146,8433858.64,5020867.44,6727363.04,6127110.14,6550340.37,6951810.44,5381890.43,2.8
DC-1772,63.82,air-cooled,72.9,0.1111,174.41,1.583,10962265.56,12.35,7.882,31344283.2,16496395.44,23920339.32,22942434.11,24393425.47,25957565.72,19136271.46,3.0
DC-1773,9.99,hybrid,79.7,0.1231,172.96,1.198,12627858.54,8.02,0.801,3282547.08,1662491.52,2472519.3,2624610.54,2898013.88,3165228.21,1978015.44,4.5
DC-1774,19.21,hybrid,63.5,0.103,198.87,1.194,14048278.36,8.2,1.575,6613680.08,3758643.0,5186161.54,5019840.11,5605767.19,6160638.7,4148929.23,4.2
DC-1775,9.08,air-cooled,66.8,0.1474,201.43,1.591,11368927.77,12.77,1.16,5313688.3,2803905.6,4058796.95,3680090.43,3921535.22,4135222.15,3247037.56,2.5
DC-1776,5.72,air-cooled,54.3,0.072,199.52,1.606,11154400.97,12.45,0.712,2486084.77,1704698.88,2095391.82,1978887.83,2084494.59,2202347.34,1676313.46,3.1
DC-1777,10.08,liquid-cooled,44.5,0.1044,214.58,1.08,17288412.52,4.83,0.487,2352003.98,1254005.52,1803004.75,1302630.23,1732763.15,2154449.91,1442403.8,6.3
DC-1778,15.96,hybrid,58.7,0.1098,203.0,1.248,13699212.9,8.86,1.414,6001943.36,3444504.0,4723223.68,4307004.84,4733629.91,5244249.78,3778578.94,3.8
DC-1779,11.66,air-cooled,53.2,0.0631,172.07,1.559,11080977.95,12.16,1.418,4713695.96,2927943.12,3820819.54,3730174.86,3956313.23,4201253.74,3056655.63,3.4
DC-1780,9.45,air-cooled,76.0,0.0921,186.12,1.581,10384986.5,12.88,1.217,4360899.53,2718096.48,3539498.0,3277252.69,3511681.28,3723215.45,2831598.4,3.0
DC-1781,5.34,hybrid,65.8,0.1325,178.6,1.24,13879502.47,8.31,0.444,2008479.24,951580.8,1480030.02,1420226.66,1571864.13,1729952.43,1184024.02,4.1
DC-1782,15.39,air-cooled,65.5,0.1206,214.44,1.524,11786835.81,12.79,1.968,8323332.84,5064215.04,6693773.94,6058224.62,6417368.37,6819957.94,5355019.15,2.6
DC-1783,4.93,air-cooled,60.2,0.1515,200.57,1.535,10955023.14,12.88,0.635,2839472.02,1528343.4,2183907.71,2023336.63,2146216.39,2257249.41,1747126.17,2.5
DC-1784,30.21,air-cooled,33.2,0.1509,181.17,1.568,11352059.08,15.64,4.725,21713236.21,10272339.0,15992787.6,15287075.05,16102658.63,17042787.06,12794230.08,2.1
DC-1785,17.57,air-cooled,90.1,0.1287,197.17,1.537,11190842.36,12.56,2.207,9312847.22,5221850.28,7267348.75,6783042.77,7244127.47,7693490.52,5813879.0,2.7
DC-1786,5.12,hybrid,60.0,0.1263,165.52,1.273,13440020.94,8.16,0.418,1837153.16,830248.32,1333700.74,1327412.1,1459876.99,1620213.67,1066960.59,4.3
DC-1787,12.84,air-cooled,67.1,0.1213,187.75,1.678,11793339.38,12.87,1.653,7279423.13,3724209.0,5501816.06,4806794.28,5135734.24,5451854.35,4401452.85,2.6
DC-1788,9.01,hybrid,54.5,0.0669,169.93,1.238,14442622.63,9.53,0.859,3380159.99,1751638.44,2565899.22,2116155.85,2324182.28,2585111.17,2052719.38,4.0
DC-1789,21.23,air-cooled,83.7,0.0921,158.67,1.505,10211359.77,12.12,2.573,8962837.19,4899094.92,6930966.06,6931468.29,7465971.41,7987467.9,5544772.85,3.4
DC-1790,48.06,air-cooled,73.7,0.122,195.77,1.572,11580755.06,12.59,6.051,25738103.76,14215251.24,19976677.5,18386054.54,19458546.3,20615644.57,15981342.0,2.7
DC-1791,3.67,air-cooled,62.1,0.1323,197.63,1.587,10614950.41,12.51,0.459,1926940.91,1088546.04,1507743.48,1429675.23,1524416.15,1616514.97,1206194.78,2.7
DC-1792,18.03,liquid-cooled,67.3,0.1258,190.86,1.065,17948237.44,3.17,0.572,2952741.64,1310063.04,2131402.34,1531645.2,2349953.01,3124722.8,1705121.87,9.5
DC-1793,14.47,liquid-cooled,92.1,0.1022,181.26,1.071,17529159.17,2.05,0.297,1441698.89,646010.64,1043854.76,1168831.46,1752476.56,2391384.82,835083.81,15.6
DC-1794,28.14,air-cooled,71.1,0.1387,165.0,1.487,10952405.27,12.39,3.487,14786939.71,6904260.0,10845599.86,10521935.93,11175334.73,11968521.65,8676479.89,2.9
DC-1795,19.5,hybrid,69.8,0.1496,166.58,1.269,12529181.19,8.73,1.702,7569273.81,3402229.92,5485751.86,5233988.59,5819907.42,6443883.83,4388601.49,4.0
DC-1796,9.01,hybrid,60.7,0.1388,169.46,1.268,13205283.19,9.69,0.873,3907769.18,1775262.96,2841516.07,2409068.53,2650189.29,2909919.01,2273212.86,3.6
DC-1797,12.74,liquid-cooled,49.3,0.1398,180.49,1.054,17169436.12,4.33,0.552,2818627.5,1195565.76,2007096.63,1140049.2,1654945.14,2269389.33,1605677.3,7.1
DC-1798,8.7,air-cooled,70.1,0.1088,200.14,1.595,11297674.76,12.31,1.071,4316954.4,2572199.28,3444576.84,3237444.57,3456595.32,3674735.71,2755661.47,2.8
DC-1799,38.89,hybrid,75.9,0.1415,199.91,1.232,14077463.94,9.75,3.792,17653423.17,9096704.64,13375063.9,11076053.5,12220473.95,13349215.21,10700051.12,3.3
DC-1800,16.73,air-cooled,85.2,0.1229,159.27,1.581,11253368.94,12.31,2.059,8653687.87,3935243.16,6294465.52,5900371.58,6319280.63,6744308.22,5035572.42,3.0
DC-1801,75.26,air-cooled,45.0,0.1302,173.6,1.572,10781014.23,13.22,9.949,41673661.67,20725756.8,31199709.24,30556524.02,32172531.42,34158133.69,24959767.39,2.7
DC-1802,15.67,liquid-cooled,58.5,0.1273,173.2,1.09,17894116.15,4.53,0.71,3686306.92,1475664.0,2580985.46,1277240.11,1970135.13,2636740.88,2064788.37,6.8
DC-1803,9.33,air-cooled,65.0,0.1176,146.03,1.602,10425189.66,12.69,1.184,4696988.11,2074794.24,3385891.18,3181664.56,3386201.75,3629188.68,2708712.94,3.1
DC-1804,4.9,air-cooled,72.0,0.1028,192.49,1.576,11408330.92,12.46,0.611,2416148.65,1411336.68,1913742.66,1769367.39,1892256.01,2011723.12,1530994.13,2.9
DC-1805,3.89,air-cooled,70.3,0.1184,180.31,1.583,10219092.83,12.11,0.471,1842915.51,1019112.12,1431013.82,1429702.6,1522375.05,1624918.48,1144811.06,3.1
DC-1806,4.63,hybrid,70.5,0.1397,182.3,1.22,13362312.9,8.66,0.401,1789424.29,877227.6,1333325.94,1260767.58,1396468.81,1538187.56,1066660.75,3.9
DC-1807,20.36,hybrid,76.9,0.1112,204.19,1.268,13116105.11,8.65,1.761,7307910.58,4314943.08,5811426.83,5488374.71,6114767.23,6745840.56,4649141.46,3.9
DC-1808,24.7,air-cooled,61.2,0.1379,185.32,1.665,10826564.49,12.35,3.05,13472551.13,6782712.0,10127631.57,9530284.05,10159161.65,10753161.84,8102105.26,2.7
DC-1809,4.64,liquid-cooled,83.2,0.1347,177.54,1.077,18496674.81,3.0,0.139,747987.08,296136.72,522061.9,379480.8,600361.17,801700.81,417649.52,10.0
DC-1810,33.65,air-cooled,77.2,0.114,192.58,1.561,11342810.35,12.75,4.29,17501061.7,9914018.4,13707540.05,12470630.9,13304038.85,14223044.55,10966032.04,2.8
DC-1811,11.17,air-cooled,68.2,0.1478,199.88,1.597,11272469.98,12.15,1.357,6205118.54,3254845.92,4729982.23,4541344.44,4821444.5,5074801.37,3783985.78,2.7
DC-1812,18.49,liquid-cooled,91.2,0.1129,188.45,1.1,16472767.52,2.96,0.547,2597440.11,1236985.8,1917212.96,1508510.55,2341802.52,3164046.99,1533770.37,10.8
DC-1813,59.73,air-cooled,90.7,0.1502,194.34,1.668,12022244.39,12.8,7.645,37202742.71,17828751.6,27515747.16,24064937.61,25658482.26,27222956.17,22012597.73,2.4
DC-1814,33.7,air-cooled,83.2,0.1287,181.82,1.64,10969429.37,12.47,4.202,18012321.15,9168091.68,13590206.42,12673700.62,13488755.17,14281699.41,10872165.14,2.8
DC-1815,13.27,air-cooled,35.8,0.1197,182.77,1.533,11934689.28,15.71,2.085,8881295.29,4572905.4,6727100.34,6011754.14,6398741.96,6810952.86,5381680.27,2.2
DC-1816,8.06,hybrid,90.9,0.1022,185.7,1.24,13225675.6,9.15,0.737,2984242.93,1642330.8,2313286.87,2072332.75,2286848.34,2528075.34,1850629.5,3.9
DC-1817,2.94,air-cooled,81.5,0.1182,172.7,1.566,11605457.25,12.62,0.371,1558376.97,768860.4,1163618.68,1053453.26,1130968.17,1207926.4,930894.94,2.8
DC-1818,9.25,liquid-cooled,96.1,0.1159,175.48,1.109,17170211.7,2.5,0.231,1141498.64,486430.56,813964.6,739900.58,1149874.27,1548809.57,651171.68,12.8
DC-1819,13.89,hybrid,86.8,0.0948,204.67,1.23,14100075.31,8.5,1.181,4906820.11,2900583.24,3903701.68,3671941.93,4052865.05,4484254.35,3122961.34,4.0
DC-1820,7.47,air-cooled,90.9,0.1156,214.12,1.611,10804926.08,12.03,0.899,3625202.67,2309926.56,2967564.62,2920420.02,3080134.17,3268677.57,2374051.7,2.8
DC-1821,14.81,hybrid,82.5,0.1039,207.88,1.252,13102840.24,9.48,1.404,5687979.72,3502362.24,4595170.98,4009444.51,4408641.07,4892226.07,3676136.78,3.6
DC-1822,17.49,air-cooled,88.2,0.1317,164.15,1.562,11072201.9,12.06,2.109,8989731.06,4154308.2,6572019.63,6369924.47,6831021.68,7252827.25,5257615.7,3.0
DC-1823,13.74,air-cooled,95.9,0.1461,162.7,1.578,11950677.39,12.94,1.778,8312660.81,3471367.2,5892014.0,5161294.51,5504917.73,5862831.5,4713611.2,2.6
DC-1824,9.78,hybrid,74.6,0.0955,166.14,1.21,13944431.8,9.54,0.933,3835585.79,1860103.44,2847844.62,2403278.43,2654180.0,2931926.05,2278275.7,3.9
DC-1825,18.82,liquid-cooled,53.1,0.1542,186.02,1.065,15975397.28,2.36,0.444,2214974.7,991114.56,1603044.63,1652254.57,2517476.95,3342511.58,1282435.7,13.2
DC-1826,23.42,air-cooled,68.3,0.1174,141.87,1.501,11414279.34,12.85,3.009,12277234.37,5122641.96,8699938.16,7871953.21,8418016.32,8972224.39,6959950.53,3.0
DC-1827,6.87,air-cooled,76.7,0.1005,175.17,1.623,10929046.49,12.88,0.885,3413917.36,1860305.4,2637111.38,2390816.97,2549194.32,2723609.6,2109689.1,2.9
DC-1828,50.84,air-cooled,72.9,0.1352,205.11,1.519,11480977.54,12.47,6.34,27581276.25,15604768.8,21593022.52,20332424.02,21501291.18,22871728.62,17274418.02,2.6
DC-1829,15.2,air-cooled,57.0,0.1111,198.74,1.668,11378699.88,12.24,1.86,7722641.18,4435876.8,6079258.99,5704454.57,6047421.67,6395412.5,4863407.19,2.8
DC-1830,16.69,air-cooled,52.4,0.1184,176.36,1.716,10797421.64,12.9,2.153,8997892.47,4556436.96,6777164.72,6039688.01,6445289.85,6873142.02,5421731.78,2.8
DC-1831,28.98,air-cooled,63.1,0.1119,177.5,1.719,11367305.17,12.97,3.759,15829552.16,8006670.0,11918111.08,10458251.72,11098759.28,11752790.76,9534488.86,2.7
DC-1832,19.82,hybrid,81.7,0.1037,192.51,1.208,13049582.83,9.39,1.861,7438917.59,4299133.32,5869025.46,5170996.81,5685765.49,6293146.06,4695220.37,3.8
DC-1833,35.25,air-cooled,91.0,0.1345,198.03,1.452,10554251.8,12.79,4.508,18285190.6,10712630.88,14498910.74,13834480.98,14724808.08,15661023.44,11599128.59,2.7
DC-1834,20.69,air-cooled,83.0,0.1143,176.0,1.623,10871781.46,12.55,2.597,10494501.41,5484864.0,7989682.7,7390133.14,7935220.52,8428023.03,6391746.16,2.9
DC-1835,10.07,hybrid,84.7,0.0913,180.48,1.195,12349919.29,8.63,0.869,3215450.48,1882045.44,2548747.96,2511918.26,2778877.83,3069734.08,2038998.37,4.4
DC-1836,21.96,hybrid,71.0,0.131,175.51,1.275,14489294.16,9.82,2.156,10096509.51,4540794.72,7318652.12,5864615.48,6478806.17,7123800.34,5854921.7,3.4
DC-1837,6.59,air-cooled,51.1,0.0959,164.03,1.594,10561539.69,12.02,0.792,2919393.35,1558941.12,2239167.24,2206455.88,2365253.71,2520157.9,1791333.79,3.3
DC-1838,17.94,air-cooled,66.5,0.0969,180.7,1.567,10980827.15,12.22,2.192,8264546.61,4753132.8,6508839.7,6257467.05,6700143.17,7156773.4,5207071.76,3.1
DC-1839,16.01,hybrid,68.9,0.1439,179.56,1.241,13433526.77,8.48,1.358,6178340.63,2926109.76,4552225.2,4380666.99,4820072.28,5287625.31,3641780.16,4.0
DC-1840,13.92,air-cooled,66.0,0.0961,165.09,1.55,10584260.83,12.96,1.804,6597054.39,3573868.32,5085461.35,4678247.12,4992769.08,5357610.67,4068369.08,3.1
DC-1841,14.84,air-cooled,72.7,0.0737,193.69,1.502,10460716.72,12.19,1.809,5959412.11,4204622.52,5082017.31,5065296.9,5375488.5,5725534.95,4065613.85,3.3
DC-1842,3.65,hybrid,77.3,0.1325,191.25,1.24,12388422.21,9.42,0.344,1442134.25,789480.0,1115807.12,999404.06,1103385.39,1217451.75,892645.7,3.7
DC-1843,10.6,air-cooled,82.2,0.1139,194.44,1.459,11325818.32,12.52,1.327,5271621.88,3096262.56,4183942.22,3937026.83,4199980.25,4489392.86,3347153.78,2.9
DC-1844,17.71,air-cooled,68.7,0.1156,172.48,1.551,10167706.78,12.96,2.295,8790125.06,4750099.2,6770112.13,6348072.65,6801781.17,7209234.15,5416089.7,2.9
DC-1845,18.69,air-cooled,49.2,0.1137,154.25,1.534,10607558.97,12.85,2.402,9332052.8,4446102.0,6889077.4,6495956.35,6937677.92,7419160.07,5511261.92,3.1
DC-1846,7.23,air-cooled,66.2,0.1246,191.01,1.518,10623717.49,12.06,0.872,3503449.26,1998728.64,2751088.95,2748162.97,2918623.95,3110627.78,2200871.16,3.0
DC-1847,45.27,air-cooled,72.5,0.1049,174.04,1.597,10812255.9,12.05,5.455,21112187.35,11392658.4,16252422.88,15928120.23,16957027.07,18078688.09,13001938.3,3.1
DC-1848,8.22,liquid-cooled,86.7,0.1495,170.64,1.102,17300647.85,3.86,0.317,1676229.32,649114.56,1162671.94,672147.14,1093386.59,1413025.35,930137.55,8.0
DC-1849,35.71,air-cooled,65.2,0.0905,165.14,1.536,9268193.34,12.34,4.407,14443099.0,8733263.76,11588181.38,11837240.07,12765083.88,13594729.24,9270545.1,3.5
DC-1850,23.14,air-cooled,78.2,0.1289,179.87,1.594,11854571.21,12.96,2.999,13298275.48,6473161.56,9885718.52,8614268.7,9208190.1,9790045.97,7908574.82,2.6
DC-1851,9.81,air-cooled,75.5,0.1328,207.66,1.626,10650750.06,12.23,1.2,5110085.61,2990304.0,4050194.8,3917123.22,4136632.65,4391628.08,3240155.84,2.7
DC-1852,68.05,liquid-cooled,72.5,0.1048,176.42,1.068,17874500.77,2.07,1.409,6978194.45,2982909.36,4980551.9,5486657.65,8284152.76,11096335.38,3984441.52,15.4
DC-1853,6.33,air-cooled,83.2,0.0995,167.65,1.617,10477240.72,12.72,0.805,3008836.63,1619499.0,2314167.82,2160423.54,2307493.94,2443071.66,1851334.26,3.1
DC-1854,34.31,air-cooled,64.1,0.1403,193.78,1.595,10635723.57,12.67,4.347,18795531.59,10108339.92,14451935.76,13551891.98,14370802.49,15303023.45,11561548.61,2.7
DC-1855,36.62,liquid-cooled,65.1,0.1002,186.59,1.077,17472895.76,2.09,0.765,3693576.54,1712896.2,2703236.37,3024652.31,4586614.36,6061091.55,2162589.1,15.2
DC-1856,9.62,air-cooled,71.9,0.1079,152.21,1.586,10022447.94,12.19,1.173,4370954.82,2142507.96,3256731.39,3245350.95,3469241.72,3673802.92,2605385.11,3.3
DC-1857,50.1,air-cooled,64.3,0.1377,193.94,1.53,11234672.8,12.68,6.353,27585739.4,14785209.84,21185474.62,19580659.62,20861166.17,22081503.9,16948379.7,2.7
DC-1858,13.46,air-cooled,78.1,0.1207,215.93,1.492,10097611.71,12.48,1.68,6420041.14,4353148.8,5386594.97,5295374.4,5629384.03,5967821.34,4309275.98,2.8
DC-1859,20.72,air-cooled,63.4,0.0841,144.99,1.573,11624529.12,12.79,2.65,9916519.85,4610682.0,7263600.92,6480308.52,6889502.37,7387904.23,5810880.74,3.2
DC-1860,20.25,air-cooled,74.7,0.1549,165.46,1.526,10795693.44,12.99,2.63,11755334.7,5221917.6,8488626.15,7787884.51,8348900.57,8860117.83,6790900.92,2.7
DC-1861,14.77,hybrid,70.8,0.1094,141.27,1.267,13114660.7,9.15,1.351,5577726.3,2290269.24,3933997.77,3538734.55,3921227.91,4339844.8,3147198.22,4.2
DC-1862,31.46,air-cooled,74.6,0.1119,182.87,1.666,10449364.59,12.18,3.832,15156201.95,8409094.08,11782648.02,11396181.7,12093730.65,12939560.79,9426118.42,3.0
DC-1863,31.02,hybrid,66.5,0.1251,198.86,1.258,13138964.66,9.21,2.857,12280477.18,6817716.24,9549096.71,8591633.11,9519597.11,10448708.94,7639277.37,3.7
DC-1864,4.06,air-cooled,67.9,0.1325,185.58,1.571,11377231.96,12.56,0.51,2219384.07,1135749.6,1677566.84,1551896.83,1658397.48,1764232.03,1342053.47,2.7
DC-1865,46.69,air-cooled,73.2,0.1592,204.88,1.651,12203277.14,12.3,5.743,28797186.68,14119510.08,21458348.38,19580142.98,20705698.16,22032661.47,17166678.7,2.4
DC-1866,4.35,air-cooled,74.4,0.0868,196.46,1.587,11510525.37,12.68,0.552,2078058.4,1301351.04,1689704.72,1521888.9,1630072.49,1742573.76,1351763.78,2.9
DC-1867,37.56,liquid-cooled,71.9,0.1365,209.53,1.032,16362607.12,4.57,1.716,8357157.83,4314641.76,6335899.8,3235820.14,4910132.13,6791207.74,5068719.84,6.7
DC-1868,40.5,air-cooled,92.5,0.1349,201.4,1.581,10181195.87,12.04,4.876,20141749.67,11784316.8,15963033.24,16068590.1,17016691.18,18038213.17,12770426.59,2.9
DC-1869,6.87,hybrid,60.1,0.1173,177.96,1.245,12739081.2,8.78,0.603,2478453.13,1287718.56,1883085.84,1789858.33,1990745.4,2188129.09,1506468.67,4.1
DC-1870,11.84,air-cooled,71.2,0.1357,185.0,1.639,11050757.49,12.91,1.529,6733801.06,3394380.0,5064090.53,4552355.5,4823655.45,5113486.86,4051272.42,2.6
DC-1871,6.79,air-cooled,53.1,0.1387,170.97,1.551,10987315.23,12.95,0.879,3802650.0,1803391.56,2803020.78,2551306.41,2714777.17,2895245.86,2242416.62,2.7
DC-1872,13.85,air-cooled,76.5,0.0924,180.54,1.63,10968804.94,12.87,1.782,6694748.27,3860667.36,5277707.81,4771447.05,5105334.48,5469507.24,4222166.25,3.0
DC-1873,12.85,air-cooled,58.6,0.155,184.93,1.625,10528051.42,12.68,1.629,7405420.94,3615011.64,5510216.29,5176333.88,5450278.92,5790890.72,4408173.03,2.6
DC-1874,30.68,air-cooled,68.7,0.0888,182.73,1.59,11528994.26,12.58,3.86,14663524.89,8464053.6,11563789.24,10612134.21,11240192.12,12003021.65,9251031.39,3.0
DC-1875,46.91,air-cooled,67.5,0.0973,204.13,1.591,9937754.61,12.87,6.037,21518739.08,14787993.72,18153366.4,17147472.01,18267884.96,19360082.37,14522693.12,2.9
DC-1876,50.23,hybrid,75.4,0.1148,179.05,1.185,14248991.97,9.89,4.968,21651217.37,10674244.8,16162731.08,13149843.33,14549672.17,15948364.34,12930184.86,3.5
DC-1877,10.49,air-cooled,65.4,0.1585,170.02,1.613,11667978.06,12.09,1.268,6127571.95,2587024.32,4357298.14,4153916.38,4400179.49,4648063.1,3485838.51,2.7
DC-1878,13.91,hybrid,64.9,0.1138,170.96,1.25,14760626.93,8.25,1.148,5196134.22,2355144.96,3775639.59,3588968.12,3947089.06,4298967.78,3020511.67,4.1
DC-1879,4.28,air-cooled,89.2,0.1194,193.83,1.543,11047551.41,12.23,0.523,2128036.28,1216477.08,1672256.68,1608533.86,1715590.39,1827560.98,1337805.34,2.9
DC-1880,8.63,air-cooled,75.4,0.1486,162.95,1.602,11605211.94,12.93,1.116,5205377.84,2182226.4,3693802.12,3270853.98,3479123.3,3715664.32,2955041.7,2.6
DC-1881,35.58,hybrid,65.3,0.114,180.98,1.227,13484778.48,8.39,2.985,12602516.93,6482703.6,9542610.26,9390732.57,10288069.26,11319871.91,7634088.21,4.2
DC-1882,59.89,air-cooled,69.0,0.0964,203.91,1.577,10839249.1,12.14,7.271,27196751.97,17791555.32,22494153.64,21923583.43,23384082.0,24832359.76,17995322.91,3.0
DC-1883,6.13,air-cooled,91.7,0.1117,188.39,1.57,11382015.13,12.78,0.783,3183340.63,1770112.44,2476726.54,2256052.82,2394275.19,2556044.49,1981381.23,2.8
DC-1884,10.24,hybrid,69.2,0.1474,182.88,1.21,13629690.5,8.34,0.854,3920885.78,1874154.24,2897520.01,2818394.39,3137700.98,3431725.81,2318016.01,4.0
DC-1885,16.1,liquid-cooled,63.7,0.1214,183.46,1.11,15878397.22,4.4,0.708,3333956.25,1558676.16,2446316.2,1354351.34,2086199.11,2770018.04,1957052.96,7.4
DC-1886,20.58,air-cooled,63.8,0.1586,168.56,1.567,10582571.82,12.87,2.649,11996717.4,5358185.28,8677451.34,8053075.76,8576580.72,9085513.62,6941961.07,2.7
DC-1887,8.6,air-cooled,65.4,0.1348,171.14,1.589,11519197.06,12.93,1.112,4933042.21,2283692.16,3608367.18,3217762.69,3424337.89,3632752.29,2886693.74,2.7
DC-1888,23.09,liquid-cooled,64.9,0.1071,181.07,1.058,17751308.1,3.73,0.861,4251055.34,1870815.24,3060935.29,1878985.14,2839304.82,3869678.08,2448748.23,8.5
DC-1889,11.26,air-cooled,56.6,0.121,188.07,1.587,11429127.91,12.4,1.396,5893859.96,3150548.64,4522204.3,4202327.01,4479805.98,4774277.16,3617763.44,2.8
DC-1890,16.26,hybrid,58.5,0.1029,198.22,1.264,13532997.53,8.59,1.397,5792950.3,3322960.08,4557955.19,4290714.32,4742170.4,5243030.8,3646364.15,4.0
DC-1891,25.46,air-cooled,62.0,0.1066,185.39,1.705,10945699.33,12.29,3.129,12592766.6,6961023.72,9776895.16,9144190.69,9778665.2,10428548.61,7821516.13,2.9
DC-1892,16.53,air-cooled,79.1,0.2096,204.29,1.608,11355179.64,12.79,2.114,11575874.22,5182428.72,8379151.47,7654315.42,8059251.93,8510544.32,6703321.18,2.2
DC-1893,11.6,hybrid,67.4,0.1404,208.08,1.312,14127001.28,9.53,1.105,5252029.27,2759140.8,4005585.03,3302311.07,3694260.21,4047782.01,3204468.02,3.3
DC-1894,15.06,air-cooled,69.5,0.1372,195.93,1.541,11384272.02,12.78,1.925,8435201.74,4525983.0,6480592.37,5963870.71,6314156.42,6671836.31,5184473.9,2.6
DC-1895,15.32,air-cooled,87.2,0.1075,202.37,1.564,10705830.77,12.34,1.89,7280076.46,4589751.6,5934914.03,5675129.22,6097269.36,6475529.17,4747931.22,2.9
DC-1896,12.23,air-cooled,87.5,0.1514,169.14,1.529,11097187.84,12.92,1.58,7100361.05,3206894.4,5153627.72,4720510.84,5025963.42,5340494.19,4122902.18,2.7
DC-1897,13.37,hybrid,68.6,0.142,166.76,1.219,12389473.06,9.44,1.262,5388178.05,2525413.44,3956795.74,3591000.79,3959511.96,4332150.6,3165436.59,3.8
DC-1898,59.08,hybrid,64.4,0.1576,191.77,1.252,12929613.81,8.59,5.075,23353772.97,11678793.0,17516282.98,16872927.99,18723786.36,20360331.89,14013026.38,3.8
DC-1899,25.76,air-cooled,61.6,0.1567,163.88,1.546,11039522.58,12.02,3.096,14165466.48,6088469.76,10126968.12,9937031.76,10601620.69,11219011.77,8101574.5,2.9
DC-1900,12.98,air-cooled,80.3,0.0904,179.64,1.537,11119964.13,12.04,1.563,5764749.73,3369327.84,4567038.78,4476810.56,4746643.11,5079320.93,3653631.02,3.2
DC-1901,28.72,hybrid,69.5,0.0978,195.57,1.292,14090263.69,9.25,2.657,11260531.49,6235553.88,8748042.68,7497904.14,8279352.16,9059770.57,6998434.14,3.7
DC-1902,12.59,hybrid,67.4,0.0999,205.2,1.257,13447437.75,9.53,1.2,4906020.44,2954880.0,3930450.22,3364454.29,3744316.57,4100634.36,3144360.18,3.6
DC-1903,42.03,hybrid,62.2,0.1011,180.19,1.233,13668395.06,9.33,3.921,16191417.84,8478299.88,12334858.86,10764117.99,11776942.45,13049290.42,9867887.09,3.8
DC-1904,22.1,air-cooled,62.8,0.1265,174.25,1.576,10979232.35,12.77,2.822,11813620.22,5900802.0,8857211.11,8135404.2,8667269.06,9254126.97,7085768.89,2.8
DC-1905,15.09,hybrid,75.8,0.1087,188.81,1.285,12576923.11,8.77,1.323,5316428.17,2997547.56,4156987.86,3980381.77,4374214.39,4803779.92,3325590.29,4.1
DC-1906,23.53,hybrid,56.2,0.1615,167.9,1.257,13655465.27,9.9,2.329,11209188.24,4692469.2,7950828.72,6585025.2,7235261.85,7924547.34,6360662.98,3.3
DC-1907,4.68,air-cooled,83.9,0.1581,181.4,1.734,10381919.9,12.41,0.581,2735700.68,1264720.8,2000210.74,1865917.73,1993627.83,2103515.67,1600168.59,2.6
DC-1908,6.68,air-cooled,65.6,0.1199,183.88,1.635,11505938.63,12.6,0.842,3598838.5,1857923.52,2728381.01,2470414.68,2630079.49,2788256.39,2182704.81,2.8
DC-1909,6.33,air-cooled,70.2,0.1591,183.58,1.599,11146483.35,12.4,0.785,3693855.33,1729323.6,2711589.46,2556752.59,2699983.54,2859303.81,2169271.57,2.6
DC-1910,18.44,hybrid,56.0,0.1498,185.33,1.207,13154542.93,9.7,1.789,8063228.91,3978664.44,6020946.68,5135740.97,5657395.8,6245742.61,4816757.34,3.4
DC-1911,65.76,air-cooled,71.9,0.111,171.48,1.639,10074168.29,12.15,7.99,30620892.81,16441502.4,23531197.6,23122020.09,24764661.46,26233709.58,18824958.08,3.1
DC-1912,98.01,hybrid,68.1,0.0798,173.1,1.204,13160051.04,9.35,9.164,34512628.19,19035460.8,26774044.49,24050869.41,26345900.94,29096986.93,21419235.59,4.1
DC-1913,27.4,liquid-cooled,71.4,0.1156,172.79,1.075,16060555.86,4.37,1.197,5575168.28,2481955.56,4028561.92,2202144.49,3304936.37,4470676.32,3222849.54,7.7
DC-1914,24.55,hybrid,89.7,0.1071,159.7,1.323,13471843.82,9.14,2.244,9503286.99,4300401.6,6901844.3,6101546.64,6708403.76,7345734.22,5521475.44,4.0
DC-1915,3.89,liquid-cooled,74.1,0.1241,189.13,1.072,16509161.15,2.53,0.098,473740.9,222416.88,348078.89,335764.22,498566.66,668744.76,278463.11,12.6
DC-1916,10.65,liquid-cooled,62.5,0.1218,197.42,1.087,16846014.23,3.58,0.381,1868177.47,902604.24,1385390.86,920591.32,1398818.71,1859479.78,1108312.69,8.6
DC-1917,8.76,air-cooled,63.5,0.1213,195.94,1.529,10492169.07,12.47,1.092,4320268.87,2567597.76,3443933.32,3332482.05,3549736.22,3785201.81,2755146.66,2.9
DC-1918,10.01,hybrid,79.1,0.1305,180.06,1.234,12459017.36,9.83,0.984,4112484.97,2126148.48,3119316.72,2673921.2,2959602.1,3261157.78,2495453.38,3.6
DC-1919,14.37,air-cooled,87.6,0.0957,171.83,1.575,11664615.88,12.64,1.816,7105117.73,3744519.36,5424818.54,4905714.68,5235714.47,5585115.6,4339854.83,3.0
DC-1920,11.27,liquid-cooled,75.4,0.1282,195.16,1.06,16610249.41,4.27,0.481,2348040.2,1126463.52,1737251.86,944039.71,1482171.21,1973776.73,1389801.49,7.3
DC-1921,3.38,air-cooled,80.3,0.1112,193.58,1.627,10490181.36,12.47,0.421,1648649.32,977966.16,1313307.74,1255301.28,1330562.49,1429175.42,1050646.19,2.9
DC-1922,29.91,liquid-cooled,79.3,0.124,187.26,1.084,15939078.98,3.94,1.178,5559573.02,2647107.36,4103340.19,2493205.56,3785598.75,5086737.83,3282672.15,8.2
DC-1923,6.97,hybrid,89.0,0.1391,210.16,1.243,13725162.47,8.33,0.581,2652062.52,1465235.52,2058649.02,2005449.72,2205491.49,2419419.12,1646919.22,3.8
DC-1924,19.91,hybrid,48.6,0.0955,183.6,1.192,13877512.87,8.95,1.782,7272511.48,3926102.4,5599306.94,5242395.64,5804506.12,6370279.79,4479445.55,4.0
DC-1925,86.42,air-cooled,80.0,0.1144,180.15,1.607,11227401.29,12.03,10.396,42679982.41,22474072.8,32577027.6,31301006.19,33315352.68,35482109.32,26061622.08,3.0
DC-1926,7.88,air-cooled,83.8,0.1176,178.0,1.564,10249111.86,12.38,0.976,3795445.06,2084736.0,2940090.53,2868533.6,3051123.1,3251539.01,2352072.42,3.0
DC-1927,2.17,hybrid,55.9,0.1097,160.59,1.25,14301987.58,9.38,0.204,893404.63,393124.32,643264.48,539427.42,596639.47,660663.86,514611.58,3.8
DC-1928,13.08,air-cooled,61.4,0.138,193.92,1.534,10564660.4,12.72,1.664,6992334.72,3872194.56,5432264.64,5127593.18,5471374.3,5808148.26,4345811.71,2.7
DC-1929,39.68,hybrid,61.8,0.1056,182.42,1.334,13337450.77,8.21,3.258,13676766.85,7131892.32,10404329.59,10309660.87,11396024.56,12429789.83,8323463.67,4.3
DC-1930,78.78,air-cooled,63.3,0.1089,191.65,1.583,10769727.8,12.18,9.595,37453102.43,22066581.0,29759841.72,28861049.18,30610627.08,32587341.39,23807873.38,3.0
DC-1931,6.15,hybrid,66.2,0.1058,211.63,1.254,13202454.37,9.04,0.556,2277429.37,1411995.36,1844712.37,1663561.12,1850348.2,2025153.82,1475769.9,3.8
DC-1932,24.47,air-cooled,74.9,0.1418,178.14,1.519,11755928.75,12.31,3.012,13551836.79,6438692.16,9995264.48,9413957.38,9972910.52,10610067.64,7996211.58,2.8
DC-1933,11.33,hybrid,82.4,0.1102,148.93,1.299,13855284.44,9.52,1.079,4675246.95,1928345.64,3301796.3,2759611.97,3032986.16,3370407.25,2641437.04,3.9
DC-1934,15.11,hybrid,85.0,0.1292,191.22,1.264,13475211.99,9.58,1.448,6407510.98,3322638.72,4865074.85,4104185.52,4528901.59,4999903.82,3892059.88,3.5
DC-1935,136.38,air-cooled,61.9,0.1595,186.5,1.624,10814046.51,12.01,16.379,76526073.97,36656202.0,56591137.98,55176999.55,58776089.23,62170890.97,45272910.38,2.7
DC-1936,4.94,air-cooled,61.9,0.1185,173.01,1.533,10817984.32,12.36,0.611,2441154.26,1268509.32,1854831.79,1775739.16,1900421.64,2030260.02,1483865.43,3.0
DC-1937,20.15,air-cooled,87.8,0.1422,189.96,1.546,10284924.89,12.14,2.446,10300956.66,5575705.92,7938331.29,7908581.79,8365732.22,8915759.34,6350665.03,2.9
DC-1938,23.91,hybrid,79.8,0.1534,195.79,1.276,12768348.42,9.0,2.152,9796074.32,5056080.96,7426077.64,6876625.06,7555893.48,8279051.17,5940862.11,3.6
DC-1939,39.2,air-cooled,73.0,0.1405,169.8,1.555,10736682.77,12.55,4.92,21154978.63,10024992.0,15589985.32,14895798.43,15741358.36,16751169.3,12471988.26,2.8
DC-1940,17.79,hybrid,77.7,0.1197,179.48,1.228,13422443.98,9.01,1.603,6845470.03,3452477.28,5148973.66,4653528.76,5185270.12,5663481.64,4119178.93,3.9
DC-1941,21.04,air-cooled,71.6,0.1328,206.15,1.631,11615439.36,12.89,2.712,12145954.29,6708945.6,9427449.94,8383183.76,8922936.87,9409292.14,7541959.95,2.5
DC-1942,12.02,air-cooled,78.3,0.0943,173.18,1.692,10373631.96,12.11,1.456,5391507.72,3025800.96,4208654.34,4073210.93,4380946.29,4676263.12,3366923.47,3.2
DC-1943,20.4,air-cooled,68.0,0.1044,185.0,1.54,10595940.71,12.93,2.638,9926929.2,5856360.0,7891644.6,7265860.82,7763920.66,8279893.59,6313315.68,2.9
DC-1944,12.5,air-cooled,75.2,0.1079,144.63,1.527,10700554.24,12.4,1.55,5922902.55,2690118.0,4306510.28,4134981.13,4439038.31,4740069.12,3445208.22,3.3
DC-1945,27.04,air-cooled,53.9,0.1648,161.77,1.511,10790119.38,12.26,3.315,15179903.58,6435210.6,10807557.09,10550513.56,11244994.64,11967326.97,8646045.67,2.8
DC-1946,12.24,liquid-cooled,63.7,0.1037,186.36,1.1,17445057.59,4.64,0.568,2769529.75,1270229.76,2019879.76,1020402.75,1497624.52,2032548.05,1615903.81,6.8
DC-1947,22.24,liquid-cooled,63.9,0.1035,202.42,1.096,17644113.41,2.1,0.467,2295124.48,1134361.68,1714743.08,1859273.01,2746005.21,3859226.03,1371794.46,14.6
DC-1948,16.06,air-cooled,67.5,0.0991,163.57,1.551,11098072.33,12.74,2.046,7800755.99,4015970.64,5908363.32,5402898.51,5790083.36,6199280.32,4726690.66,3.1
DC-1949,40.48,hybrid,60.9,0.1312,185.12,1.261,12746226.33,9.47,3.833,16412051.9,8514779.52,12463415.71,11026363.95,12122218.24,13341482.03,9970732.57,3.7
DC-1950,15.78,hybrid,65.6,0.1229,178.36,1.253,13450982.48,8.68,1.37,5943186.08,2932238.4,4437712.24,4150024.17,4592419.24,5050185.44,3550169.79,4.0
DC-1951,3.98,air-cooled,53.8,0.1417,198.3,1.479,10366571.93,12.19,0.485,2007683.46,1154106.0,1580894.73,1580375.32,1683707.45,1773057.39,1264715.78,2.8
DC-1952,45.13,air-cooled,78.6,0.1334,165.73,1.602,10960192.58,12.32,5.56,23950644.75,11057505.6,17504075.18,16647411.38,17695312.13,18619877.04,14003260.14,2.9
DC-1953,7.97,air-cooled,71.0,0.0924,190.45,1.608,10835770.69,12.22,0.974,3613055.76,2225979.6,2919517.68,2822509.37,2996912.85,3190116.97,2335614.14,3.1
DC-1954,9.75,air-cooled,51.5,0.1039,174.19,1.59,10407382.02,12.63,1.231,4628452.06,2573134.68,3600793.37,3393314.13,3629309.32,3854924.34,2880634.7,3.0
DC-1955,10.21,liquid-cooled,62.0,0.1473,187.35,1.076,15944077.13,4.71,0.481,2372072.04,1081384.2,1726728.12,875469.16,1368462.13,1812871.76,1381382.5,6.7
DC-1956,49.38,hybrid,76.0,0.1159,185.03,1.232,12573643.16,8.72,4.306,17417652.93,9560870.16,13489261.54,12968950.83,14355887.37,15839642.77,10791409.23,4.1
DC-1957,2.98,air-cooled,65.5,0.1438,180.22,1.572,11088847.75,12.56,0.374,1662212.3,808827.36,1235519.83,1150339.99,1223990.61,1304129.69,988415.86,2.7
DC-1958,202.39,air-cooled,63.6,0.117,191.17,1.594,11124416.29,12.71,25.724,105617984.75,59011884.96,82314934.86,75208728.65,80340321.45,85512032.31,65851947.89,2.8
DC-1959,38.28,hybrid,71.1,0.1006,184.65,1.201,13617258.43,9.51,3.64,14867383.02,8065512.0,11466447.51,9793275.31,10801159.91,11933743.64,9173158.01,3.8
DC-1960,19.66,hybrid,76.1,0.1139,182.01,1.209,13969407.63,9.1,1.789,7711680.37,3907390.68,5809535.52,5133341.93,5703587.79,6278418.43,4647628.42,3.8
DC-1961,15.74,hybrid,54.8,0.1006,178.65,1.278,13449298.81,8.13,1.28,5267172.14,2744064.0,4005618.07,3997277.33,4393125.7,4830305.3,3204494.46,4.4
DC-1962,20.67,hybrid,78.6,0.1087,185.16,1.231,12416672.14,9.78,2.022,7949358.43,4492722.24,6221040.34,5381657.95,5931796.74,6564542.74,4976832.27,3.7
DC-1963,24.95,air-cooled,62.4,0.124,187.33,1.56,11064880.68,12.37,3.086,12817382.44,6937204.56,9877293.5,9316674.68,9973727.2,10605208.52,7901834.8,2.8
DC-1964,27.55,hybrid,71.8,0.1302,169.16,1.256,13702219.38,9.41,2.592,11605604.7,5261552.64,8433578.67,7247489.51,7988866.43,8794359.87,6746862.94,3.7
DC-1965,25.65,hybrid,71.6,0.0882,178.76,1.251,12913877.35,8.74,2.242,8601014.09,4809359.04,6705186.56,6375881.78,7084307.43,7772526.39,5364149.25,4.3
DC-1966,17.67,air-cooled,65.7,0.1197,168.17,1.516,10469026.67,12.08,2.135,8360842.59,4308515.4,6334679.0,6340008.17,6787013.53,7213986.2,5067743.2,3.1
DC-1967,14.04,hybrid,59.7,0.1083,183.4,1.292,14414855.28,9.06,1.272,5633728.59,2799417.6,4216573.1,3642887.52,4033617.56,4446858.46,3373258.48,3.7
DC-1968,14.57,air-cooled,68.6,0.107,175.12,1.574,11968894.51,12.53,1.826,7550685.32,3837229.44,5693957.38,5119808.99,5466753.87,5840161.57,4555165.9,2.9
DC-1969,14.07,air-cooled,91.5,0.1227,195.56,1.633,11302803.88,12.87,1.811,7727478.16,4249909.92,5988694.04,5329172.7,5710821.45,6033931.35,4790955.23,2.6
DC-1970,40.73,air-cooled,55.7,0.109,194.09,1.614,10180370.95,12.97,5.283,20093448.92,12304529.64,16198989.28,15088225.06,15977141.28,17018991.72,12959191.42,2.8
DC-1971,26.44,air-cooled,92.3,0.1476,170.16,1.544,11069767.65,12.15,3.212,14313646.24,6558647.04,10436146.64,10129019.34,10741689.12,11489709.05,8348917.31,2.9
DC-1972,1.56,air-cooled,68.9,0.1438,183.97,1.531,11234174.64,12.44,0.194,858462.72,428282.16,643372.44,607280.54,646328.97,684318.7,514697.95,2.7
DC-1973,27.79,air-cooled,72.4,0.1436,193.58,1.547,11201467.51,12.11,3.365,14924589.31,7816760.4,11370674.86,11021484.83,11749928.19,12440164.81,9096539.89,2.7
DC-1974,19.22,air-cooled,59.0,0.1101,181.37,1.588,10330274.41,12.47,2.397,9173809.0,5216926.68,7195367.84,6888790.3,7338661.91,7830766.14,5756294.27,3.0
DC-1975,16.2,air-cooled,62.7,0.1008,173.08,1.591,11611165.22,12.56,2.035,8109728.7,4226613.6,6168171.15,5582719.01,5990014.4,6399898.73,4934536.92,3.0
DC-1976,12.05,air-cooled,66.0,0.1216,167.61,1.525,11005918.05,12.01,1.447,5889599.61,2910380.04,4399989.82,4353181.55,4630398.3,4935206.12,3519991.86,3.1
DC-1977,40.42,air-cooled,59.5,0.117,196.81,1.544,11844501.76,12.07,4.879,20562974.76,11522831.88,16042903.32,15183541.24,16233351.8,17220875.2,12834322.66,2.8
DC-1978,35.09,hybrid,69.5,0.1078,197.54,1.255,12935139.53,9.14,3.207,13019159.94,7602129.36,10310644.65,9335464.08,10289999.74,11343715.17,8248515.72,3.8
DC-1979,8.86,air-cooled,67.1,0.0965,180.88,1.601,11278862.03,12.56,1.113,4295960.88,2415833.28,3355897.08,3070335.25,3284875.11,3494255.44,2684717.66,3.0
DC-1980,22.77,air-cooled,94.2,0.1192,195.49,1.715,10312234.95,12.42,2.828,11545018.85,6634148.64,9089583.74,8627362.24,9157482.05,9741379.71,7271666.99,2.8
DC-1981,7.56,liquid-cooled,58.0,0.1119,139.52,1.074,17270847.22,4.5,0.34,1662854.36,569241.6,1116047.98,560972.41,851646.84,1158717.4,892838.38,7.6
DC-1982,5.45,hybrid,73.2,0.1338,203.91,1.271,13902088.43,8.93,0.487,2230010.42,1191650.04,1710830.23,1531854.07,1694949.69,1850132.59,1368664.18,3.6
DC-1983,9.96,liquid-cooled,75.0,0.1333,181.65,1.115,16856218.72,2.54,0.253,1277098.66,551489.4,914294.03,830252.43,1265896.73,1722514.21,731435.22,12.3
DC-1984,32.78,air-cooled,59.2,0.142,186.13,1.534,11997268.93,12.47,4.088,18699464.67,9130793.28,13915128.98,12816188.36,13599723.53,14468252.37,11132103.18,2.7
DC-1985,35.25,air-cooled,80.2,0.0948,179.19,1.552,11458663.18,12.18,4.293,16464620.46,9231152.04,12847886.25,12218656.12,13045110.48,13997958.03,10278309.0,3.1
DC-1986,24.79,hybrid,67.2,0.128,204.94,1.22,12551881.27,9.22,2.286,9503515.9,5621914.08,7562714.99,6978314.98,7685307.92,8456301.86,6050171.99,3.7
DC-1987,29.37,air-cooled,42.1,0.1055,168.09,1.578,11497943.87,14.53,4.267,17125411.11,8606880.36,12866145.74,11500677.32,12271000.21,13061434.22,10292916.59,2.6
DC-1988,24.85,air-cooled,79.9,0.0956,206.12,1.593,11183938.91,13.0,3.23,12336620.54,7989211.2,10162915.87,9149789.84,9717403.52,10375431.67,8130332.7,2.8
DC-1989,9.84,air-cooled,58.6,0.1114,189.94,1.632,11923883.04,12.74,1.254,5319921.74,2858217.12,4089069.43,3602768.87,3844947.0,4091357.04,3271255.54,2.7
DC-1990,23.23,hybrid,59.4,0.1414,193.34,1.236,14117059.89,9.69,2.251,10507922.64,5222500.08,7865211.36,6521713.49,7122511.53,7845840.55,6292169.09,3.3
DC-1991,31.2,air-cooled,80.3,0.1126,179.06,1.578,10613070.91,12.45,3.884,15205710.58,8345628.48,11775669.53,11260176.15,11986652.92,12773931.37,9420535.62,3.0
DC-1992,30.07,liquid-cooled,67.8,0.1513,164.38,1.092,17382506.09,3.66,1.101,5846423.21,2171788.56,4009105.88,2513816.01,3852521.74,5148596.95,3207284.7,8.4
DC-1993,42.57,liquid-cooled,83.0,0.131,197.96,1.089,16465251.88,2.74,1.166,5723471.56,2769856.32,4246663.94,3721036.25,5587673.43,7462871.98,3397331.15,11.3
DC-1994,28.98,air-cooled,86.5,0.1121,188.67,1.564,10421990.99,12.5,3.622,13951363.55,8200352.88,11075858.22,10698223.68,11364099.96,12065728.48,8860686.58,2.9
DC-1995,21.78,hybrid,64.3,0.1432,204.42,1.242,13623971.78,9.66,2.104,9648005.25,5161196.16,7404600.7,6192200.91,6882360.91,7559616.02,5923680.56,3.3
DC-1996,38.71,hybrid,81.5,0.1289,181.09,1.284,13543454.52,9.59,3.712,16553675.64,8066472.96,12310074.3,10309451.25,11391250.95,12666271.49,9848059.44,3.5
DC-1997,16.1,hybrid,62.9,0.1013,177.71,1.278,13669445.71,9.59,1.544,6441161.1,3292610.88,4866885.99,4097982.87,4506605.97,4952458.31,3893508.79,3.7
DC-1998,8.12,air-cooled,98.0,0.1572,204.82,1.552,12250185.33,12.06,0.979,4757430.09,2406225.36,3581827.72,3381094.88,3592722.42,3799024.92,2865462.18,2.6
DC-1999,14.43,hybrid,63.7,0.1252,212.68,1.236,14307512.02,8.26,1.192,5405758.84,3042174.72,4223966.78,4079971.24,4465094.3,4951364.49,3379173.42,3.8
DC-2000,9.06,air-cooled,84.3,0.1204,184.14,1.622,10683448.01,12.79,1.159,4734317.33,2561019.12,3647668.22,3363220.04,3567165.88,3763451.5,2918134.58,2.8
DC-2001,9.58,liquid-cooled,82.1,0.1029,172.71,1.121,17638445.99,2.75,0.263,1296623.81,545072.76,920848.28,764094.14,1153676.43,1594028.02,736678.62,11.7
DC-2002,14.65,air-cooled,75.8,0.1436,196.16,1.62,10668333.41,12.08,1.77,7803216.83,4166438.4,5984827.62,5818000.02,6179356.25,6551799.11,4787862.1,2.8
DC-2003,8.72,air-cooled,64.0,0.1303,180.19,1.532,9914377.81,12.99,1.133,4477460.51,2449863.24,3463661.88,3279567.8,3504731.11,3729011.34,2770929.5,2.8
DC-2004,12.85,hybrid,70.2,0.1326,192.99,1.252,13566641.92,8.74,1.123,5018802.07,2600733.24,3809767.66,3497774.32,3908647.52,4285641.38,3047814.13,3.8
DC-2005,3.62,hybrid,46.2,0.1098,180.11,1.224,13071784.96,10.7,0.387,1579789.36,836430.84,1208110.1,1016806.09,1123109.62,1232381.7,966488.08,3.4
DC-2006,19.5,hybrid,74.7,0.1367,207.46,1.221,12660805.34,9.87,1.925,8230626.31,4792326.0,6511476.15,5570999.47,6168863.63,6763941.95,5209180.92,3.4
DC-2007,16.46,air-cooled,76.2,0.1382,173.51,1.486,10692426.24,12.18,2.005,8371063.21,4174650.6,6272856.9,6202452.87,6607171.26,7032589.65,5018285.52,3.0
DC-2008,8.55,air-cooled,73.6,0.1066,191.21,1.566,11596603.05,12.41,1.061,4285780.86,2434485.72,3360133.29,3128570.44,3328585.03,3500048.94,2688106.63,2.9
DC-2009,27.87,liquid-cooled,36.3,0.0917,176.67,1.051,16181209.58,7.44,2.074,9208734.72,4396962.96,6802848.84,4772109.4,5958958.43,7146676.49,5442279.07,4.6
DC-2010,34.82,hybrid,56.8,0.1316,179.78,1.234,12990732.63,9.58,3.336,14376173.14,7196952.96,10786563.05,9343138.54,10298293.57,11338937.78,8629250.44,3.6
DC-2011,4.54,hybrid,63.0,0.0885,177.82,1.267,13851825.58,8.26,0.375,1522664.21,800190.0,1161427.1,1120383.75,1246390.35,1371119.24,929141.68,4.4
DC-2012,8.93,air-cooled,75.5,0.123,195.08,1.549,10958712.87,12.34,1.102,4522923.22,2579737.92,3551330.57,3398419.7,3614756.45,3823794.76,2841064.46,2.8
DC-2013,8.89,air-cooled,75.5,0.1111,197.78,1.647,10399946.77,12.68,1.127,4411099.38,2674776.72,3542938.05,3315380.2,3520161.38,3757044.62,2834350.44,2.8
DC-2014,7.75,hybrid,70.0,0.1444,192.37,1.255,13139465.62,9.19,0.712,3209258.81,1643609.28,2426434.04,2173455.35,2407564.68,2619364.4,1941147.23,3.6
DC-2015,31.93,hybrid,79.6,0.1121,182.38,1.163,12891482.79,9.37,2.992,11988451.22,6548171.52,9268311.37,8322886.02,9172530.26,10165545.88,7414649.1,3.9
DC-2016,14.08,air-cooled,59.7,0.1421,186.1,1.548,10797051.18,12.27,1.728,7475827.24,3858969.6,5667398.42,5506571.54,5849977.81,6216335.76,4533918.74,2.8
DC-2017,13.31,liquid-cooled,79.3,0.1097,197.47,1.096,18879981.78,4.74,0.631,3311978.17,1495242.84,2403610.5,1117864.91,1704995.15,2291627.9,1922888.4,6.2
DC-2018,3.31,air-cooled,77.7,0.14,197.94,1.683,11328404.03,12.88,0.426,1951699.54,1011869.28,1481784.41,1315135.91,1396784.16,1479150.52,1185427.53,2.5
DC-2019,27.34,air-cooled,76.5,0.1612,143.65,1.53,10429941.24,12.1,3.308,14814203.43,5702330.4,10258266.91,10288480.02,10881288.89,11567714.04,8206613.53,3.0
DC-2020,6.1,air-cooled,69.8,0.0986,179.92,1.657,10352379.46,12.31,0.751,2802536.23,1621439.04,2211987.63,2132638.51,2283617.86,2423433.69,1769590.1,3.1
DC-2021,17.25,air-cooled,94.0,0.1258,180.64,1.586,10106792.0,12.1,2.087,8334932.18,4523948.16,6429440.17,6417314.26,6818616.86,7283266.03,5143552.14,3.0
DC-2022,20.53,air-cooled,77.9,0.175,194.04,1.653,10857307.39,12.81,2.63,13010041.86,6123902.4,9566972.13,8682060.17,9229251.11,9816723.02,7653577.7,2.4
DC-2023,48.84,air-cooled,60.4,0.1213,183.0,1.629,9700416.18,12.6,6.154,23918160.35,13514184.0,18716172.18,18198841.03,19347970.96,20577481.2,14972937.74,2.9
DC-2024,5.77,air-cooled,75.0,0.1212,194.79,1.571,11013342.57,12.93,0.746,3070057.82,1743760.08,2406908.95,2192589.8,2329836.6,2472444.24,1925527.16,2.7
DC-2025,1.47,hybrid,81.0,0.1358,167.82,1.256,13940440.43,8.07,0.119,546450.77,239646.96,393048.86,387932.29,428795.89,471180.58,314439.09,4.2
DC-2026,19.05,air-cooled,64.9,0.1208,187.9,1.671,10911415.01,12.17,2.318,9719430.7,5226626.4,7473028.55,7155216.24,7597924.79,8035858.01,5978422.84,2.9
DC-2027,69.44,air-cooled,85.1,0.0859,197.5,1.669,11155481.08,12.86,8.93,33352581.91,21164100.0,27258340.96,24425905.7,25974652.7,27693610.07,21806672.77,2.9
DC-2028,44.31,air-cooled,76.6,0.1426,161.88,1.594,10824547.82,12.05,5.339,23473669.58,10371327.84,16922498.71,16541773.77,17601146.22,18752668.28,13537998.97,2.9
DC-2029,19.45,air-cooled,43.9,0.0799,221.7,1.555,11224366.61,13.41,2.608,9343643.81,6938323.2,8140983.51,7835826.21,8318257.16,8856046.7,6512786.81,2.7
DC-2030,11.1,hybrid,75.6,0.1117,201.86,1.245,13232559.29,8.11,0.9,3742912.14,2180088.0,2961500.07,3002567.99,3296010.01,3618768.45,2369200.06,4.2
DC-2031,31.37,air-cooled,67.1,0.1441,184.02,1.606,11114966.75,12.84,4.028,18115012.04,8894790.72,13504901.38,12286461.86,13052308.87,13860176.06,10803921.1,2.6
DC-2032,7.55,hybrid,78.4,0.1129,171.57,1.233,13173463.45,9.67,0.73,3027221.13,1502953.2,2265087.16,1931256.64,2127403.42,2367888.13,1812069.73,3.7
DC-2033,24.07,hybrid,83.3,0.1061,181.37,1.308,11797095.17,9.42,2.267,8699111.48,4933989.48,6816550.48,6202452.44,6903533.0,7583111.89,5453240.38,4.0
DC-2034,24.64,air-cooled,74.3,0.1376,185.26,1.561,10942394.2,12.57,3.097,13358089.08,6885002.64,10121545.86,9582270.22,10095098.53,10657979.11,8097236.69,2.7
DC-2035,38.4,air-cooled,92.0,0.103,190.61,1.576,10479717.22,12.69,4.873,18277742.59,11146110.36,14711926.48,13783203.92,14669962.58,15686656.94,11769541.18,2.9
DC-2036,149.56,air-cooled,69.9,0.0956,206.51,1.529,10926575.22,12.84,19.204,71219916.96,47589816.48,59404866.72,54695281.74,58355025.12,62007177.95,47523893.38,2.8
DC-2037,22.51,air-cooled,79.5,0.1255,176.86,1.563,11774597.99,12.14,2.733,11847304.3,5800300.56,8823802.43,8345569.42,8900662.16,9433700.78,7059041.94,2.9
DC-2038,10.94,hybrid,81.7,0.1163,192.44,1.247,14218617.19,8.87,0.97,4297217.71,2240001.6,3268609.66,2920760.83,3209401.28,3551692.72,2614887.73,3.8
DC-2039,16.11,hybrid,70.8,0.0951,164.61,1.256,12709605.01,9.85,1.587,6142801.1,3134832.84,4638816.97,3937346.84,4337147.46,4799869.15,3711053.58,3.9
DC-2040,3.99,air-cooled,81.3,0.1327,177.8,1.616,11072990.75,12.3,0.491,2130540.84,1047597.6,1589069.22,1497239.66,1597252.98,1694088.7,1271255.38,2.8
DC-2041,9.43,air-cooled,64.9,0.1293,189.65,1.507,11639475.84,12.25,1.155,4958970.4,2628549.0,3793759.7,3611123.46,3847642.0,4069647.41,3035007.76,2.8
DC-2042,11.85,air-cooled,66.9,0.1128,194.37,1.601,11545434.93,12.26,1.453,6026528.38,3389035.32,4707781.85,4410462.09,4677790.91,4980540.33,3766225.48,2.8
DC-2043,10.81,hybrid,56.3,0.1142,172.7,1.231,13706161.62,9.32,1.007,4307237.32,2086906.8,3197072.06,2761775.06,3053719.91,3396231.73,2557657.65,3.8
DC-2044,18.58,air-cooled,74.9,0.1294,177.39,1.492,11182712.32,12.53,2.328,9722414.37,4955567.04,7338990.7,6946540.06,7385840.85,7840436.8,5871192.56,2.8
DC-2045,8.52,air-cooled,75.9,0.1438,205.91,1.572,11138369.96,12.06,1.028,4580174.7,2540105.76,3560140.23,3460081.92,3674805.73,3902806.22,2848112.18,2.7
DC-2046,40.32,air-cooled,86.2,0.1143,201.43,1.591,11674920.69,12.86,5.185,21711898.22,12532974.6,17122436.41,15225014.0,16187433.74,17216182.83,13697949.13,2.6
DC-2047,16.45,hybrid,81.5,0.1331,187.13,1.278,12713340.93,9.17,1.508,6507440.19,3386304.48,4946872.34,4537730.8,4965267.81,5409431.36,3957497.87,3.7
DC-2048,16.32,liquid-cooled,68.6,0.1313,150.45,1.062,17561194.89,4.8,0.783,4012082.14,1413628.2,2712855.17,1297041.56,1946679.37,2640130.25,2170284.14,6.8
DC-2049,12.65,air-cooled,57.9,0.1376,221.67,1.516,10605542.39,12.6,1.594,6669514.72,4240103.76,5454809.24,5246342.13,5558971.73,5855758.53,4363847.39,2.6
DC-2050,18.62,air-cooled,77.2,0.1208,183.7,1.582,10661533.31,12.18,2.268,9170237.69,4999579.2,7084908.44,6875006.62,7354967.76,7815741.99,5667926.75,3.0
DC-2051,31.82,liquid-cooled,85.3,0.1018,179.31,1.111,18546813.49,3.13,0.996,5091819.28,2143113.12,3617466.2,2679997.95,4008221.85,5249751.66,2893972.96,9.9
DC-2052,8.22,air-cooled,81.1,0.1108,176.16,1.5,11003183.23,12.04,0.99,3862053.19,2092780.8,2977417.0,2924432.51,3135298.63,3324867.54,2381933.6,3.1
DC-2053,9.71,hybrid,85.0,0.1269,189.65,1.257,14680832.72,8.73,0.848,3951462.73,1929878.4,2940670.56,2640078.09,2896721.33,3169628.2,2352536.45,3.7
DC-2054,12.9,air-cooled,69.5,0.1564,189.8,1.639,12340642.63,12.2,1.574,7850954.48,3584942.4,5717948.44,5237382.5,5543815.29,5884925.88,4574358.75,2.5
DC-2055,5.6,hybrid,66.4,0.1103,198.26,1.201,13956114.53,9.16,0.513,2186302.69,1220488.56,1703395.62,1505038.98,1644339.57,1823193.17,1362716.5,3.7
DC-2056,8.54,air-cooled,63.2,0.1361,170.11,1.659,11071093.19,12.19,1.041,4620127.12,2125014.12,3372570.62,3185867.14,3391117.12,3595680.94,2698056.5,2.8
DC-2057,11.23,liquid-cooled,71.3,0.1134,179.31,1.096,17828050.05,2.68,0.301,1520211.87,647667.72,1083939.8,933738.21,1402792.92,1890420.01,867151.84,11.7
DC-2058,33.1,hybrid,71.1,0.1222,214.46,1.165,12467463.17,8.62,2.853,11462347.61,7342252.56,9402300.08,9356473.97,10244269.66,11211002.05,7521840.06,4.0
DC-2059,20.29,hybrid,74.5,0.1503,187.37,1.26,12740033.81,9.5,1.928,8656854.78,4334992.32,6495923.55,5687931.26,6259749.71,6901953.01,5196738.84,3.5
DC-2060,19.2,hybrid,70.4,0.1353,181.41,1.24,13713843.59,8.54,1.64,7408213.77,3570148.8,5489181.28,5228741.64,5747865.65,6328393.16,4391345.02,3.9
DC-2061,32.48,hybrid,70.4,0.0952,169.88,1.236,13214569.99,9.83,3.193,12667703.15,6509122.08,9588412.62,8015205.18,8795753.21,9755937.21,7670730.1,3.8
DC-2062,14.73,air-cooled,62.7,0.1086,191.59,1.554,11242243.26,12.6,1.856,7380666.9,4267092.48,5823879.69,5383044.94,5741949.09,6138589.94,4659103.75,2.8
DC-2063,22.47,liquid-cooled,83.3,0.1451,199.47,1.102,17671809.37,5.0,1.124,5988441.02,2690451.36,4339446.19,1962896.77,3053991.72,4046818.84,3471556.95,5.8
DC-2064,15.14,liquid-cooled,72.9,0.1228,197.12,1.048,17562824.02,4.73,0.716,3601632.31,1693655.04,2647643.67,1317266.66,2032064.45,2622546.46,2118114.94,6.4
DC-2065,20.33,air-cooled,69.9,0.097,180.12,1.543,11173913.41,12.19,2.478,9402051.96,5356048.32,7379050.14,7063043.75,7572255.92,8036795.68,5903240.11,3.1
DC-2066,10.32,liquid-cooled,63.0,0.1036,189.42,1.081,17484365.79,2.19,0.226,1099820.19,513707.04,806763.62,846395.0,1278396.33,1725194.81,645410.9,14.4
DC-2067,2.34,hybrid,56.0,0.1341,209.07,1.264,13470817.77,9.44,0.221,989716.69,554453.64,772085.16,660881.11,732550.07,810877.59,617668.13,3.4
DC-2068,14.77,air-cooled,87.7,0.1399,200.06,1.627,11853901.28,13.0,1.92,8886005.44,4609382.4,6747693.92,5861863.22,6256974.7,6634023.29,5398155.14,2.5
DC-2069,51.33,air-cooled,78.7,0.1204,172.24,1.559,11636212.08,12.44,6.385,27009242.41,13197028.8,20103135.6,18641883.99,19854442.24,21168195.64,16082508.48,2.9
DC-2070,34.5,air-cooled,52.5,0.1695,145.81,1.678,11836349.44,12.13,4.185,21434849.49,7322578.2,14378713.84,13231580.83,14112441.56,14966180.66,11502971.07,2.7
DC-2071,35.6,air-cooled,81.2,0.1365,188.45,1.548,10948590.91,12.25,4.361,18682636.18,9861965.4,14272300.79,13855722.79,14736277.09,15724501.9,11417840.63,2.8
DC-2072,44.21,air-cooled,83.1,0.1151,195.98,1.625,10401944.43,12.06,5.332,21061355.78,12539584.32,16800470.05,16539944.23,17641358.67,18745688.72,13440376.04,3.0
DC-2073,17.65,air-cooled,73.5,0.1037,167.66,1.532,11472983.18,12.22,2.157,8501252.53,4339711.44,6420481.98,6035372.02,6476977.69,6909298.69,5136385.58,3.1
DC-2074,19.26,air-cooled,91.2,0.1005,183.87,1.595,11511555.0,12.26,2.361,9355059.79,5209404.84,7282232.32,6802554.45,7263904.15,7751616.51,5825785.86,3.0
DC-2075,10.03,air-cooled,74.6,0.1267,180.04,1.534,10919836.24,12.72,1.276,5268865.07,2756772.48,4012818.78,3742962.02,3998783.54,4229552.29,3210255.02,2.8
DC-2076,12.77,liquid-cooled,55.0,0.1102,185.56,1.099,16692630.41,3.88,0.495,2361345.66,1102226.4,1731786.03,1049724.23,1583341.89,2140743.99,1385428.82,8.3
DC-2077,26.91,air-cooled,76.4,0.1535,175.83,1.561,11054288.42,12.93,3.479,15848663.81,7340550.84,11594607.32,10598500.63,11207875.64,11919269.16,9275685.86,2.6
DC-2078,43.08,air-cooled,74.9,0.1493,203.36,1.524,10942216.78,12.28,5.29,23407163.22,12909292.8,18158228.01,17595765.87,18699908.47,19895957.49,14526582.41,2.7
DC-2079,14.71,air-cooled,64.8,0.1327,186.22,1.685,11256044.86,12.88,1.895,8451841.98,4234642.8,6343242.39,5637425.38,5998524.34,6344765.86,5074593.91,2.6
DC-2080,11.47,air-cooled,78.9,0.0964,170.81,1.562,10185950.94,12.88,1.477,5291496.39,3027436.44,4159466.42,3931695.78,4165493.76,4476550.91,3327573.14,3.1
DC-2081,16.45,hybrid,52.0,0.1066,197.76,1.258,13514790.56,9.77,1.607,6714089.9,3813603.84,5263846.87,4376929.87,4875159.34,5331787.92,4211077.5,3.5
DC-2082,26.6,hybrid,83.9,0.1451,165.04,1.221,13091035.1,9.44,2.511,11201828.9,4972985.28,8087407.09,7092846.23,7843430.2,8596963.35,6469925.67,3.7
DC-2083,5.18,hybrid,61.5,0.1087,203.27,1.273,13399594.89,9.92,0.514,2153584.77,1253769.36,1703677.06,1400888.89,1539866.33,1701856.04,1362941.65,3.4
DC-2084,2.62,air-cooled,60.2,0.1424,198.87,1.638,10990181.82,12.38,0.324,1453315.98,773206.56,1113261.27,1057954.09,1119322.64,1177638.76,890609.02,2.6
DC-2085,10.59,hybrid,70.6,0.1295,204.85,1.243,12988026.3,9.32,0.987,4240460.07,2426243.4,3333351.74,2958360.9,3300541.79,3592372.55,2666681.39,3.6
DC-2086,6.19,air-cooled,77.2,0.121,181.63,1.602,10911182.0,12.28,0.76,3133299.9,1656465.6,2394882.75,2281997.99,2431111.72,2586703.57,1915906.2,2.9
DC-2087,10.95,air-cooled,74.0,0.1059,176.56,1.553,11046905.79,12.57,1.376,5360292.22,2915358.72,4137825.47,3884983.7,4135033.5,4389492.18,3310260.38,3.0
DC-2088,14.61,air-cooled,63.1,0.1181,185.26,1.656,11265646.54,12.21,1.784,7522595.91,3966046.08,5744321.0,5406035.74,5732490.21,6094350.06,4595456.8,2.9
DC-2089,11.44,air-cooled,65.9,0.1238,182.73,1.656,10601612.32,12.98,1.485,6165461.57,3256248.6,4710855.08,4264348.5,4543993.62,4826459.42,3768684.06,2.7
DC-2090,52.56,air-cooled,58.4,0.1407,174.21,1.611,10420732.9,12.65,6.649,28599526.38,13899867.48,21249696.93,20088128.61,21349071.83,22665333.54,16999757.54,2.8
DC-2091,21.36,air-cooled,69.3,0.1023,175.7,1.556,10732531.97,12.91,2.758,10423622.14,5814967.2,8119294.67,7485255.55,7968134.97,8467701.36,6495435.74,3.0
DC-2092,20.91,liquid-cooled,84.9,0.1147,178.5,1.066,16773108.65,3.42,0.715,3430887.77,1531530.0,2481208.88,1738887.11,2664181.91,3509427.62,1984967.1,9.5
DC-2093,27.05,air-cooled,71.9,0.1209,166.45,1.57,10123996.23,12.16,3.289,12868340.18,6569448.6,9718894.39,9676398.12,10319556.97,10925286.22,7775115.51,3.1
DC-2094,6.61,air-cooled,82.3,0.1333,194.17,1.584,11112392.31,12.77,0.844,3645295.07,1966553.76,2805924.42,2557654.39,2733337.94,2892038.97,2244739.54,2.7
DC-2095,37.76,air-cooled,89.5,0.1018,183.22,1.671,11358169.82,12.08,4.561,18308684.4,10027997.04,14168340.72,13505713.2,14264682.55,15142074.1,11334672.58,3.0
DC-2096,15.48,hybrid,64.9,0.0937,179.37,1.303,15549492.09,9.97,1.543,6982014.4,3321214.92,5151614.66,3884491.81,4302149.1,4718772.23,4121291.73,3.4
DC-2097,28.12,air-cooled,69.8,0.1335,167.34,1.666,10736486.8,12.37,3.478,15074369.56,6984102.24,11029235.9,10382591.15,11097893.25,11770963.36,8823388.72,2.9
DC-2098,6.98,liquid-cooled,98.0,0.0896,166.59,1.073,17454975.64,3.54,0.247,1166105.99,493772.76,829939.38,531096.11,808958.18,1096646.95,663951.5,9.5
DC-2099,4.74,liquid-cooled,89.3,0.1457,213.04,1.086,15617534.51,4.78,0.227,1102461.77,580320.96,841391.36,430693.98,652941.08,868675.9,673113.09,6.3
DC-2100,31.64,air-cooled,51.9,0.1169,174.59,1.613,10897296.92,12.83,4.059,16533948.9,8503929.72,12518939.31,11389519.35,12183748.36,12917210.33,10015151.45,2.8
DC-2101,22.22,air-cooled,76.6,0.089,193.16,1.594,11271320.75,12.55,2.789,10451733.16,6464678.88,8458206.02,7813112.47,8307648.76,8841912.13,6766564.82,3.0
DC-2102,7.99,air-cooled,72.0,0.1104,186.44,1.628,10841130.54,12.97,1.036,4126994.51,2317822.08,3222408.3,2918574.56,3111930.74,3303373.03,2577926.64,2.8
DC-2103,8.2,hybrid,81.9,0.1276,142.37,1.295,13829254.97,8.12,0.666,3010778.0,1137821.04,2074299.52,2012479.59,2241379.8,2453858.77,1659439.62,4.4
DC-2104,40.46,air-cooled,63.1,0.1093,210.89,1.608,11272630.93,12.54,5.074,20522491.39,12840670.32,16681580.86,15451616.76,16419182.9,17359601.97,13345264.69,2.7
DC-2105,6.35,air-cooled,61.9,0.1204,194.26,1.586,11102015.49,12.94,0.822,3402977.33,1916180.64,2659578.98,2398082.98,2554323.49,2720061.29,2127663.18,2.7
DC-2106,61.2,air-cooled,63.9,0.1348,172.48,1.622,11598709.06,12.18,7.454,33489527.67,15427991.04,24458759.36,22964180.34,24404303.33,25895676.26,19567007.49,2.8
DC-2107,8.0,hybrid,65.1,0.116,183.57,1.295,12072392.46,9.66,0.773,3090980.47,1702795.32,2396887.9,2095169.65,2287835.82,2530186.16,1917510.32,3.8
DC-2108,27.4,air-cooled,81.8,0.1013,166.76,1.611,11449027.85,12.75,3.494,13884493.81,6991913.28,10438203.54,9326009.97,10014163.99,10689283.73,8350562.83,3.0
DC-2109,12.64,air-cooled,57.8,0.114,211.39,1.566,10445255.98,12.92,1.633,6344267.44,4142398.44,5243332.94,4860338.61,5173497.86,5490672.62,4194666.35,2.7
DC-2110,26.64,hybrid,64.5,0.1483,170.39,1.283,13620818.91,9.3,2.478,11630751.23,5066717.04,8348734.14,7287796.25,8035098.59,8815873.35,6678987.31,3.6
DC-2111,10.64,hybrid,50.5,0.1537,176.15,1.264,14498422.22,9.2,0.979,4820337.91,2069410.2,3444874.06,2949560.05,3248046.51,3570081.4,2755899.25,3.5
DC-2112,14.44,liquid-cooled,84.1,0.0796,173.06,1.043,18135507.4,3.44,0.497,2364424.06,1032129.84,1698276.95,1133662.69,1699081.4,2273402.88,1358621.56,9.6
DC-2113,16.99,air-cooled,87.3,0.1418,185.21,1.513,10257754.62,12.03,2.044,8500794.08,4542830.88,6521812.48,6631748.39,7029320.02,7501420.76,5217449.98,2.9
DC-2114,7.38,hybrid,68.1,0.125,204.55,1.23,13081965.51,8.31,0.613,2607673.46,1504669.8,2056171.63,2040121.32,2237650.69,2481515.52,1644937.3,4.0
DC-2115,29.74,hybrid,68.4,0.1385,210.84,1.236,13910600.06,9.99,2.971,13639367.27,7516867.68,10578117.48,8491906.1,9407456.89,10319345.73,8462493.98,3.2
DC-2116,10.91,air-cooled,77.4,0.109,178.02,1.625,11266065.1,12.23,1.334,5409616.82,2849744.16,4129680.49,3879645.54,4155135.71,4411318.08,3303744.39,3.0
DC-2117,13.7,hybrid,89.7,0.0846,189.67,1.255,14768971.27,8.45,1.158,4877576.01,2635654.32,3756615.16,3451915.52,3797131.37,4188505.15,3005292.13,4.1
DC-2118,7.42,air-cooled,76.9,0.1317,185.23,1.663,10558604.71,12.79,0.949,4047434.13,2109399.24,3078416.68,2831086.03,3006332.13,3191503.83,2462733.34,2.7
DC-2119,2.12,liquid-cooled,63.6,0.1012,169.28,1.085,17323558.85,3.02,0.064,307938.9,130007.04,218972.97,169283.18,246545.1,343032.04,175178.38,10.9
DC-2120,14.11,air-cooled,52.6,0.0922,220.34,1.622,10452054.92,12.71,1.793,6513472.08,4740835.44,5627153.76,5299375.65,5606559.04,5949067.56,4501723.01,2.8
DC-2121,113.31,hybrid,58.6,0.0936,204.44,1.258,13524186.88,8.96,10.153,40986182.22,24908151.84,32947167.03,29886342.7,32994932.02,36559694.41,26357733.62,3.9
DC-2122,30.81,air-cooled,72.9,0.132,186.84,1.638,10174338.88,12.45,3.836,15938642.74,8600618.88,12269630.81,11781369.55,12532768.81,13231667.39,9815704.65,2.8
DC-2123,16.19,liquid-cooled,64.1,0.1228,207.73,1.1,17257774.38,2.43,0.393,1972216.18,979654.68,1475935.43,1412389.78,2038022.77,2867449.74,1180748.34,12.3
DC-2124,13.33,air-cooled,74.3,0.1356,202.18,1.631,10861832.5,12.37,1.649,7175019.46,4000737.84,5587878.65,5293217.29,5617843.17,5926874.22,4470302.92,2.7
DC-2125,16.74,liquid-cooled,65.4,0.1334,185.23,1.072,17189994.73,3.77,0.631,3200886.87,1402561.56,2301724.22,1408071.89,2210297.84,2929658.35,1841379.38,8.2
DC-2126,25.47,liquid-cooled,59.3,0.1116,188.89,1.086,18666006.1,2.83,0.721,3756188.17,1634276.28,2695232.22,2059634.56,3169703.06,4276886.84,2156185.78,10.6
DC-2127,6.39,air-cooled,57.9,0.1186,206.68,1.579,10379491.74,12.97,0.829,3272090.91,2056052.64,2664071.78,2459416.92,2620802.4,2782271.4,2131257.42,2.7
DC-2128,40.1,hybrid,90.7,0.1098,169.81,1.227,14262971.75,9.46,3.793,16498551.59,7729071.96,12113811.78,10163183.16,11238502.42,12434909.63,9691049.42,3.7
DC-2129,29.15,liquid-cooled,82.7,0.1158,209.11,1.062,16879017.85,3.63,1.058,5108229.41,2654860.56,3881544.99,2507596.39,3888918.56,5243568.57,3105235.99,8.4
DC-2130,29.21,air-cooled,92.8,0.1007,180.62,1.575,11248880.28,12.15,3.549,13802448.1,7692244.56,10747346.33,10303045.2,10976730.31,11637412.74,8597877.06,3.1
DC-2131,23.35,air-cooled,78.5,0.1278,206.87,1.645,10521864.33,12.64,2.951,12334635.93,7325680.44,9830158.18,9216086.1,9775654.15,10355194.55,7864126.54,2.7
DC-2132,16.7,air-cooled,66.8,0.1415,183.92,1.607,10618008.03,12.57,2.099,9133794.55,4632576.96,6883185.76,6496163.12,6925542.52,7301522.88,5506548.61,2.7
DC-2133,28.17,air-cooled,87.9,0.1037,189.06,1.572,11284180.16,12.59,3.547,13959641.5,8047149.84,11003395.67,10125728.57,10818938.16,11539383.75,8802716.54,2.9
DC-2134,26.4,air-cooled,71.6,0.1456,183.49,1.572,10719758.57,12.07,3.186,13977572.69,7015189.68,10496381.18,10417191.82,11011429.83,11700413.09,8397104.94,2.8
DC-2135,12.39,air-cooled,74.7,0.1223,176.02,1.498,11615418.36,12.58,1.559,6526104.0,3292982.16,4909543.08,4546299.87,4838525.95,5139619.15,3927634.46,2.8
DC-2136,10.39,air-cooled,71.5,0.1248,179.95,1.544,11323018.25,12.95,1.346,5658854.8,2906552.4,4282703.6,3840905.68,4116638.98,4381309.13,3426162.88,2.7
DC-2137,17.84,air-cooled,36.6,0.086,204.69,1.572,10973523.19,15.1,2.694,9759938.04,6617218.32,8188578.18,7760752.91,8216527.03,8756728.18,6550862.54,2.5
DC-2138,56.78,air-cooled,91.3,0.0839,149.29,1.567,10473603.88,12.51,7.103,24712445.89,12724882.44,18718664.16,17903766.18,19047907.48,20221358.68,14974931.33,3.4
DC-2139,6.1,liquid-cooled,77.9,0.1229,165.42,1.09,17249237.98,2.23,0.136,680906.08,269965.44,475435.76,493532.64,753698.21,1009035.12,380348.61,14.4
DC-2140,5.08,hybrid,76.0,0.1358,173.12,1.222,12828958.43,9.19,0.467,2010239.15,970164.48,1490201.82,1356068.66,1495613.05,1651941.39,1192161.46,3.8
DC-2141,18.76,air-cooled,71.3,0.1066,167.82,1.586,10668049.12,12.76,2.394,9220993.16,4821132.96,7021063.06,6498071.97,6931478.58,7422483.73,5616850.45,3.0
DC-2142,17.13,hybrid,74.0,0.1534,206.65,1.25,13150800.18,9.94,1.703,7837427.46,4223099.4,6030263.43,5011174.66,5520045.05,6052359.89,4824210.74,3.2
DC-2143,18.89,hybrid,64.8,0.1347,202.87,1.243,12114725.32,9.06,1.711,7115820.37,4165326.84,5640573.6,5297739.55,5884527.55,6411193.75,4512458.88,3.8
DC-2144,19.99,liquid-cooled,79.4,0.1018,192.88,1.108,18231548.54,4.95,0.99,4989138.83,2291414.4,3640276.62,1669535.0,2588306.6,3380479.87,2912221.3,6.2
DC-2145,13.76,air-cooled,56.3,0.1206,174.43,1.629,10790579.9,12.33,1.697,6989728.28,3552092.52,5270910.4,5014466.19,5312246.7,5688128.51,4216728.32,2.9
DC-2146,54.16,air-cooled,74.2,0.1695,204.03,1.493,10421136.97,12.25,6.635,30074096.09,16244868.6,23159482.34,23150399.71,24531677.2,26015883.75,18527585.87,2.6
DC-2147,4.57,liquid-cooled,78.7,0.0951,160.18,1.075,16367946.09,3.64,0.166,752457.76,319078.56,535768.16,349710.95,543590.04,725194.15,428614.53,9.6
DC-2148,8.48,liquid-cooled,69.6,0.1306,216.13,1.107,18144179.44,3.02,0.256,1356418.53,663951.36,1010184.94,738415.34,1137262.93,1542867.41,808147.95,9.4
DC-2149,15.14,hybrid,76.5,0.1135,173.73,1.253,12646054.3,9.04,1.369,5552721.59,2854036.44,4203379.01,3916502.32,4301349.12,4750574.34,3362703.21,4.1
DC-2150,4.42,hybrid,60.1,0.1341,180.07,1.248,13103709.09,9.63,0.426,1865019.87,920517.84,1392768.86,1189573.31,1320822.41,1442379.84,1114215.09,3.6
DC-2151,14.29,air-cooled,60.4,0.1453,177.56,1.583,11481094.28,12.79,1.828,8347088.56,3894956.16,6121022.36,5562152.26,5862836.5,6186028.38,4896817.89,2.6
DC-2152,62.13,air-cooled,74.8,0.1123,167.9,1.624,11331003.66,12.17,7.561,31118108.81,15233902.8,23176005.8,21817369.37,23377449.77,24913688.77,18540804.64,3.0
DC-2153,16.72,air-cooled,80.1,0.1424,212.88,1.545,10076861.82,12.1,2.023,8428976.59,5167874.88,6798425.74,6884921.92,7271098.39,7732544.84,5438740.59,2.8
DC-2154,19.78,air-cooled,49.5,0.1644,195.83,1.562,11050756.3,12.17,2.407,11325485.12,5656353.72,8490919.42,8295625.41,8803615.61,9331734.72,6792735.54,2.6
DC-2155,6.0,hybrid,78.3,0.1213,202.23,1.271,13247847.08,9.96,0.598,2568120.19,1451202.48,2009661.34,1650996.83,1826724.58,2011371.05,1607729.07,3.4
DC-2156,10.04,air-cooled,65.5,0.1357,165.64,1.56,11478696.22,12.94,1.299,5722411.05,2581996.32,4152203.68,3733016.07,3962801.51,4201950.71,3321762.94,2.7
DC-2157,12.18,air-cooled,69.7,0.1082,186.71,1.624,10669013.25,12.38,1.508,5896537.87,3378704.16,4637621.02,4385266.53,4687045.53,5024271.13,3710096.82,3.0
DC-2158,12.75,liquid-cooled,55.9,0.1204,191.82,1.033,18099845.23,4.03,0.514,2627412.29,1183145.76,1905279.02,1061120.2,1605415.41,2190954.42,1524223.22,7.5
DC-2159,45.85,air-cooled,61.8,0.1165,188.06,1.569,11583682.13,12.14,5.566,23240158.65,12560903.52,17900531.08,16982761.44,18009442.58,19131411.43,14320424.86,2.9
DC-2160,25.69,liquid-cooled,83.6,0.1359,166.59,1.072,17984037.0,3.34,0.858,4523935.0,1715210.64,3119572.82,2127368.01,3276179.78,4305536.08,2495658.26,9.3
DC-2161,6.76,liquid-cooled,72.4,0.1441,200.13,1.067,18110357.65,3.74,0.253,1358968.02,607594.68,983281.35,608194.73,909434.3,1205227.94,786625.08,7.7
DC-2162,20.03,hybrid,67.4,0.1178,185.82,1.234,13131782.8,9.7,1.943,8144226.55,4332579.12,6238402.84,5295169.5,5904095.67,6499022.79,4990722.27,3.6
DC-2163,24.5,air-cooled,70.6,0.1507,169.68,1.651,11507017.08,12.5,3.062,14503630.99,6234721.92,10369176.46,9410256.89,10043652.57,10684136.57,8295341.17,2.7
DC-2164,40.94,air-cooled,77.9,0.1506,156.17,1.646,10296724.78,12.46,5.101,22748707.5,9559478.04,16154092.77,15545033.12,16357931.97,17220837.33,12923274.22,2.9
DC-2165,58.23,air-cooled,77.3,0.1369,193.1,1.599,10576249.63,12.83,7.471,31885248.2,17311801.2,24598524.7,22691319.64,24220212.42,25784973.22,19678819.76,2.7
DC-2166,7.3,air-cooled,71.1,0.1097,220.76,1.575,10773329.24,12.3,0.898,3509028.45,2378909.76,2943969.1,2856720.92,3020611.05,3202690.83,2355175.28,2.8
DC-2167,8.6,air-cooled,85.1,0.1078,168.77,1.581,10441089.09,12.56,1.08,4118282.55,2187259.2,3152770.88,2982591.04,3203362.89,3431604.86,2522216.7,3.1
DC-2168,6.01,liquid-cooled,83.6,0.1038,186.56,1.077,16887936.52,3.83,0.23,1088400.93,514905.6,801653.26,496156.04,741890.06,986136.66,641322.61,8.4
DC-2169,13.64,air-cooled,77.0,0.139,200.66,1.582,9992780.83,12.41,1.693,7020743.08,4076608.56,5548675.82,5412437.75,5736652.37,6133163.51,4438940.66,2.8
DC-2170,23.88,hybrid,72.7,0.0958,164.96,1.27,12913040.89,8.23,1.965,7732980.05,3889756.8,5811368.42,5806468.63,6444918.29,7140774.0,4649094.74,4.6
DC-2171,36.23,air-cooled,79.9,0.1335,176.8,1.649,11082637.42,12.4,4.493,19729876.61,9532348.8,14631112.7,13653238.12,14510790.84,15449391.58,11704890.16,2.8
DC-2172,15.48,hybrid,75.8,0.0984,171.1,1.245,12575891.9,9.73,1.506,5824925.96,3092119.2,4458522.58,3850491.71,4281042.09,4695446.13,3566818.06,3.9
DC-2173,12.73,liquid-cooled,84.7,0.1365,198.77,1.083,17113603.33,2.47,0.314,1600774.95,748965.36,1174870.16,1095712.6,1705983.22,2288948.53,939896.13,12.2
DC-2174,18.57,air-cooled,82.8,0.1203,203.88,1.639,11092953.84,12.51,2.323,9738770.85,5683358.88,7711064.86,7151599.77,7609677.73,8107791.26,6168851.89,2.7
DC-2175,8.43,air-cooled,59.8,0.1467,186.39,1.598,11289056.39,12.39,1.044,4762995.49,2335093.92,3549044.7,3318229.82,3516321.05,3753134.96,2839235.76,2.7
DC-2176,87.5,hybrid,59.0,0.1428,171.37,1.297,14162858.8,8.12,7.105,33889113.33,14611006.2,24250059.76,23430025.31,26004091.62,28702166.56,19400047.81,4.1
DC-2177,4.54,hybrid,63.6,0.1487,177.36,1.25,12439057.2,8.17,0.371,1629617.48,789606.72,1209612.1,1240877.45,1376067.24,1507364.0,967689.68,4.2
DC-2178,19.06,hybrid,83.7,0.1492,174.54,1.22,14288785.08,9.87,1.881,8972023.55,3939716.88,6455870.22,5200992.0,5746005.23,6350728.38,5164696.18,3.3
DC-2179,83.0,air-cooled,53.1,0.1229,169.34,1.615,11710491.65,12.54,10.408,45181616.52,21149888.64,33165752.58,30088430.36,31902101.19,34056031.73,26532602.06,2.8
DC-2180,16.53,air-cooled,76.7,0.0968,182.47,1.584,11301285.48,12.18,2.013,7759265.69,4407745.32,6083505.51,5763521.69,6171324.07,6551811.39,4866804.41,3.1
DC-2181,14.13,liquid-cooled,76.4,0.0989,192.62,1.073,16412875.65,4.88,0.69,3158070.85,1594893.6,2376482.22,1184983.7,1739134.49,2322027.36,1901185.78,6.7
DC-2182,12.35,liquid-cooled,86.0,0.0783,191.35,1.097,17398111.51,2.57,0.317,1464124.12,727895.4,1096009.76,1009473.63,1480318.88,2018223.41,876807.81,12.7
DC-2183,14.23,air-cooled,74.2,0.0983,183.88,1.595,11100873.4,12.9,1.836,7050842.24,4051244.16,5551043.2,4994793.3,5349600.88,5678063.95,4440834.56,2.9
DC-2184,49.32,hybrid,55.9,0.1214,184.86,1.304,12184602.54,8.09,3.99,16336841.57,8851096.8,12593969.18,13171761.99,14533830.27,16052401.38,10075175.34,4.4
DC-2185,2.8,air-cooled,60.5,0.1088,182.78,1.668,11226243.18,12.86,0.36,1470409.74,789609.6,1130009.67,1006451.09,1072006.69,1141007.98,904007.74,2.8
DC-2186,56.08,air-cooled,57.8,0.1164,164.54,1.561,11332490.7,12.1,6.786,27890641.66,13398821.28,20644731.47,19810400.33,21091015.98,22523736.0,16515785.18,3.1
DC-2187,5.26,air-cooled,65.5,0.1299,186.4,1.53,11827078.69,12.66,0.666,2909929.44,1489708.8,2199819.12,2003076.9,2134164.17,2261870.43,1759855.3,2.7
DC-2188,13.29,air-cooled,69.8,0.1139,175.25,1.578,10265883.63,12.81,1.702,6562535.97,3579306.0,5070920.98,4743690.98,5077698.76,5416635.12,4056736.78,2.9
DC-2189,11.67,air-cooled,58.0,0.0976,163.79,1.462,11119512.2,12.25,1.43,5320998.0,2810636.4,4065817.2,3940963.27,4223434.51,4513643.93,3252653.76,3.2
DC-2190,26.33,air-cooled,89.6,0.1189,189.56,1.554,11127630.02,12.01,3.162,12936997.72,7192664.64,10064831.18,9852100.29,10439801.28,11067970.11,8051864.94,2.9
DC-2191,4.58,air-cooled,56.1,0.102,174.82,1.575,10410377.16,12.28,0.562,2091039.66,1178986.08,1635012.87,1583803.39,1700990.21,1814728.95,1308010.3,3.2
DC-2192,23.8,hybrid,88.2,0.1146,187.42,1.255,13672599.12,9.06,2.156,9267015.88,4848930.24,7057973.06,6273365.86,6934806.19,7652959.83,5646378.45,3.8
DC-2193,83.05,hybrid,86.2,0.1469,196.71,1.254,13234544.44,9.24,7.674,34952861.81,18114630.48,26533746.15,23418152.12,26002344.91,28426962.23,21226996.92,3.5
DC-2194,5.53,hybrid,82.8,0.1146,169.75,1.267,13036261.96,9.44,0.522,2176157.1,1063314.0,1619735.55,1401324.38,1559804.97,1706878.21,1295788.44,3.8
DC-2195,19.14,liquid-cooled,63.7,0.1554,185.38,1.089,17894523.37,2.99,0.572,3122559.9,1272448.32,2197504.11,1672511.27,2493097.16,3419745.81,1758003.29,9.8
DC-2196,9.68,air-cooled,76.1,0.1486,156.84,1.537,10721655.44,12.33,1.194,5233729.85,2247203.52,3740466.68,3608645.43,3860043.93,4103379.5,2992373.34,2.9
DC-2197,23.12,hybrid,56.7,0.1084,206.99,1.166,13312780.94,8.34,1.928,7838497.45,4788920.64,6313709.04,6258665.58,6933369.93,7641875.85,5050967.23,4.1
DC-2198,16.7,hybrid,82.9,0.0978,163.61,1.191,13637164.7,8.45,1.411,5715741.01,2770244.52,4242992.76,4061976.14,4532898.7,4998879.84,3394394.21,4.4
DC-2199,9.84,air-cooled,71.1,0.1189,176.28,1.627,11936597.4,12.6,1.24,5390530.27,2623046.4,4006788.34,3571037.25,3812034.92,4075345.54,3205430.67,2.8
DC-2200,24.3,air-cooled,67.1,0.1431,204.08,1.594,11120615.16,12.9,3.135,14011619.4,7677489.6,10844554.5,9832743.27,10421544.02,11017137.45,8675643.6,2.5
DC-2201,69.65,air-cooled,57.3,0.1102,180.48,1.63,10798152.25,12.8,8.915,35420303.72,19307750.4,27364027.06,24906395.38,26681835.62,28643173.24,21891221.65,2.9
DC-2202,14.12,liquid-cooled,42.3,0.1382,166.04,1.081,17582577.08,5.72,0.808,4214473.5,1609923.84,2912198.67,1922775.04,2555500.37,3149340.52,2329758.94,5.5
DC-2203,29.25,air-cooled,59.5,0.1442,194.7,1.601,11980408.09,12.99,3.8,17801796.54,8878320.0,13340058.27,11653166.25,12378132.25,13113785.71,10672046.62,2.5
DC-2204,5.84,liquid-cooled,85.4,0.1045,194.36,1.065,19064386.52,4.57,0.267,1391457.85,622729.44,1007093.64,483483.69,760553.89,997333.19,805674.91,6.5
DC-2205,7.65,hybrid,67.2,0.1065,174.5,1.254,14016009.68,8.33,0.637,2729274.64,1333878.0,2031576.32,1941935.67,2133040.68,2367328.52,1625261.06,4.2
DC-2206,24.0,hybrid,70.0,0.1343,176.13,1.258,12633045.24,8.95,2.148,9209206.6,4539926.88,6874566.74,6423239.19,7157002.93,7845654.68,5499653.39,3.9
DC-2207,53.91,hybrid,79.9,0.123,177.47,1.201,14188401.94,8.26,4.453,19802632.11,9483286.92,14642959.52,14192448.61,15722515.94,17319751.53,11714367.62,4.1
DC-2208,21.86,hybrid,93.7,0.1063,180.89,1.27,13257473.71,9.39,2.053,8476249.9,4456406.04,6466327.97,5647697.36,6223139.91,6909683.71,5173062.38,3.8
DC-2209,12.8,air-cooled,87.9,0.113,155.61,1.582,11172120.69,12.13,1.553,6287605.7,2899947.96,4593776.83,4414660.91,4706658.2,5039357.81,3675021.46,3.1
DC-2210,16.44,air-cooled,60.3,0.1186,181.28,1.58,11122081.51,12.52,2.058,8464744.47,4476890.88,6470817.68,6071453.69,6422321.42,6830214.61,5176654.14,2.9
DC-2211,6.05,hybrid,48.7,0.0887,210.76,1.247,13784347.09,10.13,0.613,2471690.91,1550350.56,2011020.74,1651502.62,1824125.82,1984360.24,1608816.59,3.4
DC-2212,26.67,air-cooled,98.0,0.1353,170.56,1.501,11117539.94,12.79,3.411,14495357.15,6981361.92,10738359.54,9981015.56,10608993.82,11202444.7,8590687.63,2.8
DC-2213,33.31,air-cooled,98.0,0.1104,175.25,1.528,11662786.81,12.0,3.997,16265652.86,8405691.0,12335671.93,11906680.33,12619183.81,13482427.5,9868537.54,3.0
DC-2214,11.45,air-cooled,74.3,0.0643,166.25,1.548,11185706.74,12.29,1.407,4724215.62,2806965.0,3765590.31,3649828.53,3854281.62,4073778.7,3012472.25,3.4
DC-2215,11.29,liquid-cooled,56.8,0.1195,193.18,1.106,17321319.19,3.29,0.371,1857584.0,860037.36,1358810.68,960494.99,1421076.16,1957748.53,1087048.54,9.3
DC-2216,20.34,air-cooled,83.6,0.1052,202.05,1.547,10771329.99,12.57,2.557,9765872.95,6199702.2,7982787.57,7545097.11,8008229.25,8569350.06,6386230.06,2.9
DC-2217,11.6,hybrid,70.7,0.1538,201.7,1.245,13274496.75,8.45,0.98,4534716.49,2371992.0,3453354.24,3362234.87,3731764.08,4080894.04,2762683.39,3.8
DC-2218,15.6,air-cooled,70.6,0.1083,165.28,1.644,10390811.11,12.09,1.886,7296453.24,3740616.96,5518535.1,5421711.74,5784301.09,6164074.93,4414828.08,3.2
DC-2219,88.22,air-cooled,82.7,0.098,191.5,1.432,10817199.94,12.83,11.319,41123801.06,26011062.0,33567431.53,31245273.53,33763543.38,35695106.47,26853945.22,3.0
DC-2220,13.5,hybrid,76.0,0.1302,205.51,1.251,14201819.31,9.86,1.331,6099694.02,3282405.72,4691049.87,3772301.25,4139964.48,4574322.07,3752839.9,3.2
DC-2221,12.35,air-cooled,57.8,0.1068,191.64,1.583,10754748.06,12.53,1.547,5988356.8,3557604.96,4772980.88,4532815.23,4797959.07,5095702.91,3818384.7,2.9
DC-2222,9.8,hybrid,68.1,0.1044,191.18,1.289,13643990.45,8.29,0.812,3419206.22,1862857.92,2641032.07,2530662.41,2829448.17,3108968.01,2112825.66,4.2
DC-2223,29.83,hybrid,79.9,0.1302,176.93,1.257,14059291.56,8.5,2.536,11558988.78,5384333.76,8471661.27,8020548.46,8885050.65,9690811.39,6777329.02,4.0
DC-2224,14.23,hybrid,78.1,0.0992,187.3,1.214,13526216.1,8.31,1.183,4803905.21,2658910.8,3731408.0,3661237.87,4038432.59,4480693.4,2985126.4,4.3
DC-2225,9.78,air-cooled,75.1,0.0909,202.54,1.469,11085270.55,12.81,1.253,4552317.72,3045391.44,3798854.58,3502550.23,3751089.82,3999552.43,3039083.66,2.9
DC-2226,47.33,liquid-cooled,83.2,0.1545,188.92,1.099,17723664.03,3.13,1.481,8035906.87,3357486.24,5696696.56,4258385.75,6404578.77,8503254.2,4557357.25,9.3
DC-2227,51.2,hybrid,67.7,0.1316,165.28,1.241,13948579.34,9.18,4.7,21292546.08,9321792.0,15307169.04,13417873.32,14797988.31,16253776.55,12245735.23,3.8
DC-2228,10.17,liquid-cooled,74.1,0.1147,177.16,1.084,19713810.48,3.23,0.328,1794166.44,697301.76,1245734.1,844867.59,1278964.36,1706498.48,996587.28,9.2
DC-2229,3.69,air-cooled,31.5,0.1199,202.14,1.582,10610255.44,15.8,0.583,2343337.67,1414171.44,1878754.56,1839513.23,1953260.91,2072433.1,1503003.65,2.2
DC-2230,36.82,air-cooled,66.6,0.1301,188.87,1.521,11128884.54,12.12,4.463,18773755.22,10115121.72,14444438.47,14029254.17,14995655.54,15977864.13,11555550.78,2.9
DC-2231,9.51,liquid-cooled,81.2,0.1395,185.79,1.086,17707132.7,4.41,0.419,2204791.45,934152.12,1569471.78,833087.83,1260414.04,1664152.82,1255577.42,6.8
DC-2232,30.95,liquid-cooled,67.3,0.1049,175.69,1.07,16564647.52,2.89,0.894,4169867.63,1884802.32,3027334.98,2465897.95,3707395.33,5008856.73,2421867.98,11.5
DC-2233,3.4,air-cooled,66.4,0.1273,201.83,1.541,10290965.68,12.24,0.416,1666214.92,1007535.36,1336875.14,1325066.82,1410729.55,1496921.7,1069500.11,2.9
DC-2234,33.58,air-cooled,59.5,0.1099,208.94,1.562,11385363.65,12.74,4.278,17256834.68,10726143.84,13991489.26,12747078.19,13600303.38,14390820.99,11193191.41,2.7
DC-2235,6.24,air-cooled,84.0,0.1162,202.95,1.565,11144390.31,12.49,0.779,3170189.94,1897176.6,2533683.27,2373523.23,2533306.49,2689148.75,2026946.62,2.8
DC-2236,29.51,air-cooled,78.6,0.1232,205.64,1.609,10801069.97,12.62,3.724,15405152.95,9189640.32,12297396.64,11537315.45,12219818.71,12906037.48,9837917.31,2.7
DC-2237,16.63,air-cooled,81.9,0.1199,178.62,1.593,10769831.23,12.12,2.016,8197987.31,4321175.04,6259581.18,6089754.93,6487187.09,6912960.16,5007664.94,3.0
DC-2238,7.67,air-cooled,51.3,0.1347,176.5,1.549,10833260.36,12.53,0.961,4069996.27,2035398.0,3052697.14,2898670.75,3070514.01,3263380.12,2442157.71,2.8
DC-2239,11.87,liquid-cooled,70.1,0.1297,181.65,1.081,17319824.94,2.81,0.334,1695735.34,728053.2,1211894.27,999321.91,1496964.69,2017702.5,969515.42,11.0
DC-2240,28.48,air-cooled,68.6,0.0898,184.58,1.555,11473255.09,12.43,3.54,13355888.58,7840958.4,10598423.49,9871996.69,10544446.05,11212925.48,8478738.79,3.0
DC-2241,17.9,hybrid,68.6,0.0928,205.47,1.241,12470875.39,9.52,1.704,6441374.39,4201450.56,5321412.47,4721573.17,5213845.18,5725549.21,4257129.98,3.8
DC-2242,26.25,air-cooled,64.6,0.1126,201.49,1.469,10777090.48,12.76,3.35,12877049.39,8099898.0,10488473.7,9853868.42,10478591.0,11203878.66,8390778.96,2.8
DC-2243,79.93,air-cooled,67.8,0.1566,192.08,1.582,11187744.74,12.85,10.271,47825662.64,23674244.16,35749953.4,32441989.35,34538030.76,36478197.98,28599962.72,2.5
DC-2244,4.7,air-cooled,82.2,0.103,162.53,1.56,10898734.09,12.14,0.571,2186643.19,1113655.56,1650149.38,1586218.3,1718147.05,1817779.52,1320119.5,3.2
DC-2245,59.97,air-cooled,49.0,0.1158,158.68,1.586,10924006.31,12.92,7.748,31274089.54,14753431.68,23013760.61,21193387.26,22630662.39,24095701.06,18411008.49,2.9
DC-2246,17.88,hybrid,93.3,0.1093,187.61,1.259,14351655.71,8.61,1.539,6763457.21,3464781.48,5114119.34,4650570.0,5172595.3,5710776.07,4091295.47,3.9
DC-2247,8.01,liquid-cooled,77.8,0.1089,197.2,1.101,17172486.83,3.88,0.311,1513457.41,735950.4,1124703.9,667193.62,1041434.76,1382137.91,899763.12,8.0
DC-2248,5.67,air-cooled,71.5,0.1236,182.81,1.592,11250578.87,12.75,0.723,3053839.47,1586059.56,2319949.52,2111853.28,2243594.9,2395813.71,1855959.62,2.7
DC-2249,14.14,air-cooled,82.9,0.148,212.72,1.593,11465894.82,12.07,1.707,7874850.64,4357356.48,6116103.56,5877104.44,6207488.11,6632005.7,4892882.85,2.6
DC-2250,34.37,air-cooled,54.6,0.1291,167.76,1.592,11033337.14,12.63,4.341,18459108.28,8738953.92,13599031.1,12538897.78,13400057.36,14329849.53,10879224.88,2.8
DC-2251,14.85,liquid-cooled,64.0,0.1039,165.87,1.109,18751461.93,3.81,0.566,2929821.69,1126589.04,2028205.36,1217374.21,1826801.86,2386322.55,1622564.29,8.2
DC-2252,55.09,hybrid,70.5,0.1751,174.04,1.221,13118143.73,9.36,5.156,24686957.12,10768202.88,17727580.0,15698898.36,17485381.0,19097942.72,14182064.0,3.5
DC-2253,5.15,air-cooled,88.4,0.1216,173.47,1.463,10292564.41,12.54,0.646,2484288.31,1344739.44,1914513.88,1879876.62,1997665.75,2131207.7,1531611.1,3.0
DC-2254,16.29,hybrid,71.4,0.1085,191.89,1.275,13496291.98,8.85,1.442,6072280.02,3320464.56,4696372.29,4301915.04,4751513.47,5204272.89,3757097.83,3.9
DC-2255,6.04,hybrid,77.4,0.1482,177.67,1.261,13502754.38,9.63,0.582,2699131.29,1240847.28,1969989.28,1661744.74,1827654.15,2012659.32,1575991.42,3.4
DC-2256,22.0,air-cooled,64.9,0.1106,160.78,1.585,11973697.6,12.0,2.64,11078650.3,5093510.4,8086080.35,7564095.66,8123766.74,8606158.08,6468864.28,3.1
DC-2257,33.43,air-cooled,77.8,0.1533,197.37,1.581,11267902.52,12.47,4.169,19290446.12,9874026.36,14582236.24,13658780.31,14476855.1,15276611.59,11665788.99,2.6
DC-2258,11.74,liquid-cooled,92.1,0.1026,157.6,1.058,16554784.78,3.23,0.379,1754673.76,716764.8,1235719.28,920809.57,1399813.19,1840039.92,988575.42,10.7
DC-2259,2.05,hybrid,83.9,0.1486,167.93,1.266,14349419.23,8.06,0.165,798065.0,332501.4,565283.2,546929.49,609673.82,676987.9,452226.56,4.1
DC-2260,19.28,air-cooled,71.0,0.124,159.66,1.549,10830242.58,12.3,2.371,9695745.32,4542646.32,7119195.82,6869114.85,7343227.87,7785359.84,5695356.66,3.0
DC-2261,23.32,air-cooled,80.1,0.1458,187.11,1.644,10870575.93,12.18,2.84,12823774.31,6376708.8,9600241.56,9151749.78,9707435.05,10391180.34,7680193.25,2.7
DC-2262,22.72,air-cooled,78.9,0.158,186.79,1.525,11587576.75,12.44,2.826,13241898.57,6334422.48,9788160.52,9157858.72,9768489.04,10380911.29,7830528.42,2.6
DC-2263,44.2,air-cooled,78.1,0.0973,212.75,1.474,11247549.54,12.95,5.724,21498293.1,14613372.0,18055832.55,16428407.79,17479411.66,18622468.37,14444666.04,2.8
DC-2264,6.98,hybrid,85.3,0.1455,197.71,1.202,13110200.18,9.68,0.676,3005105.93,1603823.52,2304464.72,1987164.02,2184917.79,2403454.19,1843571.78,3.4
DC-2265,28.34,air-cooled,85.3,0.0918,205.62,1.515,11426733.52,12.75,3.613,13576167.74,8914860.72,11245514.23,10224347.19,10939154.91,11623902.9,8996411.38,2.8
DC-2266,42.69,hybrid,70.5,0.0991,188.33,1.277,13413764.08,8.69,3.71,15171750.4,8384451.6,11778101.0,10919935.26,11935634.41,13337198.79,9422480.8,4.1
DC-2267,3.96,liquid-cooled,79.7,0.1039,169.35,1.089,18991855.13,2.46,0.097,505523.34,197123.4,351323.37,312005.78,471338.01,635842.43,281058.7,12.7
DC-2268,21.24,air-cooled,67.4,0.1301,185.92,1.541,10031691.17,12.18,2.587,10310502.53,5771700.48,8041101.5,8070425.65,8551994.01,9097428.29,6432881.2,3.0
DC-2269,10.99,air-cooled,60.9,0.1207,192.89,1.659,11394083.05,12.4,1.363,5841998.25,3154908.84,4498453.54,4114062.12,4416608.63,4682710.01,3598762.83,2.7
DC-2270,15.41,air-cooled,68.8,0.1167,194.56,1.609,10779691.62,12.61,1.943,7850409.48,4536360.96,6193385.22,5797781.27,6144358.41,6566392.11,4954708.18,2.8
DC-2271,21.72,hybrid,71.1,0.1229,176.91,1.223,13345210.94,8.19,1.779,7618192.35,3776674.68,5697433.52,5738952.52,6323199.17,6961166.93,4557946.82,4.3
DC-2272,11.14,air-cooled,52.1,0.1318,191.33,1.594,11766306.29,12.73,1.418,6317354.66,3255671.28,4786512.97,4266491.83,4556917.79,4877390.29,3829210.38,2.6
DC-2273,9.58,hybrid,82.3,0.1334,170.0,1.251,12858652.83,9.21,0.882,3809690.51,1799280.0,2804485.26,2518996.19,2805223.29,3080999.86,2243588.21,3.8
DC-2274,16.9,liquid-cooled,38.8,0.1419,168.35,1.062,17003540.89,5.73,0.968,4935519.69,1955553.6,3445536.65,2787371.21,3539225.52,4236194.03,2756429.32,5.5
DC-2275,6.89,air-cooled,98.0,0.1564,167.26,1.667,10544818.51,12.6,0.868,4016400.65,1742180.16,2879290.4,2677944.75,2863262.65,3030523.34,2303432.32,2.7
DC-2276,6.9,liquid-cooled,90.0,0.1196,184.37,1.098,17188413.42,4.13,0.285,1416455.03,630545.4,1023500.22,566469.02,865651.0,1175274.9,818800.18,7.6
DC-2277,28.32,liquid-cooled,68.9,0.1096,166.33,1.097,18013467.63,2.6,0.736,3721376.53,1469026.56,2595201.54,2257257.33,3446709.53,4609443.21,2076161.23,12.3
DC-2278,6.56,air-cooled,72.1,0.1323,177.63,1.607,11292435.03,12.65,0.83,3628643.34,1769194.8,2698919.07,2460201.38,2612018.99,2788718.89,2159135.26,2.7
DC-2279,28.02,air-cooled,75.6,0.0971,197.54,1.575,11547591.3,12.54,3.514,13725051.83,8329866.72,11027459.28,10097069.59,10798181.2,11540018.79,8821967.42,2.9
DC-2280,23.81,liquid-cooled,64.9,0.1064,168.56,1.073,16441271.93,2.17,0.517,2405973.58,1045746.24,1725859.91,1886339.03,3000552.39,3936818.72,1380687.93,15.5
DC-2281,4.13,liquid-cooled,74.3,0.14,176.44,1.075,17332296.83,4.45,0.184,951280.28,389579.52,670429.9,360572.52,533383.47,711754.72,536343.92,6.9
DC-2282,9.56,air-cooled,70.3,0.1175,185.07,1.577,11192698.48,12.95,1.238,5088764.87,2749399.92,3919082.4,3539966.12,3760925.82,3979234.52,3135265.92,2.7
DC-2283,42.75,air-cooled,70.9,0.0958,187.7,1.523,9902770.98,12.63,5.399,18781660.88,12160707.6,15471184.24,15087867.52,16027690.84,17045406.09,12376947.39,3.1
DC-2284,7.5,air-cooled,74.2,0.0902,176.51,1.675,11132291.42,12.4,0.93,3531532.84,1969851.6,2750692.22,2550348.11,2720199.23,2907323.0,2200553.78,3.1
DC-2285,11.34,liquid-cooled,56.2,0.121,195.8,1.095,18201375.08,2.57,0.291,1514773.21,683733.6,1099253.4,993558.08,1507804.42,1947399.55,879402.72,11.6
DC-2286,23.8,air-cooled,72.5,0.1428,192.86,1.492,11749046.52,12.86,3.061,13704965.72,7084133.52,10394549.62,9426651.14,10014921.93,10609657.97,8315639.7,2.6
DC-2287,30.78,air-cooled,74.0,0.1426,201.1,1.49,11633673.58,12.52,3.854,17136938.32,9300472.8,13218705.56,12382201.22,13155045.82,13981701.08,10574964.45,2.6
DC-2288,13.45,hybrid,73.5,0.1222,182.78,1.227,11889488.72,9.36,1.259,4980072.38,2761440.24,3870756.31,3557397.32,3965096.36,4352963.79,3096605.05,3.9
DC-2289,10.2,air-cooled,69.4,0.1602,176.31,1.603,11060427.31,12.95,1.321,6218536.16,2794866.12,4506701.14,4028580.69,4315421.07,4592399.62,3605360.91,2.5
DC-2290,51.31,hybrid,85.7,0.1179,173.76,1.24,14379407.53,9.89,5.075,22716211.84,10581984.0,16649097.92,13266925.52,14664278.36,16216006.03,13319278.34,3.5
DC-2291,66.1,air-cooled,67.8,0.1172,188.61,1.589,10716205.32,12.1,7.998,32094060.63,18102033.36,25098046.99,24406613.3,26120720.87,27657021.43,20078437.59,3.0
DC-2292,35.98,liquid-cooled,74.7,0.0687,178.34,1.091,17545896.19,4.05,1.457,6637603.81,3118096.56,4877850.18,2725942.72,4181721.41,5638093.4,3902280.14,8.3
DC-2293,17.61,air-cooled,87.6,0.1111,175.46,1.561,11915356.08,12.97,2.284,9517606.84,4809007.68,7163307.26,6277019.95,6701141.77,7144127.79,5730645.81,2.8
DC-2294,8.61,hybrid,71.0,0.137,177.28,1.22,12861778.28,9.96,0.858,3708550.0,1825274.88,2766912.44,2341479.56,2588522.46,2843929.11,2213529.95,3.5
DC-2295,8.46,hybrid,74.6,0.1513,173.74,1.299,12204907.26,9.11,0.771,3418521.96,1607442.48,2512982.22,2297452.85,2540854.22,2838805.0,2010385.78,3.8
DC-2296,24.98,air-cooled,70.8,0.1034,186.99,1.564,10950074.93,12.21,3.05,11742488.29,6843834.0,9293161.14,8971315.98,9545745.18,10220770.41,7434528.91,3.0
DC-2297,22.98,air-cooled,86.8,0.1292,162.81,1.569,12020449.24,12.81,2.944,13091946.19,5751751.68,9421848.93,8312610.85,8924605.14,9507736.59,7537479.14,2.7
DC-2298,50.46,air-cooled,68.9,0.1409,188.55,1.585,10742680.28,12.82,6.469,28098764.08,14636759.4,21367761.74,19726461.19,21002018.82,22230675.6,17094209.39,2.7
DC-2299,27.67,air-cooled,87.4,0.1202,194.15,1.611,10880152.34,12.48,3.453,14206047.04,8044799.4,11125423.22,10495369.03,11131077.43,11820376.71,8900338.58,2.8
DC-2300,4.94,hybrid,70.8,0.0743,175.29,1.19,13855531.23,8.42,0.416,1603072.58,875047.68,1239060.13,1185460.18,1316178.1,1443324.87,991248.1,4.5
DC-2301,38.15,hybrid,61.7,0.1249,212.83,1.287,12872144.92,8.86,3.38,14427916.12,8632384.8,11530150.46,10744528.14,11921688.07,13079972.07,9224120.37,3.7
DC-2302,7.4,air-cooled,80.2,0.1352,184.26,1.552,10735014.38,12.11,0.896,3784411.06,1981163.52,2882787.29,2827203.87,3011687.76,3208236.89,2306229.83,2.9
DC-2303,12.1,hybrid,68.3,0.1011,160.58,1.235,14359058.97,8.33,1.008,4318939.75,1942375.68,3130657.72,2942779.27,3251013.72,3618198.19,2504526.18,4.3
DC-2304,20.09,hybrid,79.4,0.1149,179.78,1.251,12871878.84,8.61,1.73,7126871.75,3732232.8,5429552.28,5197856.96,5750175.9,6334258.47,4343641.82,4.2
DC-2305,81.17,hybrid,39.2,0.0969,184.94,1.344,12673759.22,11.46,9.302,36810221.11,20643742.56,28726981.84,25949538.9,28413713.58,30937837.98,22981585.47,3.2
DC-2306,197.93,air-cooled,72.1,0.0686,190.73,1.655,11075626.01,12.2,24.147,83447185.83,55266687.72,69356936.78,66396083.76,70371415.46,74671755.05,55485549.42,3.2
DC-2307,26.72,air-cooled,66.5,0.1405,180.14,1.539,10803972.42,12.25,3.273,14057709.06,7075178.64,10566443.85,10253688.16,10964926.56,11649324.34,8453155.08,2.8
DC-2308,14.2,air-cooled,59.2,0.1199,168.83,1.531,10865691.53,12.82,1.82,7321212.37,3687247.2,5504229.78,5037933.45,5404911.23,5782205.46,4403383.82,2.9
DC-2309,25.22,air-cooled,65.4,0.152,167.58,1.643,11456911.71,12.14,3.062,14494490.62,6157559.52,10326025.07,9720979.09,10322093.64,10923512.87,8260820.06,2.7
DC-2310,33.45,air-cooled,65.1,0.1371,174.2,1.609,11559033.31,12.11,4.051,18233861.44,8468210.4,13351035.92,12588368.42,13450368.87,14241315.04,10680828.74,2.8
DC-2311,12.72,air-cooled,71.4,0.1129,175.63,1.5,10778856.18,12.8,1.628,6314698.41,3431107.68,4872903.04,4538443.53,4850255.1,5172789.13,3898322.43,2.9
DC-2312,69.14,air-cooled,55.6,0.1183,166.98,1.543,11465545.66,12.68,8.767,36356067.62,17566963.92,26961515.77,24605440.34,26281533.44,28143384.44,21569212.62,2.9
DC-2313,19.77,hybrid,75.8,0.1313,173.01,1.246,13932333.25,9.55,1.888,8551145.28,3919714.56,6235429.92,5221373.89,5752819.12,6393686.24,4988343.94,3.6
DC-2314,24.49,air-cooled,88.4,0.1393,193.89,1.632,11097124.9,12.44,3.047,13582018.14,7089393.96,10335706.05,9592832.79,10222590.38,10848349.0,8268564.84,2.7
DC-2315,28.01,air-cooled,75.4,0.1265,208.73,1.469,10706360.34,12.35,3.459,13860381.96,8663964.84,11262173.4,11039511.74,11756245.06,12432032.47,9009738.72,2.8
DC-2316,23.04,air-cooled,81.7,0.1421,195.33,1.67,11440475.49,12.58,2.898,13392055.63,6792796.08,10092425.86,9090571.93,9739126.08,10319365.57,8073940.69,2.6
DC-2317,32.17,air-cooled,85.1,0.1141,203.59,1.517,10521429.29,12.83,4.127,15906948.55,10082591.16,12994769.86,12175488.9,13020090.24,13826501.36,10395815.89,2.8
DC-2318,10.04,hybrid,86.8,0.1001,198.61,1.269,13105435.12,9.77,0.981,3948598.14,2338036.92,3143317.53,2629381.3,2927363.0,3210662.95,2514654.02,3.6
DC-2319,10.52,air-cooled,94.4,0.1187,196.5,1.558,10888385.27,12.26,1.29,5211172.07,3041820.0,4126496.04,4005332.57,4239835.37,4499052.85,3301196.83,2.9
DC-2320,6.82,air-cooled,66.0,0.1241,178.93,1.504,11322752.21,12.96,0.884,3669651.63,1898089.44,2783870.54,2520583.14,2675218.81,2869658.52,2227096.43,2.8
DC-2321,23.37,air-cooled,63.4,0.096,186.11,1.649,11471321.92,12.37,2.891,11378761.17,6456528.12,8917644.64,8222098.93,8742308.89,9285120.36,7134115.71,2.9
DC-2322,30.67,air-cooled,81.4,0.0933,177.69,1.681,10899285.5,12.25,3.757,14261414.93,8010975.96,11136195.44,10506400.4,11253687.39,11959293.75,8908956.35,3.1
DC-2323,23.72,air-cooled,80.5,0.1289,180.71,1.533,10231900.43,12.95,3.072,12302635.2,6661693.44,9482164.32,8909219.17,9444347.29,10014110.89,7585731.46,2.8
DC-2324,62.78,liquid-cooled,81.3,0.1119,185.02,1.072,17961141.67,3.79,2.379,11995361.41,5281950.96,8638656.18,5012458.13,7639392.07,10532844.67,6910924.94,8.2
DC-2325,16.37,air-cooled,94.7,0.1167,194.7,1.641,11128617.89,12.06,1.974,8193298.95,4612053.6,6402676.28,6145421.57,6547561.84,6999750.35,5122141.02,2.9
DC-2326,28.08,air-cooled,72.1,0.1128,190.35,1.599,11322443.95,12.66,3.555,14561689.99,8120331.0,11341010.5,10353655.01,11031179.0,11651506.34,9072808.4,2.8
DC-2327,6.87,air-cooled,77.1,0.1504,181.57,1.63,10932408.41,12.84,0.882,4036874.85,1921736.88,2979305.86,2704943.58,2877703.36,3061648.74,2383444.69,2.6
DC-2328,12.07,air-cooled,60.2,0.1452,184.83,1.549,10854073.43,12.84,1.55,6792518.45,3437838.0,5115178.22,4743026.59,5024400.16,5307950.11,4092142.58,2.7
DC-2329,28.69,hybrid,97.6,0.0953,190.5,1.226,14969904.15,9.4,2.697,11732339.7,6165342.0,8948840.85,7397606.11,8227298.22,8974289.3,7159072.68,3.6
DC-2330,32.44,hybrid,68.0,0.1093,194.01,1.209,13947514.68,9.48,3.075,13090356.54,7158969.0,10124662.77,8589935.56,9428185.16,10350203.99,8099730.22,3.6
DC-2331,13.0,hybrid,68.3,0.137,161.22,1.247,13561427.1,9.58,1.245,5615199.13,2408626.8,4011912.96,3369780.32,3738481.58,4157477.6,3209530.37,3.6
DC-2332,15.53,air-cooled,67.8,0.132,167.84,1.599,11031761.56,12.49,1.94,8342889.0,3907315.2,6125102.1,5725017.94,6086108.45,6473935.48,4900081.68,2.9
DC-2333,4.88,air-cooled,64.3,0.1192,200.61,1.581,10567897.99,12.62,0.616,2463562.23,1482909.12,1973235.68,1865198.39,1987299.76,2100980.81,1578588.54,2.8
DC-2334,12.36,hybrid,63.2,0.0972,183.09,1.233,12903835.41,8.09,1.0,3917383.96,2197080.0,3057231.98,3144464.68,3507282.6,3851783.58,2445785.58,4.5
DC-2335,33.53,liquid-cooled,65.7,0.1063,177.64,1.037,17397580.35,3.02,1.013,4894583.94,2159391.84,3526987.89,2728484.84,3961724.08,5524924.35,2821590.31,10.7
DC-2336,26.05,air-cooled,55.6,0.1097,180.05,1.578,11025610.7,12.42,3.235,12831787.72,6989541.0,9910664.36,9286972.98,9930577.94,10539893.67,7928531.49,3.0
DC-2337,24.55,air-cooled,62.6,0.1255,180.04,1.546,11208852.29,12.33,3.027,12684636.07,6539772.96,9612204.52,9124782.71,9712834.0,10291477.19,7689763.62,2.9
DC-2338,17.11,air-cooled,95.4,0.1541,192.37,1.571,11154854.67,12.87,2.202,10128263.33,5083184.88,7605724.1,6954597.92,7340218.8,7770524.14,6084579.28,2.5
DC-2339,16.54,air-cooled,80.8,0.1063,167.38,1.516,11097816.45,12.29,2.033,7883694.34,4083402.48,5983548.41,5743083.47,6108883.77,6516063.89,4786838.73,3.1
DC-2340,9.7,air-cooled,83.1,0.0995,184.37,1.568,10752681.66,12.16,1.18,4432298.27,2610679.2,3521488.74,3430228.1,3669293.01,3903017.45,2817190.99,3.1
DC-2341,28.76,air-cooled,86.1,0.1178,187.69,1.57,10767125.15,12.22,3.514,14101054.53,7914511.92,11007783.22,10606593.73,11400962.76,12093207.36,8806226.58,2.9
DC-2342,23.03,hybrid,94.0,0.1406,189.94,1.251,12902624.0,8.29,1.909,8414970.19,4351145.52,6383057.86,6338953.7,7016099.65,7749012.79,5106446.29,4.1
DC-2343,24.38,air-cooled,50.7,0.0911,187.34,1.606,11331724.07,12.84,3.13,11893395.04,7036490.4,9464942.72,8453062.39,9098763.14,9694942.59,7571954.18,2.9
DC-2344,10.8,air-cooled,57.2,0.1491,191.74,1.63,11431761.85,12.08,1.305,6093515.59,3002648.4,4548082.0,4298867.14,4587024.02,4851808.91,3638465.6,2.7
DC-2345,2.94,air-cooled,62.4,0.1166,175.41,1.593,11174534.4,12.65,0.372,1529048.55,783030.24,1156039.4,1065423.47,1135563.64,1205380.0,924831.52,2.9
DC-2346,39.56,hybrid,66.4,0.1053,169.87,1.237,13553220.25,9.67,3.825,15884728.36,7797033.0,11840880.68,10017779.19,11009677.03,12180127.07,9472704.54,3.8
DC-2347,11.21,air-cooled,68.4,0.088,220.86,1.531,10698443.27,12.16,1.363,4849075.75,3612386.16,4230730.96,4138827.18,4410847.68,4718682.45,3384584.77,3.0
DC-2348,8.25,hybrid,66.6,0.1341,179.48,1.24,13355830.06,9.49,0.783,3464469.69,1686394.08,2575431.88,2206677.9,2434097.13,2708913.1,2060345.5,3.6
DC-2349,28.64,air-cooled,74.6,0.1166,181.23,1.559,11511879.41,12.96,3.712,15406963.98,8072709.12,11739836.55,10464279.19,11166463.76,11899465.89,9391869.24,2.7
DC-2350,12.02,hybrid,72.4,0.1234,194.17,1.277,13339574.36,8.15,0.98,4257871.1,2283439.2,3270655.15,3316308.49,3632374.87,4026637.79,2616524.12,4.1
DC-2351,38.4,air-cooled,63.3,0.102,207.94,1.6,11348983.75,12.9,4.954,19576367.04,12361617.12,15968992.08,14297678.56,15205287.08,16201047.15,12775193.66,2.7
DC-2352,26.94,air-cooled,45.9,0.1136,175.83,1.509,10980574.67,12.94,3.486,13741072.72,7355320.56,10548196.64,10285159.67,10986856.01,11633110.11,8438557.31,2.9
DC-2353,28.41,air-cooled,60.1,0.1103,169.02,1.572,11240335.93,12.37,3.514,14114904.64,7127235.36,10621070.0,10050878.22,10660960.34,11272428.96,8496856.0,3.0
DC-2354,5.51,air-cooled,65.4,0.118,165.37,1.522,10101031.4,12.53,0.69,2634374.88,1369263.6,2001819.24,1956199.57,2087718.58,2212926.48,1601455.39,3.1
DC-2355,43.36,air-cooled,69.0,0.1066,207.9,1.573,11182145.31,12.23,5.303,20967074.31,13229924.4,17098499.36,16302682.69,17428446.94,18520024.12,13678799.49,2.9
DC-2356,20.27,hybrid,58.4,0.0893,168.43,1.282,13487857.25,9.27,1.879,7516317.9,3797759.64,5657038.77,4972203.75,5481438.83,6030831.75,4525631.02,4.0
DC-2357,12.24,air-cooled,66.1,0.1746,183.59,1.642,10882875.58,12.22,1.496,7375054.44,3295807.68,5335431.06,5100760.04,5389334.26,5705202.53,4268344.85,2.6
DC-2358,18.44,air-cooled,58.4,0.0927,169.34,1.672,10665840.62,12.93,2.384,8887403.59,4844478.72,6865941.15,6214681.24,6641183.0,7088650.44,5492752.92,3.0
DC-2359,3.97,air-cooled,70.5,0.1236,162.27,1.592,10822400.21,12.78,0.507,2093247.62,987250.68,1540249.15,1416751.27,1517798.88,1622372.75,1232199.32,2.9
DC-2360,22.8,hybrid,59.1,0.0846,179.61,1.231,13923386.4,9.73,2.218,8886139.85,4780499.76,6833319.8,5641918.28,6198110.49,6859042.93,5466655.84,3.8
DC-2361,7.22,liquid-cooled,61.8,0.0801,169.93,1.063,17441736.5,3.75,0.271,1252514.04,552612.36,902563.2,546206.91,847939.92,1139429.43,722050.56,9.0
DC-2362,5.57,hybrid,56.3,0.122,173.63,1.23,13227848.22,8.25,0.46,1956861.82,958437.6,1457649.71,1454876.13,1613370.82,1766872.29,1166119.77,4.3
DC-2363,4.87,air-cooled,70.2,0.1235,214.09,1.571,12154296.37,12.04,0.586,2578726.29,1505480.88,2042103.58,1920433.7,2044275.2,2175517.89,1633682.86,2.7
DC-2364,40.05,hybrid,61.6,0.1452,190.37,1.256,13206113.03,8.57,3.432,15554728.32,7840198.08,11697463.2,11187930.95,12318955.09,13650893.92,9357970.56,3.9
DC-2365,9.94,liquid-cooled,82.9,0.128,197.97,1.094,16863548.03,4.55,0.452,2248309.22,1073789.28,1661049.25,851169.83,1276625.35,1728408.26,1328839.4,6.7
DC-2366,56.09,hybrid,76.9,0.117,196.37,1.262,12928541.21,8.09,4.538,18907387.31,10693524.72,14800456.02,15079158.06,16733887.9,18449468.57,11840364.82,4.3
DC-2367,10.71,air-cooled,71.2,0.101,182.49,1.607,10826440.75,12.33,1.321,5056371.94,2892831.48,3974601.71,3784029.46,4041400.95,4321705.33,3179681.37,3.0
DC-2368,4.2,air-cooled,62.4,0.15,177.4,1.554,11033521.08,12.62,0.53,2381740.27,1128264.0,1755002.14,1644983.46,1741008.44,1832632.67,1404001.71,2.7
DC-2369,6.73,air-cooled,76.6,0.1386,187.73,1.659,11659913.36,12.9,0.868,3997438.14,1955395.68,2976416.91,2627000.32,2782870.36,2957033.23,2381133.53,2.5
DC-2370,44.2,air-cooled,80.3,0.0951,186.53,1.609,10302260.54,12.02,5.313,19285183.27,11892406.68,15588794.98,15499557.21,16486293.02,17622000.58,12471035.98,3.2
DC-2371,14.52,hybrid,73.7,0.1208,175.47,1.243,13979631.12,9.34,1.356,5996146.89,2855247.84,4425697.36,3769972.12,4165750.21,4618395.48,3540557.89,3.7
DC-2372,10.61,air-cooled,91.2,0.1229,185.95,1.617,11914981.46,12.43,1.319,5788619.23,2943216.6,4365917.92,4002798.13,4251056.83,4493905.41,3492734.34,2.7
DC-2373,18.69,air-cooled,77.5,0.1131,173.41,1.578,11111824.77,12.34,2.306,9299423.18,4798601.52,7049012.35,6666620.31,7104865.99,7570036.24,5639209.88,3.0
DC-2374,24.57,hybrid,83.0,0.1354,181.43,1.215,13212116.26,9.73,2.391,10465746.99,5205589.56,7835668.28,6609694.91,7345654.62,8082680.73,6268534.62,3.5
DC-2375,40.2,hybrid,73.6,0.1366,178.97,1.328,13226860.52,8.7,3.497,15835844.12,7510297.08,11673070.6,10777682.39,11952961.61,13219275.06,9338456.48,3.9
DC-2376,52.39,air-cooled,80.1,0.1162,164.97,1.527,11436074.53,12.27,6.428,26327169.37,12725125.92,19526147.64,18565467.53,19718051.39,21008048.17,15620918.11,3.0
DC-2377,12.33,hybrid,62.4,0.1144,148.73,1.221,12971305.5,8.72,1.075,4414089.92,1918617.0,3166353.46,3005632.6,3373225.99,3687026.61,2533082.77,4.4
DC-2378,5.69,air-cooled,66.5,0.15,169.91,1.656,10931567.1,12.24,0.696,3205233.91,1419088.32,2312161.12,2198414.92,2340509.87,2468659.17,1849728.9,2.8
DC-2379,11.81,liquid-cooled,76.2,0.1387,211.06,1.069,18302360.59,2.72,0.321,1722498.54,813003.12,1267750.83,1061493.15,1636977.89,2154132.58,1014200.66,10.5
DC-2380,20.25,hybrid,76.1,0.1214,179.35,1.306,12868686.33,9.1,1.843,7830155.16,3966504.6,5898329.88,5310269.33,5927056.23,6530739.6,4718663.9,3.9
DC-2381,7.61,air-cooled,78.1,0.0874,195.64,1.574,11572361.96,12.09,0.92,3474589.91,2159865.6,2817227.76,2685620.2,2860449.99,3053330.23,2253782.21,3.0
DC-2382,7.65,hybrid,85.2,0.1269,152.13,1.245,13893652.62,8.69,0.665,2973530.97,1213997.4,2093764.18,1908495.77,2109618.93,2314501.47,1675011.34,4.1
DC-2383,21.65,liquid-cooled,54.9,0.134,168.88,1.09,17496084.06,4.97,1.076,5560234.6,2180578.56,3870406.58,1819781.05,2718366.54,3609035.1,3096325.26,6.3
DC-2384,15.82,air-cooled,60.3,0.0649,163.68,1.6,11433915.06,12.73,2.014,6949323.94,3955818.24,5452571.09,4968164.43,5281762.35,5620775.31,4362056.87,3.3
DC-2385,16.88,air-cooled,74.8,0.125,180.97,1.566,10686760.66,12.39,2.091,8551365.52,4540899.24,6546132.38,6285456.57,6690373.25,7089095.71,5236905.9,2.9
DC-2386,8.96,hybrid,63.3,0.1117,220.33,1.345,13264690.62,9.71,0.87,3709489.27,2300245.2,3004867.24,2494953.32,2767016.44,3044180.56,2403893.79,3.4
DC-2387,13.68,air-cooled,98.0,0.1156,190.9,1.645,10162445.54,12.1,1.655,6494452.28,3791274.0,5142863.14,5052580.77,5417881.65,5776637.71,4114290.51,3.0
DC-2388,7.85,air-cooled,78.2,0.1019,209.43,1.583,11671573.42,12.16,0.955,3826435.2,2400067.8,3113251.5,2937148.21,3126883.45,3333625.16,2490601.2,2.8
DC-2389,33.52,liquid-cooled,71.1,0.117,180.18,1.062,16946584.37,2.18,0.731,3548546.43,1580538.96,2564542.7,2726120.74,4210942.57,5699086.06,2051634.16,14.7
DC-2390,37.64,hybrid,65.8,0.1478,204.47,1.284,13448477.72,8.88,3.342,15543579.7,8200064.88,11871822.29,10827890.66,11983118.92,13110569.23,9497457.83,3.6
DC-2391,3.75,air-cooled,66.2,0.1111,215.1,1.554,10863712.01,12.31,0.462,1814073.94,1192514.4,1503294.17,1445188.5,1538035.6,1641667.79,1202635.34,2.8
DC-2392,7.82,air-cooled,72.4,0.1393,182.36,1.566,10073193.09,12.45,0.974,4041541.94,2131423.68,3086482.81,3020874.07,3189761.31,3394864.0,2469186.25,2.9
DC-2393,4.97,air-cooled,73.3,0.1039,175.91,1.602,10710656.15,12.87,0.64,2456466.26,1350988.8,1903727.53,1746606.4,1865479.69,1992861.54,1522982.02,2.9
DC-2394,9.78,air-cooled,66.5,0.1352,164.23,1.654,11052846.48,12.84,1.256,5545373.53,2475274.56,4010324.04,3613198.2,3825023.57,4076017.69,3208259.23,2.7
DC-2395,15.38,air-cooled,68.7,0.12,179.36,1.56,10953769.17,12.56,1.932,7871050.93,4158282.24,6014666.58,5637005.79,6006041.94,6409038.13,4811733.26,2.9
DC-2396,5.16,hybrid,88.1,0.127,185.23,1.215,13704067.07,9.36,0.483,2123780.0,1073593.08,1598686.54,1382305.56,1533874.43,1686141.3,1278949.23,3.6
DC-2397,7.87,air-cooled,88.6,0.1201,214.46,1.5,12085569.59,12.49,0.983,4191311.6,2529770.16,3360540.88,3099168.59,3276917.87,3472975.06,2688432.7,2.6
DC-2398,7.37,air-cooled,75.0,0.1328,164.58,1.583,10898741.67,12.82,0.945,4028998.82,1866337.2,2947668.01,2685557.04,2860613.16,3062506.87,2358134.41,2.8
DC-2399,19.41,air-cooled,55.9,0.0686,184.89,1.632,11017386.01,12.97,2.517,8630882.49,5584417.56,7107650.02,6458273.41,6832086.01,7273148.11,5686120.02,3.1
DC-2400,17.38,liquid-cooled,78.5,0.0916,156.79,1.115,17834337.59,4.05,0.704,3419947.5,1324561.92,2372254.71,1321034.14,1952629.26,2684506.46,1897803.77,8.2
DC-2401,9.23,air-cooled,90.7,0.1283,177.6,1.599,12149927.8,12.13,1.12,5036766.39,2386944.0,3711855.2,3458346.54,3649602.58,3885183.46,2969484.16,2.8
DC-2402,18.94,air-cooled,88.4,0.0791,188.67,1.589,11792009.15,12.96,2.455,9136257.95,5558218.2,7347238.07,6456148.16,6863245.69,7346204.67,5877790.46,2.9
DC-2403,10.62,air-cooled,80.8,0.1094,191.69,1.549,10105713.79,12.26,1.302,4856706.12,2994964.56,3925835.34,3911988.13,4165665.62,4421039.23,3140668.27,3.0
DC-2404,13.23,hybrid,89.1,0.1189,192.84,1.256,12758353.25,8.35,1.105,4578450.37,2557058.4,3567754.38,3578429.86,3941805.17,4326657.59,2854203.5,4.2
DC-2405,62.73,hybrid,72.6,0.1034,189.96,1.226,13057133.34,8.05,5.05,20260985.67,11511576.0,15886280.84,16334732.78,18146194.87,19921107.47,12709024.67,4.4
DC-2406,48.06,air-cooled,79.5,0.1062,192.71,1.629,10950530.06,12.88,6.19,24443872.81,14314498.8,19379185.8,17521592.32,18741934.26,19936217.69,15503348.64,2.8
DC-2407,5.81,air-cooled,63.8,0.1254,184.69,1.557,11002881.37,12.55,0.729,3029327.04,1615668.12,2322497.58,2178064.97,2315843.19,2452663.13,1857998.06,2.8
DC-2408,31.94,air-cooled,75.5,0.1402,168.28,1.552,10836959.61,12.77,4.079,17598050.71,8236969.44,12917510.08,11934986.85,12763356.68,13609984.02,10334008.06,2.8
DC-2409,31.47,air-cooled,88.0,0.1008,156.23,1.603,11474867.89,12.73,4.006,15885522.46,7510288.56,11697905.51,10470149.46,11205518.06,12019937.93,9358324.41,3.0
DC-2410,6.56,air-cooled,64.9,0.1085,175.8,1.524,11257945.24,12.9,0.846,3341925.58,1784721.6,2563323.59,2323708.35,2486754.37,2663099.11,2050658.87,2.9
DC-2411,31.66,air-cooled,61.7,0.1054,181.98,1.596,10521639.69,12.92,4.09,15589997.53,8931578.4,12260787.96,11225490.24,11982071.07,12841708.64,9808630.37,2.9
DC-2412,56.28,air-cooled,73.2,0.0716,202.81,1.593,10218091.38,12.83,7.221,23611529.53,17573892.12,20592710.83,19542841.29,20760343.33,21941149.21,16474168.66,3.1
DC-2413,6.7,air-cooled,69.3,0.1228,182.49,1.613,9662505.2,12.12,0.812,3152486.59,1778182.56,2465334.58,2508065.52,2655323.11,2822047.39,1972267.66,3.1
DC-2414,7.89,air-cooled,79.8,0.1387,181.05,1.621,11215715.85,12.44,0.982,4381601.27,2133493.2,3257547.24,3015963.84,3229268.7,3442757.6,2606037.79,2.7
DC-2415,37.12,hybrid,66.6,0.1403,189.78,1.252,13783635.14,8.2,3.044,14007797.28,6932283.84,10470040.56,10310892.46,11401506.65,12609441.06,8376032.45,4.0
DC-2416,20.43,air-cooled,92.6,0.1026,179.95,1.58,10775061.0,12.83,2.621,9997867.61,5659787.4,7828827.5,7168803.19,7659808.72,8238578.23,6263062.0,2.9
DC-2417,25.56,air-cooled,56.5,0.095,196.16,1.61,11417045.67,12.82,3.277,12704808.61,7713795.84,10209302.22,9152204.08,9716037.36,10370582.83,8167441.78,2.8
DC-2418,21.6,air-cooled,87.0,0.1204,213.69,1.646,11207700.17,12.77,2.758,11657080.9,7072284.24,9364682.57,8537501.58,9018240.76,9543021.97,7491746.06,2.6
DC-2419,22.48,liquid-cooled,62.8,0.1366,216.86,1.067,17257391.08,4.72,1.061,5423582.74,2761061.52,4092322.13,2046543.97,3086632.47,4088585.14,3273857.7,6.2
DC-2420,5.69,liquid-cooled,50.4,0.1231,185.46,1.118,17910623.45,3.27,0.186,964547.74,413946.72,689247.23,468067.11,721907.67,963466.01,551397.78,9.3
DC-2421,38.01,air-cooled,74.9,0.1258,189.05,1.526,11109346.71,12.49,4.747,19701986.4,10769044.2,15235515.3,14435028.42,15371806.51,16322246.86,12188412.24,2.8
DC-2422,41.92,air-cooled,68.9,0.1428,207.68,1.632,11047885.89,12.99,5.445,24483988.36,13569811.2,19026899.78,17085821.62,18103281.88,19111074.98,15221519.82,2.5
DC-2423,13.69,air-cooled,58.7,0.1052,181.75,1.593,10587233.38,12.3,1.684,6434144.46,3672804.0,5053474.23,4876269.73,5186371.86,5519373.24,4042779.38,3.0
DC-2424,15.88,air-cooled,51.8,0.1156,194.19,1.573,9896553.51,12.87,2.044,7751138.25,4763092.32,6257115.28,5967223.32,6336968.42,6737071.29,5005692.22,2.9
DC-2425,4.83,air-cooled,71.9,0.1527,166.97,1.648,11066671.89,12.89,0.623,2905491.9,1248267.72,2076879.81,1865723.66,1982205.04,2099517.74,1661503.85,2.6
DC-2426,24.81,hybrid,83.7,0.1161,179.34,1.299,13213251.74,9.86,2.446,10413619.79,5263987.68,7838803.74,6467929.08,7127496.05,7840305.26,6271042.99,3.6
DC-2427,25.99,air-cooled,79.0,0.0947,201.34,1.694,11428381.18,12.14,3.155,12446270.65,7622732.4,10034501.52,9405700.75,10013864.81,10650533.56,8027601.22,2.9
DC-2428,15.65,liquid-cooled,72.7,0.1066,173.23,1.082,19123004.08,3.53,0.552,2903489.85,1147475.52,2025482.68,1234426.09,1950860.59,2567686.39,1620386.14,8.7
DC-2429,40.43,air-cooled,77.7,0.1012,182.08,1.587,10853855.92,12.03,4.864,18574947.32,10627645.44,14601296.38,14312988.68,15273366.78,16239720.67,11681037.1,3.1
DC-2430,12.59,hybrid,71.7,0.1271,160.39,1.222,13300626.21,8.1,1.02,4402589.92,1963173.6,3182881.76,3209189.36,3576672.25,3963147.61,2546305.41,4.4
DC-2431,25.83,hybrid,54.8,0.1021,214.09,1.287,13032702.94,9.51,2.456,9940030.93,6309660.48,8124845.7,7001325.52,7795622.42,8628205.4,6499876.56,3.6
DC-2432,7.27,air-cooled,54.9,0.1254,202.95,1.542,11146348.48,12.71,0.924,3853874.18,2250309.6,3052091.89,2851619.71,3007298.98,3189110.69,2441673.51,2.7
DC-2433,16.14,air-cooled,69.6,0.1053,186.82,1.511,10701514.55,12.8,2.066,7792751.7,4631641.44,6212196.57,5780525.03,6204876.34,6629095.07,4969757.26,2.9
DC-2434,14.3,air-cooled,70.1,0.0775,191.61,1.629,10845798.87,12.99,1.858,6532924.26,4272136.56,5402530.41,4920204.5,5204240.84,5531015.27,4322024.33,3.0
DC-2435,19.69,air-cooled,82.2,0.1261,189.94,1.644,10127965.86,12.51,2.463,10016234.47,5613866.64,7815050.56,7493340.85,7937147.59,8402612.29,6252040.45,2.8
DC-2436,12.24,air-cooled,81.1,0.123,204.76,1.604,11249554.77,12.83,1.57,6638241.0,3857678.4,5247959.7,4762252.62,5050050.7,5372774.04,4198367.76,2.6
DC-2437,14.8,hybrid,79.3,0.1304,176.22,1.144,14237354.66,8.71,1.289,5762670.9,2725770.96,4244220.93,3946788.5,4341352.62,4755895.94,3395376.74,3.9
DC-2438,31.84,air-cooled,68.6,0.1065,194.98,1.631,10588156.02,12.42,3.955,15323840.11,9253750.8,12288795.46,11696552.94,12494794.46,13185121.66,9831036.37,2.9
DC-2439,11.6,liquid-cooled,55.4,0.1044,200.16,1.073,17442942.15,3.92,0.455,2210169.36,1092873.6,1651521.48,967770.37,1454700.14,1963839.03,1321217.18,7.9
DC-2440,4.55,air-cooled,76.9,0.128,202.23,1.567,10589010.84,12.94,0.589,2420883.82,1429361.64,1925122.73,1774251.58,1886999.9,1999063.69,1540098.18,2.7
DC-2441,66.66,liquid-cooled,78.3,0.1504,150.11,1.079,18626319.09,3.33,2.22,12344906.82,3998930.4,8171918.61,5421361.55,8168140.91,11127956.72,6537534.89,9.2
DC-2442,49.66,air-cooled,43.3,0.1202,175.01,1.513,10526810.23,13.86,6.883,27066761.08,14455125.96,20760943.52,20038506.5,21317210.2,22738041.0,16608754.82,2.7
DC-2443,5.85,hybrid,62.0,0.1285,168.71,1.27,13961122.71,8.28,0.484,2193517.0,979867.68,1586692.34,1523559.36,1681850.45,1859492.78,1269353.87,4.1
DC-2444,28.55,air-cooled,63.7,0.1136,186.24,1.575,11129243.53,12.32,3.517,14210454.08,7860072.96,11035263.52,10401182.53,11121980.69,11832636.59,8828210.82,2.9
DC-2445,11.0,air-cooled,73.4,0.0891,153.76,1.553,11300997.01,12.87,1.416,5272439.21,2612689.92,3942564.56,3546430.86,3793855.86,4060595.59,3154051.65,3.1
DC-2446,20.3,liquid-cooled,62.4,0.1393,153.32,1.065,16932271.73,2.71,0.55,2784271.86,1011912.0,1898091.93,1632639.6,2461793.53,3414694.02,1518473.54,12.0
DC-2447,20.81,air-cooled,71.5,0.1382,216.55,1.534,10998796.46,12.72,2.647,11385505.31,6878494.2,9131999.76,8513073.39,9079021.23,9621136.72,7305599.81,2.6
DC-2448,13.63,hybrid,69.5,0.1342,193.27,1.23,13935303.19,8.94,1.219,5537566.18,2827153.56,4182359.87,3779499.41,4153453.69,4573999.99,3345887.9,3.7
DC-2449,8.78,hybrid,70.1,0.1164,185.82,1.248,12501563.79,9.14,0.802,3248634.1,1788331.68,2518482.89,2322105.0,2552910.75,2806140.69,2014786.31,3.9
DC-2450,9.46,air-cooled,63.4,0.1319,189.46,1.578,10518010.24,12.99,1.229,5113409.65,2794156.08,3953782.86,3647727.32,3883448.96,4108504.43,3163026.29,2.7
DC-2451,7.9,air-cooled,64.3,0.1379,186.2,1.498,10176068.56,12.34,0.975,3969165.1,2178540.0,3073852.55,3042474.99,3257226.96,3470070.9,2459082.04,2.9
DC-2452,8.45,hybrid,59.0,0.1524,198.96,1.245,13871429.7,8.15,0.689,3269060.28,1645001.28,2457030.78,2450107.07,2665716.62,2917446.86,1965624.62,3.9
DC-2453,15.58,air-cooled,76.6,0.1398,174.51,1.574,10074570.89,12.42,1.935,8061963.65,4052122.2,6057042.93,5909678.36,6296174.38,6664267.56,4845634.34,2.9
DC-2454,9.28,hybrid,78.9,0.1213,186.8,1.236,14029188.35,8.16,0.757,3354233.83,1696891.2,2525562.52,2453117.72,2727446.48,3009806.92,2020450.02,4.1
DC-2455,28.38,liquid-cooled,62.8,0.0938,187.41,1.091,18896179.54,3.57,1.013,5161855.58,2278155.96,3720005.77,2377857.09,3517964.7,4716082.91,2976004.62,8.6
DC-2456,54.04,air-cooled,90.2,0.1231,168.3,1.645,10691547.41,12.01,6.49,26932169.84,13107204.0,20019686.92,19628849.87,20807049.48,22159616.56,16015749.54,3.0
DC-2457,10.34,air-cooled,68.2,0.1251,203.15,1.634,11307294.92,12.43,1.285,5529860.76,3132573.0,4331216.88,4027149.72,4270191.48,4537088.96,3464973.5,2.7
DC-2458,19.92,hybrid,90.4,0.1342,177.31,1.228,13671134.28,9.27,1.847,8277620.14,3929898.84,6103759.49,5341447.11,5920717.87,6513512.16,4883007.59,3.7
DC-2459,24.53,air-cooled,64.3,0.1471,199.26,1.489,10022359.26,12.39,3.039,12599421.68,7266613.68,9933017.68,9869542.71,10559046.49,11160883.98,7946414.14,2.8
DC-2460,23.99,air-cooled,47.7,0.1181,185.72,1.605,10721646.64,12.64,3.032,12258529.19,6757236.48,9507882.84,9152890.35,9805415.57,10374703.24,7606306.27,2.8
DC-2461,17.47,air-cooled,76.8,0.162,208.5,1.618,9887922.83,12.31,2.151,9665416.0,5381802.0,7523609.0,7416754.18,7830213.93,8357177.68,6018887.2,2.6
DC-2462,29.79,air-cooled,75.0,0.0848,168.38,1.577,10611903.19,12.36,3.682,12996252.32,7439701.92,10217977.12,9822383.16,10485124.02,11161353.71,8174381.7,3.3
DC-2463,24.19,air-cooled,72.4,0.1284,167.73,1.465,11401668.36,12.91,3.123,13058863.97,6285849.48,9672356.73,8868618.46,9446587.18,10080954.63,7737885.38,2.8
DC-2464,6.11,air-cooled,64.3,0.104,170.41,1.58,10180598.45,12.37,0.756,2798559.6,1545959.52,2172259.56,2105444.72,2256106.87,2415638.33,1737807.65,3.2
DC-2465,32.96,hybrid,71.6,0.0819,186.0,1.245,13265183.35,9.37,3.088,11861120.1,6892416.0,9376768.05,8230646.28,9143888.04,10044852.09,7501414.44,4.0
DC-2466,33.44,air-cooled,65.9,0.116,207.12,1.527,11372411.63,12.77,4.27,17416812.92,10612828.8,14014820.86,12768782.85,13598542.9,14473316.37,11211856.69,2.7
DC-2467,8.93,air-cooled,68.4,0.0909,207.9,1.528,10141433.58,12.31,1.099,3813940.87,2741785.2,3277863.04,3253187.65,3467495.3,3700388.07,2622290.43,3.1
DC-2468,16.95,liquid-cooled,82.1,0.1168,149.35,1.106,18208743.34,3.73,0.632,3272503.09,1132670.4,2202586.74,1289046.26,1967560.66,2674955.16,1762069.39,8.7
DC-2469,28.41,hybrid,74.2,0.1207,187.75,1.283,13413428.13,9.58,2.722,11806181.67,6132666.0,8969423.84,7570875.85,8394758.01,9185029.36,7175539.07,3.6
DC-2470,13.91,hybrid,79.3,0.1424,135.81,1.235,14838969.26,8.06,1.121,5423529.57,1826916.12,3625222.84,3507788.88,3905311.56,4284812.18,2900178.27,4.3
DC-2471,38.8,air-cooled,69.2,0.0898,195.93,1.576,10634274.31,12.19,4.73,17041855.66,11120986.8,14081421.23,13674944.2,14672744.54,15574179.91,11265136.98,3.1
DC-2472,108.97,hybrid,67.9,0.1382,200.77,1.265,12987707.41,8.22,8.957,39568503.04,21579562.68,30574032.86,30730724.1,33753349.52,37136080.87,24459226.29,4.0
DC-2473,8.77,air-cooled,58.2,0.122,183.4,1.66,11271695.98,12.76,1.119,4788085.21,2462695.2,3625390.2,3246579.81,3461922.67,3686934.95,2900312.16,2.7
DC-2474,5.45,air-cooled,67.6,0.1406,185.26,1.626,11058476.74,12.49,0.681,3037336.22,1513944.72,2275640.47,2119928.55,2244705.19,2396760.84,1820512.38,2.7
DC-2475,20.97,air-cooled,32.1,0.1114,185.1,1.618,11029093.4,15.95,3.345,13479873.66,7429914.0,10454893.83,9856899.26,10470796.49,11105092.8,8363915.06,2.3
DC-2476,29.29,air-cooled,64.9,0.0934,172.23,1.597,10812102.63,12.37,3.623,13438900.13,7487871.48,10463385.8,9982260.41,10557704.03,11332447.64,8370708.64,3.1
DC-2477,13.67,hybrid,71.0,0.0957,190.48,1.272,13881208.38,8.54,1.167,4844300.18,2667481.92,3755891.05,3526149.5,3864923.32,4254613.06,3004712.84,4.1
DC-2478,52.59,air-cooled,78.8,0.0942,180.53,1.551,10867448.36,12.75,6.705,24774045.13,14525443.8,19649744.46,18172690.44,19458243.82,20650274.61,15719795.57,3.0
DC-2479,5.64,hybrid,68.8,0.1296,197.95,1.242,14978546.73,8.36,0.472,2236620.89,1121188.8,1678904.85,1549501.69,1721506.29,1890850.99,1343123.88,3.8
DC-2480,28.63,hybrid,76.2,0.1495,182.3,1.298,13472733.46,8.89,2.545,11945791.06,5567442.0,8756616.53,7895340.64,8792556.96,9665295.81,7005293.22,3.7
DC-2481,10.13,hybrid,45.8,0.1087,171.08,1.254,13356759.71,9.55,0.967,4024888.66,1985212.32,3005050.49,2809415.06,3108194.48,3382758.94,2404040.39,3.8
DC-2482,65.07,air-cooled,71.3,0.1326,160.96,1.575,10636176.33,12.92,8.407,35251197.84,16238288.64,25744743.24,23609812.32,25183566.22,26900214.76,20595794.59,2.8
DC-2483,80.96,hybrid,51.8,0.0895,156.04,1.208,13278451.65,9.29,7.521,29315829.08,14082922.08,21699375.58,19224884.12,21217166.21,23340088.01,17359500.46,4.2
DC-2484,8.91,air-cooled,57.5,0.1236,203.69,1.535,10779781.81,12.57,1.12,4544407.65,2737593.6,3641000.62,3462033.18,3669283.23,3907973.2,2912800.5,2.8
DC-2485,10.59,air-cooled,69.8,0.1334,177.13,1.601,11554409.31,12.02,1.273,5650273.51,2705837.88,4178055.7,3983558.28,4236402.95,4475915.19,3342444.56,2.9
DC-2486,32.71,liquid-cooled,87.3,0.091,189.08,1.087,16833926.16,4.18,1.367,6298295.84,3101668.32,4699982.08,2640688.11,4146458.92,5402315.01,3759985.66,7.8
DC-2487,12.06,air-cooled,76.5,0.1159,210.75,1.52,10866360.93,12.7,1.532,6063623.14,3874428.0,4969025.57,4678809.73,4958666.73,5246220.34,3975220.46,2.7
DC-2488,15.86,air-cooled,72.2,0.1343,175.56,1.58,11192140.15,12.29,1.949,8470279.35,4105997.28,6288138.32,5974661.35,6348459.08,6755643.16,5030510.66,2.8
DC-2489,16.78,liquid-cooled,71.8,0.0613,174.59,1.074,17083176.67,4.92,0.826,3612086.93,1730536.08,2671311.5,1267055.91,1919333.89,2574912.2,2137049.2,7.1
DC-2490,3.54,air-cooled,63.4,0.1467,182.02,1.568,11014667.21,12.39,0.439,1959137.63,958881.36,1459009.5,1381650.52,1469257.48,1556451.3,1167207.6,2.7
DC-2491,16.26,hybrid,65.5,0.1271,184.44,1.276,13104762.38,8.35,1.358,5884027.57,3005634.24,4444830.9,4364434.59,4844347.8,5321940.0,3555864.72,4.1
DC-2492,9.47,air-cooled,77.1,0.1343,212.31,1.526,11872884.64,12.6,1.193,5289414.81,3039429.96,4164422.38,3832828.21,4056600.02,4296387.13,3331537.9,2.6
DC-2493,11.08,air-cooled,55.4,0.1117,207.49,1.588,10819874.7,12.59,1.395,5521775.35,3473382.6,4497578.97,4219889.18,4485016.08,4743845.61,3598063.18,2.8
DC-2494,52.19,air-cooled,79.1,0.0855,193.31,1.606,11202676.23,12.61,6.581,24299325.65,15266077.32,19782701.48,18285648.34,19508631.55,20697997.09,15826161.18,3.0
DC-2495,6.02,air-cooled,67.3,0.1307,205.74,1.553,11275578.82,12.1,0.728,3118579.88,1797344.64,2457962.26,2373623.28,2534203.55,2683562.05,1966369.81,2.8
DC-2496,31.52,air-cooled,81.9,0.1183,181.33,1.533,11452272.91,12.6,3.972,16418697.73,8642913.12,12530805.42,11567894.54,12305928.59,13099504.47,10024644.34,2.8
DC-2497,13.16,hybrid,83.5,0.1206,188.49,1.242,13920478.42,9.16,1.205,5308697.39,2725565.4,4017131.39,3510598.63,3885893.78,4258835.51,3213705.11,3.7
DC-2498,13.15,air-cooled,51.9,0.1418,179.48,1.529,12253565.21,12.02,1.581,7307839.48,3405094.56,5356467.02,5086356.23,5379621.34,5735139.95,4285173.62,2.8
DC-2499,30.95,liquid-cooled,65.0,0.1352,164.64,1.075,17070900.36,2.17,0.672,3404830.34,1327656.96,2366243.65,2519740.43,3835491.33,5215160.84,1892994.92,14.7
DC-2500,21.59,air-cooled,61.7,0.1584,202.06,1.537,11644688.99,12.21,2.636,12443041.02,6391561.92,9417301.47,8989277.44,9528061.93,10104260.02,7533841.18,2.6
DC-2501,25.96,air-cooled,50.2,0.1231,191.98,1.54,11302597.4,12.89,3.346,13960705.02,7708380.96,10834542.99,9863276.94,10428191.94,11115671.6,8667634.39,2.7
DC-2502,35.68,hybrid,59.6,0.1062,184.27,1.276,13885985.82,8.4,2.997,12805739.66,6627086.28,9716412.97,9283291.21,10181958.56,11287663.18,7773130.38,4.1
DC-2503,12.62,liquid-cooled,98.0,0.1162,183.96,1.128,16506410.6,3.01,0.38,1830192.47,838857.6,1334525.03,1042123.35,1553915.06,2091019.75,1067620.02,10.6
DC-2504,10.08,air-cooled,79.3,0.1283,161.41,1.626,10576208.35,12.99,1.309,5468665.5,2535428.28,4002046.89,3642576.79,3862579.34,4120163.69,3201637.51,2.8
DC-2505,6.9,hybrid,95.0,0.1403,169.34,1.247,12765835.55,8.47,0.584,2551758.95,1186734.72,1869246.84,1833300.55,2036649.24,2246424.47,1495397.47,4.2
DC-2506,8.5,liquid-cooled,81.9,0.0907,189.04,1.078,17836429.89,2.52,0.214,1031513.51,485454.72,758484.12,686680.88,1030753.62,1392276.99,606787.3,12.6
DC-2507,174.04,air-cooled,63.1,0.1202,176.06,1.545,10095336.57,12.26,21.337,82578862.08,45079106.64,63828984.36,63933839.13,67785090.84,71881005.29,51063187.49,3.1
DC-2508,44.51,liquid-cooled,67.4,0.1522,180.73,1.088,17768613.18,3.98,1.771,9561948.92,3840873.96,6701411.44,3918681.55,5794602.04,7711633.44,5361129.15,7.5
DC-2509,5.58,air-cooled,79.1,0.1152,182.43,1.639,11338783.44,12.76,0.712,2971695.6,1558681.92,2265188.76,2026310.84,2171441.3,2315284.24,1812151.01,2.8
DC-2510,5.71,hybrid,77.3,0.1386,173.76,1.257,14096063.15,8.85,0.505,2352606.85,1052985.6,1702796.22,1531190.46,1698988.37,1877905.51,1362236.98,3.8
DC-2511,24.18,liquid-cooled,65.1,0.1299,169.48,1.082,17152180.63,2.28,0.551,2778599.03,1120601.76,1949600.4,1979395.7,2913073.1,3993535.47,1559680.32,14.0
DC-2512,25.48,hybrid,53.9,0.1391,159.81,1.206,13212079.96,8.7,2.217,9767100.06,4251585.24,7009342.65,6595902.41,7381005.12,8081117.37,5607474.12,4.1
DC-2513,25.51,air-cooled,98.0,0.1038,181.8,1.64,10946404.26,12.64,3.224,12650223.52,7033478.4,9841850.96,8976072.83,9659517.46,10270207.68,7873480.77,2.9
DC-2514,13.41,air-cooled,70.3,0.1039,193.28,1.557,10295894.83,12.54,1.682,6231981.53,3901163.52,5066572.53,4894286.38,5191769.38,5523715.14,4053258.02,3.0
DC-2515,14.87,liquid-cooled,68.1,0.1204,159.35,1.074,17130153.01,2.05,0.305,1506533.09,583221.0,1044877.04,1182528.63,1784360.2,2400391.56,835901.63,16.0
DC-2516,21.38,air-cooled,73.4,0.0894,183.64,1.572,10836970.59,12.67,2.709,9858912.61,5969769.12,7914340.86,7347420.15,7858360.18,8406656.34,6331472.69,3.0
DC-2517,17.61,air-cooled,69.1,0.1146,188.22,1.644,11024611.06,12.53,2.207,9049403.13,4984818.48,7017110.81,6504379.53,6919902.19,7383189.82,5613688.65,2.8
DC-2518,2.79,hybrid,73.5,0.1251,169.16,1.287,12755153.01,8.74,0.244,1035748.49,495300.48,765524.48,731325.86,802386.73,885636.6,612419.58,4.1
DC-2519,13.68,air-cooled,87.4,0.1557,205.33,1.601,10649602.18,12.57,1.72,7826401.44,4238011.2,6032206.32,5706332.47,6042262.7,6390616.93,4825765.06,2.6
DC-2520,8.32,air-cooled,70.5,0.1281,178.21,1.635,11260724.74,12.56,1.045,4532278.21,2234753.4,3383515.8,3107556.62,3306819.3,3525596.57,2706812.64,2.8
DC-2521,18.92,air-cooled,58.0,0.1325,182.48,1.488,10409292.77,12.24,2.316,9357329.64,5071484.16,7214406.9,7217833.8,7651836.58,8122030.63,5771525.52,3.0
DC-2522,179.15,air-cooled,70.1,0.1433,181.58,1.501,11076116.63,12.44,22.286,96845519.21,48560302.56,72702910.88,69577176.48,73746138.12,77854561.41,58162328.7,2.8
DC-2523,22.06,hybrid,66.4,0.1007,157.44,1.271,13000167.98,8.04,1.774,7113945.76,3351582.72,5232764.24,5381620.76,5955136.29,6556964.33,4186211.39,4.7
DC-2524,12.8,hybrid,89.1,0.1167,199.13,1.258,13331590.12,9.67,1.238,5259790.22,2958275.28,4109032.75,3437595.39,3844046.37,4226718.52,3287226.2,3.5
DC-2525,34.38,air-cooled,86.1,0.1685,169.67,1.618,11218998.42,12.27,4.218,20589643.29,8588016.72,14588830.0,13835585.44,14676405.38,15564614.66,11671064.0,2.7
DC-2526,24.2,hybrid,73.3,0.1184,180.45,1.301,12992155.22,8.48,2.052,8693343.12,4443400.8,6568371.96,6317781.52,6999856.36,7801375.72,5254697.57,4.1
DC-2527,23.01,liquid-cooled,56.7,0.1423,192.96,1.039,18746151.32,2.59,0.596,3254740.97,1380049.92,2317395.45,1951041.71,2983790.74,4025024.05,1853916.36,11.2
DC-2528,26.72,hybrid,57.3,0.1393,205.91,1.293,13040595.71,8.5,2.271,10164352.59,5611459.32,7887905.96,7606177.18,8475364.84,9260472.84,6310324.77,3.8
DC-2529,85.22,air-cooled,72.2,0.0904,167.8,1.6,11657525.46,12.43,10.593,40863637.45,21330064.8,31096851.12,28492620.87,30399450.27,32397593.81,24877480.9,3.1
DC-2530,6.65,hybrid,76.0,0.1262,177.3,1.302,12913105.09,9.51,0.632,2723259.9,1344643.2,2033951.55,1764780.43,1963892.12,2149979.48,1627161.24,3.7
DC-2531,24.02,air-cooled,67.5,0.1229,204.74,1.581,10769231.51,12.08,2.902,11884483.64,7129865.76,9507174.7,9324480.9,9882540.01,10469779.22,7605739.76,2.8
DC-2532,7.84,hybrid,66.2,0.1266,190.96,1.221,13212453.65,8.88,0.696,2985985.71,1594897.92,2290441.82,2126986.46,2352721.48,2573730.47,1832353.46,3.9
DC-2533,25.65,hybrid,64.9,0.1049,194.07,1.232,12637783.33,8.03,2.06,8117451.97,4797410.4,6457431.18,6728277.17,7432742.51,8191648.71,5165944.94,4.5
DC-2534,7.89,air-cooled,71.7,0.0977,168.23,1.55,11022155.15,12.08,0.953,3598469.31,1923878.28,2761173.8,2662541.44,2857744.22,3064985.71,2208939.04,3.2
DC-2535,11.78,liquid-cooled,43.4,0.1105,178.31,1.062,17487772.6,5.48,0.646,3174551.53,1382259.12,2278405.33,1525056.64,1983528.78,2518809.55,1822724.26,5.8
DC-2536,12.99,air-cooled,58.8,0.118,181.48,1.647,11496835.96,12.59,1.635,6960723.75,3560637.6,5260680.68,4753202.85,5088822.42,5411810.48,4208544.54,2.8
DC-2537,35.9,hybrid,64.5,0.1437,171.13,1.267,12212157.64,8.51,3.055,13163162.86,6273625.8,9718394.33,9736945.36,10712672.95,11779718.13,7774715.46,4.2
DC-2538,34.29,air-cooled,86.5,0.1563,158.88,1.568,11407145.87,12.09,4.146,19410776.34,7904597.76,13657687.05,13091573.06,13962927.42,14804367.33,10926149.64,2.8
DC-2539,6.07,liquid-cooled,62.2,0.1479,176.34,1.116,16525480.79,4.11,0.249,1274437.56,526903.92,900670.74,519902.2,781301.59,1052168.34,720536.59,7.6
DC-2540,17.18,air-cooled,74.2,0.1372,204.31,1.568,11152305.99,12.84,2.206,9624393.09,5408494.32,7516443.7,6878246.53,7280439.43,7718882.42,6013154.96,2.6
DC-2541,9.32,air-cooled,74.7,0.0999,184.89,1.605,11213380.63,12.75,1.188,4628966.42,2635791.84,3632379.13,3319919.53,3523719.01,3748675.8,2905903.3,2.9
DC-2542,6.01,air-cooled,87.6,0.1118,204.61,1.574,11621974.25,12.65,0.76,3134381.49,1866043.2,2500212.35,2256907.34,2410672.95,2557335.42,2000169.88,2.7
DC-2543,13.82,air-cooled,87.2,0.1242,186.69,1.595,10732044.15,12.3,1.7,7004418.1,3808476.0,5406447.05,5231928.22,5544110.45,5871326.01,4325157.64,2.9
DC-2544,12.85,air-cooled,71.3,0.1074,172.53,1.484,11374435.95,12.51,1.608,6309527.08,3329138.88,4819332.98,4518400.14,4805499.05,5120645.34,3855466.38,3.0
DC-2545,114.59,hybrid,66.3,0.1315,203.16,1.257,13825015.96,8.21,9.408,42526176.59,22935951.36,32731063.98,32132735.83,35140447.54,38954359.31,26184851.18,3.9
DC-2546,23.25,air-cooled,64.0,0.1344,187.18,1.603,11530378.31,12.43,2.89,12859311.41,6491402.4,9675356.91,8930175.1,9504146.12,10105112.33,7740285.53,2.7
DC-2547,5.46,air-cooled,69.1,0.1307,198.43,1.64,11030629.38,12.97,0.708,3064889.13,1685861.28,2375375.2,2131966.94,2265645.94,2399952.92,1900300.16,2.6
DC-2548,10.47,air-cooled,66.8,0.1405,167.98,1.577,10211432.3,12.88,1.349,5679488.63,2719260.24,4199374.44,3937342.93,4189499.68,4462836.91,3359499.55,2.8
DC-2549,37.23,hybrid,78.6,0.1019,199.58,1.283,12526379.52,8.19,3.049,11979222.64,7302233.04,9640727.84,9847299.12,10909769.03,11947583.54,7712582.27,4.3
DC-2550,87.42,hybrid,77.0,0.1387,200.03,1.225,13533330.06,8.17,7.142,32108977.74,17143371.12,24626174.43,24690648.36,27273700.06,29990104.36,19700939.54,4.0
DC-2551,4.62,hybrid,79.1,0.1061,188.35,1.25,13991737.45,8.11,0.375,1601651.25,847575.0,1224613.12,1218445.6,1325223.61,1457399.21,979690.5,4.2
DC-2552,3.65,hybrid,87.1,0.1012,171.9,1.257,12220673.31,9.25,0.338,1294557.16,697226.4,995891.78,920980.19,1010001.43,1114303.75,796713.42,4.1
DC-2553,73.46,air-cooled,94.4,0.1306,183.31,1.55,10635154.26,12.65,9.293,38441929.46,20441997.96,29441963.71,27902258.76,29721643.26,31512192.24,23553570.97,2.8
DC-2554,22.46,air-cooled,73.5,0.1443,193.17,1.532,11481329.61,12.63,2.837,12732338.99,6576279.48,9654309.24,8985948.92,9476800.44,10120731.64,7723447.39,2.6
DC-2555,8.21,air-cooled,85.2,0.1298,187.52,1.589,11117489.47,12.49,1.025,4384255.55,2306496.0,3345375.78,3125036.37,3331723.1,3518772.09,2676300.62,2.8
DC-2556,25.22,hybrid,67.8,0.1204,193.02,1.254,14567112.64,9.0,2.27,10350598.36,5257864.8,7804231.58,6785960.38,7589717.51,8231193.17,6243385.26,3.6
DC-2557,2.0,liquid-cooled,86.2,0.1262,199.18,1.069,17075185.39,4.87,0.097,482698.96,231845.52,357272.24,176127.34,265957.0,348590.16,285817.79,6.3
DC-2558,16.49,air-cooled,84.7,0.1227,174.27,1.569,10761230.87,13.0,2.144,8742862.0,4483618.56,6613240.28,6049178.37,6452015.1,6854088.86,5290592.22,2.8
DC-2559,21.38,air-cooled,84.1,0.0975,166.67,1.511,11176689.7,12.93,2.764,10432037.84,5528110.56,7980074.2,7269381.43,7710588.54,8228998.35,6384059.36,3.0
DC-2560,34.45,air-cooled,73.1,0.0951,183.44,1.585,11038895.91,12.55,4.323,16312898.6,9516133.44,12914516.02,11942270.78,12840016.2,13639986.54,10331612.82,3.0
DC-2561,7.31,air-cooled,64.0,0.1184,179.05,1.525,10565327.32,12.51,0.914,3591614.29,1963820.4,2777717.34,2658133.13,2855155.29,3035317.14,2222173.87,3.0
DC-2562,17.61,hybrid,55.3,0.1216,195.79,1.203,13176250.29,8.09,1.425,5998552.42,3348009.0,4673280.71,4739331.05,5307168.99,5852179.03,3738624.57,4.2
DC-2563,7.84,air-cooled,71.5,0.1202,167.88,1.589,11192466.21,12.02,0.942,3919054.83,1897715.52,2908385.18,2800433.39,2986494.7,3208497.35,2326708.14,3.0
DC-2564,20.17,liquid-cooled,90.4,0.1335,199.31,1.125,16170681.01,4.16,0.839,4118757.69,2006653.08,3062705.38,1739620.51,2628624.09,3572085.83,2450164.3,7.4
DC-2565,8.03,air-cooled,68.3,0.1157,204.3,1.582,11937117.01,12.82,1.029,4379527.2,2522696.4,3451111.8,3062891.6,3270346.99,3462674.1,2760889.44,2.6
DC-2566,11.86,liquid-cooled,81.4,0.1313,184.0,1.044,17509243.7,3.92,0.465,2367658.78,1026720.0,1697189.39,1010507.61,1517100.37,2024647.95,1357751.51,7.9
DC-2567,7.41,hybrid,82.1,0.1171,184.91,1.229,13469872.16,9.85,0.73,3105425.99,1619811.6,2362618.8,1963228.17,2176658.72,2391597.15,1890095.04,3.5
DC-2568,27.69,hybrid,68.6,0.1565,172.49,1.194,13011003.51,8.62,2.387,10808900.46,4940803.56,7874852.01,7579471.42,8445669.59,9289087.09,6299881.61,4.0
DC-2569,32.68,hybrid,87.8,0.1216,175.86,1.275,13160198.98,9.04,2.954,12650915.79,6233885.28,9442400.54,8482867.05,9500638.31,10442828.76,7553920.43,3.9
DC-2570,13.63,hybrid,37.1,0.1668,177.87,1.217,12556394.1,11.62,1.584,7236585.19,3380952.96,5308769.08,5070818.25,5465320.75,5936700.79,4247015.26,2.9
DC-2571,16.96,hybrid,57.3,0.127,205.64,1.229,14297637.31,8.65,1.467,6666839.91,3620086.56,5143463.24,4744371.31,5253226.73,5789303.77,4114770.59,3.7
DC-2572,5.16,hybrid,61.0,0.1157,182.92,1.197,14208862.25,8.39,0.433,1892522.95,950452.32,1421487.64,1352692.31,1490966.4,1644956.6,1137190.11,4.1
DC-2573,12.94,hybrid,62.2,0.102,164.17,1.23,13549502.6,8.28,1.071,4401842.32,2109912.84,3255877.58,3176929.1,3533746.65,3912287.3,2604702.06,4.5
DC-2574,15.8,liquid-cooled,76.0,0.0911,187.83,1.119,18712117.01,2.38,0.376,1899270.19,847488.96,1373379.58,1274146.83,1974966.08,2611236.77,1098703.66,12.9
DC-2575,133.84,hybrid,75.5,0.1002,196.39,1.252,13518682.96,9.46,12.661,51949314.57,29837925.48,40893620.02,34932193.35,38558054.8,42762577.97,32714896.02,3.7
DC-2576,6.76,hybrid,76.7,0.1024,183.62,1.229,14264009.56,8.98,0.607,2593239.0,1337488.08,1965363.54,1739311.06,1921304.22,2132186.5,1572290.83,3.9
DC-2577,53.06,liquid-cooled,79.2,0.1279,206.04,1.078,17014280.28,3.9,2.069,10321716.89,5115561.12,7718639.01,4664984.93,7102400.07,9485815.42,6174911.21,7.7
DC-2578,36.51,air-cooled,60.6,0.1095,195.66,1.568,10838329.22,12.63,4.611,18040881.32,10826259.12,14433570.22,13478429.32,14418126.05,15361450.51,11546856.18,2.8
DC-2579,20.58,air-cooled,57.4,0.1237,168.26,1.631,12233379.36,12.32,2.535,11371756.3,5118469.2,8245112.75,7421829.68,7936559.81,8449162.44,6596090.2,2.8
DC-2580,67.15,air-cooled,76.8,0.1456,175.73,1.645,11091675.17,12.65,8.494,38757627.85,17911807.44,28334717.65,25962519.68,27547739.77,29143619.7,22667774.12,2.7
DC-2581,22.15,air-cooled,64.4,0.1182,187.39,1.567,10043075.43,12.05,2.669,10287170.7,6001726.92,8144448.81,8241884.75,8764265.84,9309916.33,6515559.05,3.1
DC-2582,22.45,hybrid,53.2,0.1616,159.01,1.243,14068473.73,8.76,1.967,9610640.41,3753272.04,6681956.22,6035068.8,6707899.67,7419830.31,5345564.98,3.8
DC-2583,15.76,air-cooled,83.7,0.0965,189.05,1.624,10680540.31,12.23,1.927,7219092.28,4371592.2,5795342.24,5558905.02,5929768.82,6307917.21,4636273.79,3.1
DC-2584,43.77,hybrid,88.7,0.117,157.58,1.274,13562242.0,8.64,3.782,16336650.18,7151610.72,11744130.45,10933142.31,12068339.86,13435687.01,9395304.36,4.2
DC-2585,39.53,air-cooled,90.7,0.1092,199.35,1.588,11465476.32,12.95,5.119,20818725.87,12245671.8,16532198.84,14721360.21,15774441.52,16675536.54,13225759.07,2.7
DC-2586,9.97,air-cooled,74.2,0.1387,197.61,1.63,10957087.29,12.88,1.284,5669345.16,3044774.88,4357060.02,3953032.16,4191476.65,4480544.55,3485648.02,2.6
DC-2587,5.72,hybrid,79.5,0.0752,191.57,1.304,12549905.57,9.56,0.547,1995390.64,1257465.48,1626428.06,1430244.61,1573188.07,1727166.27,1301142.45,4.0
DC-2588,13.98,hybrid,88.4,0.0911,173.86,1.292,13444602.88,8.05,1.125,4521096.05,2347110.0,3434103.02,3419595.22,3810168.7,4162509.13,2747282.42,4.6
DC-2589,8.67,air-cooled,64.3,0.1179,186.55,1.63,11378199.95,12.86,1.115,4696334.73,2496039.0,3596186.86,3223051.89,3420893.81,3618629.74,2876949.49,2.7
DC-2590,15.63,hybrid,85.3,0.151,176.3,1.233,13353436.96,8.43,1.318,6060682.65,2788360.8,4424521.72,4314184.96,4778837.93,5259559.78,3539617.38,4.0
DC-2591,44.25,hybrid,75.3,0.1245,168.54,1.269,14033232.25,9.53,4.217,18987012.29,8528798.16,13757905.22,11493622.45,12686078.15,13966217.64,11006324.18,3.6
DC-2592,11.41,air-cooled,83.0,0.093,178.92,1.604,11486337.38,12.53,1.43,5518750.58,3070267.2,4294508.89,3944414.12,4207834.46,4492918.75,3435607.11,3.0
DC-2593,15.89,air-cooled,74.2,0.0961,194.47,1.625,10895215.24,12.75,2.026,7676802.59,4727954.64,6202378.62,5656518.14,6050679.5,6438424.15,4961902.9,2.9
DC-2594,17.23,liquid-cooled,87.6,0.1535,184.66,1.06,16743159.15,2.71,0.467,2403201.44,1034834.64,1719018.04,1509092.98,2308427.79,3058201.25,1375214.43,11.3
DC-2595,32.42,air-cooled,74.7,0.1076,205.76,1.543,10435223.07,12.32,3.994,15070692.92,9861665.28,12466179.1,12238632.02,13017341.31,13879382.94,9972943.28,2.9
DC-2596,2.73,air-cooled,54.2,0.1011,195.49,1.578,10969968.91,12.64,0.345,1323180.04,809328.6,1066254.32,986185.84,1055076.49,1122299.56,853003.46,2.9
DC-2597,10.12,air-cooled,89.4,0.1495,193.88,1.567,11253841.41,12.43,1.258,5727709.46,2926812.48,4327260.97,4090185.31,4329835.3,4607056.42,3461808.78,2.6
DC-2598,19.47,hybrid,60.6,0.1402,159.87,1.192,14518984.83,8.2,1.597,7490566.02,3063748.68,5277157.35,5083595.28,5623752.73,6141295.66,4221725.88,4.2
DC-2599,42.95,hybrid,87.0,0.1455,179.72,1.274,13969477.08,9.58,4.115,19456309.1,8874573.6,14165441.35,11880006.2,13018181.1,14318408.42,11332353.08,3.4
DC-2600,11.09,hybrid,70.9,0.101,168.03,1.27,13619178.13,8.82,0.978,4058826.39,1972000.08,3015413.24,2779945.64,3060961.52,3365229.24,2412330.59,4.1
DC-2601,3.66,air-cooled,86.1,0.0895,181.25,1.622,11300773.1,12.24,0.448,1694767.58,974400.0,1334583.79,1259345.97,1337917.31,1429636.67,1067667.03,3.1
DC-2602,27.0,liquid-cooled,85.6,0.1227,173.6,1.07,17091801.49,3.16,0.853,4220874.1,1776969.6,2998921.85,2242700.16,3296332.01,4470063.63,2399137.48,10.1
DC-2603,9.89,air-cooled,77.2,0.1267,178.34,1.573,11221587.33,12.86,1.272,5392702.75,2722181.76,4057442.26,3658176.88,3919264.29,4138954.93,3245953.81,2.7
DC-2604,6.35,air-cooled,78.1,0.1273,199.92,1.572,11084533.06,12.81,0.813,3427804.93,1950419.52,2689112.22,2480436.46,2626658.12,2790417.37,2151289.78,2.7
DC-2605,9.98,air-cooled,77.1,0.1496,191.13,1.537,10779181.79,12.58,1.255,5534055.63,2878417.8,4206236.72,3974594.75,4236884.09,4482131.27,3364989.38,2.7
DC-2606,14.19,air-cooled,47.8,0.0853,199.11,1.573,10662426.92,12.65,1.795,6362948.04,4288829.4,5325888.72,5162731.37,5516360.7,5872265.52,4260710.98,3.0
DC-2607,10.14,liquid-cooled,73.4,0.1372,159.99,1.099,15838910.13,4.81,0.488,2362220.19,936901.44,1649560.82,845108.08,1255426.52,1700071.91,1319648.66,6.9
DC-2608,2.82,liquid-cooled,58.6,0.0981,184.87,1.078,16513676.35,3.64,0.103,473397.44,228499.32,350948.38,229603.19,347471.42,468512.85,280758.7,9.0
DC-2609,33.71,air-cooled,74.1,0.1371,198.5,1.571,11205961.16,12.15,4.096,17928103.15,9756672.0,13842387.58,13350242.43,14182257.93,15062465.4,11073910.06,2.7
DC-2610,45.6,liquid-cooled,58.3,0.1105,206.59,1.066,17433403.62,4.66,2.125,10425157.3,5268045.0,7846601.15,3827620.75,5886167.26,7976280.78,6277280.92,6.5
DC-2611,27.69,hybrid,57.8,0.1037,160.78,1.29,13627408.61,8.68,2.403,10092995.3,4636252.08,7364623.69,6799824.12,7630981.68,8404241.58,5891698.95,4.2
DC-2612,6.62,liquid-cooled,91.3,0.1078,178.73,1.067,16447148.73,2.83,0.187,871891.22,401070.12,636480.67,537883.53,803453.63,1091829.44,509184.54,11.7
DC-2613,14.0,air-cooled,84.8,0.0911,199.51,1.544,12168409.9,12.07,1.69,6652277.16,4046062.8,5349169.98,5010784.77,5364453.04,5679384.43,4279335.98,2.9
DC-2614,16.36,hybrid,72.0,0.1208,181.12,1.223,13773292.79,8.52,1.394,6070758.64,3029775.36,4550267.0,4273664.41,4757593.16,5208726.21,3640213.6,4.0
DC-2615,26.55,air-cooled,74.2,0.1045,170.34,1.56,11094626.5,12.99,3.449,13428777.23,7050031.92,10239404.57,9225071.87,9836952.65,10480281.99,8191523.66,2.9
DC-2616,28.07,hybrid,69.0,0.1357,160.75,1.236,13665802.51,9.45,2.653,11954730.4,5117637.0,8536183.7,7310587.54,8128866.71,8924115.86,6828946.96,3.7
DC-2617,9.14,air-cooled,78.8,0.1328,169.77,1.526,10919345.22,12.52,1.144,4806813.08,2330602.56,3568707.82,3372821.47,3599088.12,3846877.55,2854966.26,2.9
DC-2618,17.56,hybrid,63.9,0.1538,158.67,1.198,13423933.34,9.51,1.67,7677236.03,3179746.8,5428491.42,4710197.6,5207946.17,5729859.97,4342793.14,3.6
DC-2619,23.71,air-cooled,83.9,0.1273,184.88,1.487,11047015.23,12.89,3.056,12569686.62,6779919.36,9674802.99,8993163.63,9537816.58,10097488.15,7739842.39,2.8
DC-2620,52.7,air-cooled,69.0,0.1304,197.44,1.61,11119460.38,12.66,6.672,28756991.44,15807836.16,22282413.8,20461337.34,21708631.36,23062616.7,17825931.04,2.7
DC-2621,28.89,hybrid,67.0,0.148,165.09,1.347,13486114.75,9.23,2.667,12650308.95,5283540.36,8966924.65,7766639.13,8596053.31,9376625.91,7173539.72,3.6
DC-2622,30.92,liquid-cooled,72.3,0.1074,187.87,1.03,16365212.07,2.43,0.751,3458927.65,1693084.44,2576006.04,2594649.18,3995621.57,5223032.9,2060804.83,13.5
DC-2623,17.59,hybrid,64.9,0.0902,196.68,1.215,12747731.78,9.24,1.625,6163403.94,3835260.0,4999331.97,4549799.72,5042566.04,5563755.7,3999465.58,4.0
DC-2624,50.82,liquid-cooled,75.9,0.124,183.96,1.103,17953547.59,3.74,1.901,9862007.73,4196495.52,7029251.62,4316260.53,6641817.2,8930068.68,5623401.3,8.1
DC-2625,22.82,air-cooled,65.6,0.0915,159.84,1.59,10426459.39,12.04,2.748,9869275.96,5270883.84,7570079.9,7465248.1,8001549.04,8523756.21,6056063.92,3.4
DC-2626,8.26,air-cooled,77.6,0.1691,189.79,1.578,10940182.65,12.95,1.07,5102475.13,2436903.6,3769689.36,3438718.71,3641234.54,3845850.31,3015751.49,2.5
DC-2627,50.54,air-cooled,86.6,0.1491,183.18,1.625,11705825.15,12.19,6.161,29102918.87,13542863.76,21322891.32,19830244.22,21026805.5,22276322.91,17058313.06,2.7
DC-2628,28.74,air-cooled,63.4,0.1633,181.65,1.637,11539096.94,12.65,3.636,17838162.77,7925752.8,12881957.78,11655174.51,12329119.83,13125992.69,10305566.22,2.5
DC-2629,11.54,hybrid,70.4,0.1212,175.8,1.228,13086153.1,9.37,1.081,4552973.48,2280477.6,3416725.54,3036593.45,3345699.39,3665920.22,2733380.43,3.8
DC-2630,11.21,hybrid,77.5,0.131,185.3,1.253,13539765.76,8.11,0.909,4042077.13,2021252.4,3031664.76,3040185.89,3354877.59,3693497.23,2425331.81,4.2
DC-2631,20.85,hybrid,66.8,0.1108,191.65,1.271,13186744.47,9.94,2.072,8627871.05,4765185.6,6696528.32,5525286.8,6114125.53,6672339.29,5357222.66,3.5
DC-2632,23.82,hybrid,77.6,0.1377,219.86,1.302,14099060.13,8.76,2.087,9816547.97,5506173.84,7661360.9,6932489.89,7667530.89,8387724.2,6129088.72,3.5
DC-2633,19.26,hybrid,78.7,0.0957,185.68,1.33,13226422.84,8.79,1.693,6863737.97,3772274.88,5318006.42,4872645.24,5452208.48,5988069.28,4254405.14,4.1
DC-2634,21.1,air-cooled,85.0,0.0691,206.67,1.6,10013702.06,12.54,2.646,8450722.63,6562185.84,7506454.24,7333285.15,7766078.5,8298258.4,6005163.39,3.2
DC-2635,64.07,air-cooled,64.7,0.1042,189.37,1.629,11371416.68,12.59,8.066,32376275.91,18329501.04,25352888.48,23090351.19,24686210.64,26225343.53,20282310.78,2.8
DC-2636,38.75,hybrid,60.7,0.0909,182.51,1.23,13786580.04,9.16,3.55,14353053.9,7774926.0,11063989.95,9796576.88,10851861.92,11843723.3,8851191.96,3.9
DC-2637,19.15,air-cooled,68.3,0.1496,186.23,1.52,10466728.75,12.51,2.396,10345673.16,5354484.96,7850079.06,7596149.23,8099581.09,8562821.25,6280063.25,2.7
DC-2638,34.92,air-cooled,60.4,0.1563,165.67,1.636,10823198.75,12.81,4.473,20777741.84,8892502.92,14835122.38,13563482.05,14387958.6,15238694.68,11868097.9,2.6
DC-2639,7.2,air-cooled,78.8,0.0919,188.59,1.545,11264882.68,12.34,0.888,3327425.02,2009615.04,2668520.03,2519700.01,2699141.28,2861037.26,2134816.02,3.0
DC-2640,22.61,hybrid,58.1,0.1458,154.12,1.238,14351784.99,9.66,2.184,10418704.42,4039176.96,7228940.69,5883349.28,6535638.44,7237188.87,5783152.55,3.5
DC-2641,69.93,air-cooled,98.0,0.139,171.06,1.59,11361627.68,12.17,8.51,37961865.41,17468647.2,27715256.3,26395007.3,28044452.64,29734850.98,22172205.04,2.8
DC-2642,13.81,hybrid,87.6,0.0886,185.65,1.286,13745685.08,9.6,1.326,5373890.25,2954062.8,4163976.52,3480971.3,3828737.14,4255962.78,3331181.22,3.7
DC-2643,8.35,hybrid,72.2,0.1122,201.91,1.254,13375886.81,9.44,0.788,3313493.33,1909260.96,2611377.14,2242217.43,2477602.25,2739591.03,2089101.71,3.6
DC-2644,9.76,air-cooled,82.4,0.1084,205.46,1.581,11140297.92,12.29,1.2,4772296.88,2958624.0,3865460.44,3677336.94,3916213.98,4159197.24,3092368.35,2.8
DC-2645,6.88,hybrid,52.4,0.135,180.45,1.253,12505973.1,9.61,0.661,2816456.84,1431329.4,2123893.12,1852747.82,2073479.37,2271796.49,1699114.5,3.6
DC-2646,8.78,hybrid,98.0,0.0954,186.34,1.265,12977612.93,8.92,0.783,3085865.28,1750850.64,2418357.96,2222502.5,2484889.77,2741625.51,1934686.37,4.1
DC-2647,12.23,hybrid,64.9,0.118,198.77,1.233,13375097.55,8.1,0.991,4208550.4,2363772.84,3286161.62,3310078.4,3666878.0,4035029.23,2628929.3,4.2
DC-2648,5.34,hybrid,70.6,0.1063,164.06,1.248,12759967.23,9.88,0.528,2110770.23,1039484.16,1575127.2,1333882.7,1469862.84,1629101.83,1260101.76,3.8
DC-2649,16.65,air-cooled,49.7,0.1295,190.07,1.516,10919836.24,12.47,2.076,8607949.23,4735023.84,6671486.54,6383437.22,6785095.21,7275662.91,5337189.23,2.8
DC-2650,33.85,hybrid,77.8,0.1157,171.58,1.257,13133424.73,9.48,3.209,13453888.3,6607202.64,10030545.47,8786029.99,9644317.4,10575815.34,8024436.38,3.8
DC-2651,7.95,air-cooled,58.7,0.1093,181.42,1.659,12311105.37,12.61,1.002,4332889.09,2181394.08,3257141.58,2835666.21,3046254.03,3249662.13,2605713.26,2.7
DC-2652,55.45,liquid-cooled,73.2,0.1157,177.11,1.066,17850393.8,2.83,1.569,7919024.31,3334627.08,5626825.7,4560140.8,6809611.92,9275550.27,4501460.56,11.1
DC-2653,24.75,hybrid,65.5,0.1607,190.53,1.271,13247136.64,10.0,2.475,11714262.9,5658741.0,8686501.95,7133438.38,7853930.05,8630057.92,6949201.56,3.2
DC-2654,37.5,hybrid,59.1,0.1117,192.25,1.267,13350680.01,9.12,3.42,14386459.63,7889940.0,11138199.82,9916111.75,10969889.13,12017767.6,8910559.86,3.8
DC-2655,9.72,air-cooled,62.3,0.0992,197.37,1.623,11014568.95,12.09,1.175,4533215.8,2782917.0,3658066.4,3544685.38,3763139.4,4001982.46,2926453.12,3.0
DC-2656,32.58,air-cooled,74.7,0.1317,189.22,1.514,11537281.9,12.91,4.206,18130089.65,9550311.84,13840200.74,12536478.83,13285960.74,14131188.71,11072160.59,2.6
DC-2657,6.87,air-cooled,56.6,0.1171,186.57,1.58,11010186.56,12.9,0.886,3603774.7,1983612.24,2793693.47,2542118.63,2705030.83,2858732.62,2234954.78,2.8
DC-2658,33.52,air-cooled,63.0,0.0917,211.81,1.497,10771757.14,12.37,4.146,14910060.52,10537971.12,12724015.82,12317302.61,13133980.53,14060137.74,10179212.66,3.0
DC-2659,18.87,air-cooled,80.0,0.1646,161.13,1.605,10846705.74,12.53,2.364,11169006.72,4570935.84,7869971.28,7363013.51,7862469.64,8329074.5,6295977.02,2.7
DC-2660,25.6,air-cooled,98.0,0.113,209.43,1.614,10921610.79,12.07,3.09,12436295.01,7765664.4,10100979.7,9831668.27,10451774.42,11050863.64,8080783.76,2.9
DC-2661,6.42,air-cooled,77.7,0.1124,179.65,1.647,10700773.83,12.92,0.829,3315689.51,1787158.2,2551423.86,2307478.95,2476103.45,2629000.0,2041139.09,2.8
DC-2662,8.04,liquid-cooled,61.0,0.1232,192.56,1.045,17439673.36,3.45,0.277,1385908.67,640069.44,1012989.06,690119.29,1039753.5,1393793.11,810391.25,8.9
DC-2663,26.52,air-cooled,67.6,0.1546,179.12,1.581,10987997.25,12.17,3.227,14789080.08,6936242.88,10862661.48,10494438.33,11162926.22,11904013.06,8690129.18,2.7
DC-2664,7.7,liquid-cooled,72.4,0.0864,173.46,1.085,18108048.31,3.78,0.291,1409955.58,605722.32,1007838.95,595947.8,920813.15,1209330.05,806271.16,8.6
DC-2665,23.82,liquid-cooled,67.8,0.1255,191.27,1.057,16773942.8,2.19,0.522,2552364.68,1198115.28,1875239.98,1962966.33,3083779.26,4125487.59,1500191.98,14.3
DC-2666,5.51,air-cooled,82.8,0.1617,199.63,1.601,12230902.68,12.92,0.712,3549876.83,1705638.72,2627757.78,2301410.32,2438694.04,2584775.23,2102206.22,2.4
DC-2667,32.41,hybrid,74.6,0.1226,191.1,1.227,13872754.29,8.89,2.881,12678136.78,6606709.2,9642422.99,8777252.74,9721093.78,10611903.01,7713938.39,3.8
DC-2668,6.13,air-cooled,82.9,0.0953,175.87,1.573,10942198.68,12.42,0.761,2849780.74,1606044.84,2227912.79,2101886.81,2245250.96,2403445.6,1782330.23,3.1
DC-2669,25.58,hybrid,68.2,0.1076,238.17,1.231,13400598.44,8.63,2.208,9137193.78,6310552.32,7723873.05,7317805.02,8101341.33,8889266.07,6179098.44,3.7
DC-2670,27.13,air-cooled,87.9,0.1241,201.98,1.618,10809882.73,12.59,3.416,14214487.89,8279564.16,11247026.02,10532866.84,11177453.81,11846241.26,8997620.82,2.7
DC-2671,9.42,air-cooled,70.0,0.1466,198.0,1.602,10069756.06,12.49,1.177,5055259.26,2796552.0,3925905.63,3818122.49,4053519.93,4291055.59,3140724.5,2.7
DC-2672,26.2,hybrid,60.3,0.1132,178.71,1.28,13518176.6,9.98,2.615,11174753.26,5607919.8,8391336.53,6772341.56,7482589.6,8263892.95,6713069.22,3.5
DC-2673,20.25,air-cooled,98.0,0.1365,174.62,1.519,10921654.25,12.74,2.58,10947877.41,5406235.2,8177056.3,7632582.6,8154575.36,8642200.28,6541645.04,2.8
DC-2674,10.69,hybrid,50.1,0.0913,179.8,1.266,13319889.26,8.07,0.863,3428273.54,1862008.8,2645141.17,2658240.06,2936508.96,3258631.5,2116112.94,4.5
DC-2675,7.34,air-cooled,63.1,0.0911,200.22,1.654,9912663.17,12.35,0.906,3191625.62,2176791.84,2684208.73,2612420.59,2809972.51,2984682.94,2147366.98,3.1
DC-2676,3.42,air-cooled,64.5,0.1103,169.14,1.619,11059208.3,12.03,0.411,1653011.16,834198.48,1243604.82,1197864.92,1280151.0,1362590.06,994883.86,3.1
DC-2677,21.75,air-cooled,98.0,0.1488,167.98,1.545,10833436.55,12.42,2.701,11941983.44,5444567.76,8693275.6,8340612.9,8840615.1,9387128.33,6954620.48,2.8
DC-2678,4.7,air-cooled,93.7,0.1214,192.09,1.668,11937153.22,12.71,0.597,2642655.52,1376132.76,2009394.14,1770700.53,1887875.36,1993167.05,1607515.31,2.6
DC-2679,17.75,air-cooled,89.9,0.1258,188.79,1.549,11945588.59,12.89,2.288,9979307.93,5183418.24,7581363.08,6743358.35,7172762.31,7604841.99,6065090.46,2.6
DC-2680,13.32,air-cooled,68.0,0.1256,172.45,1.583,11442201.87,12.33,1.642,7035012.34,3397954.8,5216483.57,4864969.88,5202123.46,5523527.8,4173186.86,2.9
DC-2681,28.31,air-cooled,98.0,0.1422,167.63,1.626,10058146.51,12.53,3.547,15112370.69,7135003.32,11123687.0,10724957.98,11387794.16,12057669.78,8898949.6,2.9
DC-2682,12.91,hybrid,76.4,0.1078,205.57,1.239,13738172.12,9.62,1.242,5244903.32,3063815.28,4154359.3,3484121.49,3835961.01,4214709.38,3323487.44,3.5
DC-2683,12.63,air-cooled,83.7,0.1338,189.36,1.502,10792733.34,12.21,1.542,6412964.22,3503917.44,4958440.83,4877889.51,5206470.27,5477524.33,3966752.66,2.9
DC-2684,29.53,hybrid,74.2,0.1034,163.55,1.236,13894517.53,8.31,2.454,10324516.87,4816220.4,7570368.64,7274362.36,8076549.79,8951351.17,6056294.91,4.4
DC-2685,21.5,air-cooled,71.4,0.1597,164.6,1.549,11110425.26,12.52,2.692,12480087.82,5317238.4,8898663.11,8357976.88,8901307.81,9440618.95,7118930.49,2.7
DC-2686,21.18,liquid-cooled,69.0,0.104,178.58,1.077,16600258.76,4.13,0.875,4086369.41,1875090.0,2980729.7,1758544.35,2602268.16,3536642.21,2384583.76,8.0
DC-2687,23.94,air-cooled,69.5,0.1024,194.99,1.663,10383615.74,12.8,3.064,11640813.38,7169392.32,9405102.85,8667564.53,9235745.27,9899633.07,7524082.28,2.9
DC-2688,4.81,air-cooled,79.3,0.131,192.93,1.561,10761898.24,12.36,0.595,2488810.09,1377520.2,1933165.14,1857656.48,1984363.29,2111624.09,1546532.11,2.8
DC-2689,30.13,air-cooled,76.4,0.1216,200.98,1.546,11509811.03,12.52,3.772,15859599.27,9097158.72,12478379.0,11606318.92,12322048.91,13060323.72,9982703.2,2.7
DC-2690,26.84,air-cooled,71.6,0.1265,161.64,1.617,10397450.53,12.52,3.36,13784087.32,6517324.8,10150706.06,9605031.11,10318831.81,10980798.53,8120564.85,3.0
DC-2691,7.29,hybrid,90.1,0.1245,187.36,1.182,13846409.52,9.51,0.693,3025702.26,1558085.76,2291894.01,1960590.51,2178334.03,2374061.64,1833515.21,3.6
DC-2692,13.53,air-cooled,36.4,0.0982,205.39,1.431,10880048.59,14.74,1.994,7275668.45,4914571.92,6095120.18,6082455.74,6478877.42,6881387.64,4876096.14,2.5
DC-2693,15.94,liquid-cooled,78.1,0.1523,203.99,1.1,15455695.89,4.85,0.773,3789371.14,1892211.24,2840791.19,1443075.66,2186513.91,2912416.24,2272632.95,6.3
DC-2694,14.77,air-cooled,80.6,0.1379,189.38,1.588,11154250.96,12.71,1.877,8253230.54,4265595.12,6259412.83,5770446.65,6127214.73,6512550.62,5007530.26,2.7
DC-2695,21.48,air-cooled,85.8,0.1472,219.22,1.541,11173737.45,12.84,2.758,12328616.11,7255305.12,9791960.62,8985260.58,9533345.45,10127059.06,7833568.5,2.5
DC-2696,51.68,hybrid,71.2,0.1094,193.14,1.299,13703808.82,8.33,4.305,18469223.62,9977612.4,14223418.01,13788671.17,15255744.56,16667706.11,11378734.41,4.1
DC-2697,39.07,air-cooled,74.5,0.1283,199.64,1.642,11080126.72,12.19,4.763,20517609.95,11410623.84,15964116.9,15138141.07,16077360.85,17180958.19,12771293.52,2.8
DC-2698,5.76,hybrid,83.8,0.1239,184.67,1.227,13392611.77,9.18,0.529,2278867.24,1172285.16,1725576.2,1538650.19,1694186.36,1887040.97,1380460.96,3.8
DC-2699,27.05,air-cooled,89.9,0.1426,172.29,1.6,11062950.12,12.4,3.354,14949163.58,6934327.92,10941745.75,10341758.09,10936729.44,11644738.82,8753396.6,2.8
DC-2700,47.61,hybrid,68.4,0.1432,170.87,1.243,14574250.27,8.52,4.056,19460611.98,8316584.64,13888598.31,12762147.72,14132453.16,15579682.93,11110878.65,3.9
DC-2701,22.41,air-cooled,75.2,0.1239,186.72,1.625,10625788.07,12.96,2.904,11979007.95,6506818.56,9242913.25,8490286.89,9016949.71,9538581.58,7394330.6,2.7
DC-2702,39.36,hybrid,92.1,0.0896,180.83,1.213,13037354.14,9.82,3.865,14877423.36,8386895.4,11632159.38,9808390.03,10881270.73,12015668.88,9305727.5,3.8
DC-2703,82.25,hybrid,46.5,0.1556,157.47,1.227,13331656.44,10.5,8.636,40028378.44,16318931.04,28173654.74,24076040.5,26504585.41,28853246.85,22538923.79,3.3
DC-2704,37.3,air-cooled,63.7,0.1311,168.61,1.559,10796680.98,12.84,4.789,20064349.58,9689679.48,14877014.53,13733003.01,14628987.52,15637302.75,11901611.62,2.8
DC-2705,20.07,air-cooled,89.6,0.1078,179.22,1.568,11015098.15,12.54,2.517,9888049.33,5413160.88,7650605.1,7110694.12,7617218.86,8067182.44,6120484.08,3.0
DC-2706,37.94,air-cooled,85.1,0.1281,194.91,1.539,10499177.35,12.71,4.822,19578036.58,11278272.24,15428154.41,14560006.97,15510851.76,16438678.85,12342523.53,2.8
DC-2707,18.47,liquid-cooled,78.3,0.0898,183.76,1.088,16722110.63,3.0,0.554,2532831.27,1221636.48,1877233.88,1501887.64,2236459.08,2982887.9,1501787.1,11.1
DC-2708,16.76,air-cooled,66.6,0.1411,182.92,1.6,11200000.46,12.48,2.092,9344015.47,4592023.68,6968019.58,6511097.32,6945570.38,7366161.52,5574415.66,2.7
DC-2709,12.41,air-cooled,61.4,0.0906,169.2,1.53,10374509.96,12.23,1.518,5342965.83,3082147.2,4212556.52,4159214.83,4443534.9,4756056.49,3370045.22,3.3
DC-2710,57.44,air-cooled,64.9,0.1156,184.35,1.632,10898543.84,12.66,7.272,29630151.03,16087118.4,22858634.72,21021252.93,22340193.62,23853578.11,18286907.78,2.8
DC-2711,8.54,air-cooled,90.6,0.1249,203.79,1.516,10085020.46,12.89,1.101,4293688.21,2692473.48,3493080.84,3312250.92,3511507.81,3737515.53,2794464.67,2.8
DC-2712,56.03,hybrid,64.5,0.1408,186.33,1.241,11555056.39,8.78,4.919,20160273.77,10998687.24,15579480.5,15450406.89,17036746.45,18784959.13,12463584.4,4.0
DC-2713,24.53,liquid-cooled,73.2,0.1221,161.39,1.077,17656623.88,3.9,0.957,4857396.18,1853402.76,3355399.47,1907450.64,2979582.91,3994849.14,2684319.58,8.2
DC-2714,5.37,air-cooled,63.0,0.1327,165.23,1.613,11751912.77,12.81,0.688,3086761.02,1364138.88,2225449.95,1962711.33,2092716.65,2223598.19,1780359.96,2.7
DC-2715,22.07,hybrid,82.1,0.1194,192.83,1.273,13554970.79,8.19,1.808,7853414.02,4183639.68,6018526.85,5983776.45,6598086.66,7270068.6,4814821.48,4.1
DC-2716,3.06,air-cooled,65.5,0.1194,180.64,1.603,11131006.99,12.13,0.371,1539726.18,804209.28,1171967.73,1127025.66,1201938.77,1275897.18,937574.18,2.9
DC-2717,27.12,air-cooled,70.8,0.1217,182.88,1.655,10745311.74,12.15,3.295,13681595.59,7231075.2,10456335.4,10076539.79,10677071.68,11417719.08,8365068.32,2.9
DC-2718,33.39,air-cooled,51.8,0.1162,174.81,1.606,10518056.07,12.53,4.184,16619318.55,8776860.48,12698089.52,12056711.32,12780696.88,13501444.52,10158471.62,3.0
DC-2719,10.24,hybrid,52.6,0.0863,191.55,1.267,13267103.6,9.44,0.967,3777181.33,2222746.2,2999963.76,2587950.08,2861929.82,3171998.27,2399971.01,3.8
DC-2720,18.15,liquid-cooled,72.1,0.1046,179.49,1.087,16886803.35,3.95,0.717,3404772.53,1544331.96,2474552.24,1449069.97,2221241.27,2968565.59,1979641.79,8.3
DC-2721,78.52,liquid-cooled,56.1,0.1249,181.2,1.092,17475455.96,3.27,2.568,13040863.99,5583859.2,9312361.6,6368672.24,9819993.44,13275176.53,7449889.28,9.5
DC-2722,10.97,air-cooled,97.3,0.115,171.23,1.625,11238087.31,12.59,1.381,5709575.65,2837623.56,4273599.61,3891745.4,4178763.12,4434471.06,3418879.69,2.9
DC-2723,7.05,air-cooled,47.3,0.1169,197.83,1.579,10822251.32,12.58,0.887,3567434.36,2105702.52,2836568.44,2787029.31,2959131.25,3157793.88,2269254.75,2.8
DC-2724,53.8,air-cooled,62.4,0.1135,180.68,1.616,11689385.66,12.39,6.666,28026299.88,14452954.56,21239627.22,19381457.58,20790194.72,22024654.29,16991701.78,2.8
DC-2725,79.05,liquid-cooled,72.2,0.1027,193.12,1.057,15902439.78,3.42,2.704,12126919.94,6266357.76,9196638.85,6778264.54,10068453.72,13462281.79,7357311.08,9.7
DC-2726,16.49,liquid-cooled,67.6,0.1101,166.1,1.099,16200715.97,3.03,0.5,2330059.11,996600.0,1663329.56,1268843.14,1982610.51,2705383.63,1330663.65,11.2
DC-2727,36.94,hybrid,58.8,0.1139,210.01,1.229,13174034.14,8.84,3.265,13562206.29,8228191.8,10895199.04,10168802.44,11254820.03,12497092.68,8716159.23,3.8
DC-2728,48.1,air-cooled,60.5,0.1201,203.16,1.531,10181908.29,12.29,5.911,22895517.51,14410545.12,18653031.32,18580906.01,19618674.16,20801609.83,14922425.06,2.9
DC-2729,9.08,air-cooled,60.1,0.1279,155.35,1.641,11753655.74,12.13,1.101,4900007.61,2052484.2,3476245.9,3219747.59,3445822.82,3673837.02,2780996.72,2.9
DC-2730,11.15,air-cooled,68.6,0.1164,171.97,1.559,11117755.51,12.52,1.396,5668134.84,2880841.44,4274488.14,3965728.29,4271894.86,4519853.18,3419590.51,2.9
DC-2731,44.02,air-cooled,95.4,0.0994,191.16,1.639,11229738.65,12.6,5.547,21758922.32,12724374.24,17241648.28,15797323.15,16844136.86,17888808.29,13793318.62,2.9
DC-2732,63.31,air-cooled,72.9,0.092,164.2,1.615,11489788.26,12.58,7.964,30700002.15,15692265.6,23196133.88,21188847.51,22570077.02,24110882.06,18556907.1,3.1
DC-2733,25.8,air-cooled,86.2,0.1719,182.03,1.527,10547964.25,12.88,3.323,15430070.85,7258628.28,11344349.56,10654599.4,11305754.51,11925059.46,9075479.65,2.6
DC-2734,8.13,air-cooled,78.1,0.0974,190.4,1.636,11263106.03,12.96,1.054,4109321.41,2408179.2,3258750.3,2895271.94,3084156.42,3292589.72,2607000.24,2.8
DC-2735,80.61,liquid-cooled,85.4,0.1096,181.23,1.121,15913130.17,4.91,3.958,18256349.27,8607700.08,13432024.68,6398885.54,10244545.72,13542629.8,10745619.74,6.8
DC-2736,10.75,hybrid,38.4,0.1303,192.08,1.299,12765652.17,11.46,1.232,5321656.73,2839710.72,4080683.73,3733031.16,4078650.11,4415235.97,3264546.98,3.0
DC-2737,12.58,air-cooled,68.3,0.1272,173.6,1.534,11357649.6,12.58,1.583,6701179.95,3297705.6,4999442.78,4620874.96,4953140.75,5256942.63,3999554.22,2.8
DC-2738,21.63,air-cooled,87.7,0.1304,150.34,1.548,12134933.66,12.86,2.782,12421458.96,5018950.56,8720204.76,7654081.37,8181900.61,8671978.73,6976163.81,2.8
DC-2739,57.02,air-cooled,65.1,0.1111,198.73,1.569,11331966.31,12.46,7.105,28741302.46,16943719.8,22842511.13,21264127.44,22600822.45,24111101.89,18274008.9,2.8
DC-2740,32.56,hybrid,93.1,0.1248,198.64,1.223,13363696.07,9.93,3.233,13923730.97,7706437.44,10815084.2,8949526.95,9888819.69,10829222.66,8652067.36,3.4
DC-2741,22.92,hybrid,89.8,0.1212,221.55,1.239,14114743.4,8.89,2.038,9073320.31,5418226.8,7245773.56,6550215.55,7203282.03,7961955.12,5796618.85,3.6
DC-2742,23.82,hybrid,66.4,0.1138,150.89,1.203,14083843.82,8.38,1.996,8640682.67,3614117.28,6127399.98,5823774.75,6451422.52,7127872.21,4901919.98,4.4
DC-2743,17.03,hybrid,66.0,0.1249,195.26,1.23,14372879.86,8.56,1.458,6618949.41,3416268.96,5017609.19,4657272.48,5115443.07,5673238.76,4014087.35,3.8
DC-2744,25.7,air-cooled,59.8,0.1411,154.47,1.588,10911936.31,12.72,3.269,14343390.98,6059549.16,10201470.07,9466355.17,10019323.25,10630633.69,8161176.06,2.8
DC-2745,2.17,air-cooled,64.4,0.1196,210.35,1.636,10839889.67,13.0,0.282,1162656.4,711824.4,937240.4,840425.88,898118.98,948376.75,749792.32,2.6
DC-2746,12.97,air-cooled,57.2,0.1197,191.32,1.605,10733480.14,12.4,1.608,6541626.8,3691710.72,5116668.76,4864793.16,5207323.42,5522871.61,4093335.01,2.9
DC-2747,19.95,air-cooled,77.1,0.1414,169.72,1.426,9563327.21,12.94,2.582,10047901.25,5258604.48,7653252.86,7510017.77,8012667.44,8507419.91,6122602.29,2.9
DC-2748,6.55,hybrid,54.5,0.1392,195.7,1.225,12871102.02,9.64,0.631,2747374.06,1481840.4,2114607.23,1827772.6,2019721.01,2204878.89,1691685.78,3.5
DC-2749,22.4,air-cooled,79.2,0.1517,175.7,1.532,10524733.47,12.14,2.719,11894788.1,5732739.6,8813763.85,8761838.84,9286173.34,9841349.39,7051011.08,2.9
DC-2750,13.96,air-cooled,79.5,0.0849,188.51,1.571,11324111.28,12.95,1.808,6662226.12,4089912.96,5376069.54,4800548.48,5128033.18,5465632.07,4300855.63,2.9
DC-2751,66.98,air-cooled,52.1,0.1381,187.09,1.597,10869642.91,12.24,8.198,35640448.66,18405165.84,27022807.25,26108259.69,27701841.23,29344891.5,21618245.8,2.8
DC-2752,57.88,liquid-cooled,90.6,0.132,210.16,1.074,17843936.38,3.63,2.101,10940341.65,5298553.92,8119447.78,5202620.05,7777379.95,10362849.07,6495558.22,8.0
DC-2753,11.33,air-cooled,78.2,0.1023,211.22,1.602,10633527.28,12.9,1.462,5553604.6,3705643.68,4629624.14,4274486.35,4524072.83,4806517.36,3703699.31,2.8
DC-2754,14.58,hybrid,81.0,0.125,175.04,1.276,13526328.98,8.21,1.197,5270475.85,2514274.56,3892375.2,3846241.36,4220819.16,4671043.54,3113900.16,4.2
DC-2755,15.5,air-cooled,62.9,0.141,199.87,1.572,11150118.07,12.66,1.962,8671011.0,4705739.28,6688375.14,6189331.1,6572392.25,6965450.73,5350700.11,2.6
DC-2756,11.46,air-cooled,79.5,0.1034,189.32,1.502,11551353.55,12.6,1.444,5671245.05,3280536.96,4475891.0,4123784.32,4388660.89,4661239.64,3580712.8,2.9
DC-2757,19.22,air-cooled,85.5,0.1289,162.81,1.571,11067003.29,12.77,2.454,10388397.24,4794428.88,7591413.06,6926398.88,7415052.84,7915609.67,6073130.45,2.8
DC-2758,8.97,hybrid,70.8,0.1374,173.56,1.254,14056870.95,9.2,0.825,3822302.22,1718244.0,2770273.11,2405556.18,2658424.78,2910869.54,2216218.49,3.6
DC-2759,6.66,air-cooled,96.0,0.0986,219.04,1.533,11408831.96,12.21,0.813,3137694.87,2136954.24,2637324.56,2511591.99,2679071.19,2867108.96,2109859.65,2.8
DC-2760,27.06,liquid-cooled,72.5,0.1172,189.37,1.094,17476950.55,2.49,0.674,3374681.57,1531624.56,2453153.06,2311478.92,3405210.58,4555568.62,1962522.45,12.4
DC-2761,27.21,air-cooled,85.7,0.126,199.0,1.633,10251792.63,12.49,3.399,13870014.53,8116812.0,10993413.26,10531582.03,11137670.88,11897561.0,8794730.61,2.8
DC-2762,8.64,air-cooled,75.5,0.1041,180.82,1.62,10940117.0,12.65,1.093,4271926.05,2371635.12,3321780.58,3064871.88,3268363.55,3478604.07,2657424.46,2.9
DC-2763,33.66,liquid-cooled,79.0,0.1024,175.9,1.101,18143814.79,2.82,0.949,4763583.57,2003149.2,3383366.38,2790892.84,4147118.64,5579580.6,2706693.1,11.2
DC-2764,9.92,air-cooled,51.9,0.1173,184.41,1.556,10998812.6,12.55,1.245,5033591.36,2755085.4,3894338.38,3652672.97,3897571.7,4159209.72,3115470.7,2.9
DC-2765,20.14,hybrid,76.5,0.136,180.01,1.281,12954775.8,8.16,1.643,7237367.73,3549077.16,5393222.44,5415940.2,6019191.02,6610637.18,4314577.95,4.2
DC-2766,31.7,hybrid,63.2,0.1329,161.6,1.266,13902062.62,8.79,2.786,12713157.43,5402611.2,9057884.32,8216108.94,9183033.59,10040927.44,7246307.46,3.9
DC-2767,16.01,air-cooled,61.8,0.1028,168.95,1.528,12013986.97,12.54,2.008,8123929.58,4071019.2,6097474.39,5542912.2,5898167.63,6261558.31,4877979.51,3.0
DC-2768,23.66,hybrid,92.9,0.133,194.62,1.278,12180481.38,8.12,1.921,8060027.83,4486380.24,6273204.04,6548782.29,7210638.41,7928508.85,5018563.23,4.2
DC-2769,10.88,air-cooled,69.4,0.1033,178.29,1.596,11056532.78,12.29,1.337,5215958.48,2860484.76,4038221.62,3797986.08,4085435.08,4345878.34,3230577.3,3.0
DC-2770,14.05,air-cooled,60.0,0.0878,184.39,1.564,11126883.05,12.05,1.693,6222717.78,3746067.24,4984392.51,4832357.57,5135694.2,5471513.4,3987514.01,3.2
DC-2771,13.95,air-cooled,67.7,0.1127,187.52,1.588,10982735.3,12.58,1.755,7034678.85,3949171.2,5491925.02,5068710.8,5457604.17,5808808.74,4393540.02,2.9
DC-2772,9.05,hybrid,56.4,0.1425,188.7,1.268,13832562.46,9.45,0.855,3981518.83,1936062.0,2958790.42,2497107.86,2772198.81,3051790.74,2367032.34,3.4
DC-2773,14.28,air-cooled,89.2,0.1331,201.2,1.598,11467922.82,12.28,1.754,7737990.22,4234857.6,5986423.91,5605409.3,5954191.37,6352658.57,4789139.13,2.7
DC-2774,4.76,hybrid,63.7,0.12,167.52,1.254,13623383.91,9.15,0.436,1894691.82,876464.64,1385578.23,1228842.55,1349805.92,1497503.27,1108462.58,3.9
DC-2775,11.1,liquid-cooled,78.4,0.1117,192.55,1.073,17427968.26,4.87,0.541,2663236.83,1250034.6,1956635.72,919998.19,1453032.01,1912463.79,1565308.58,6.4
DC-2776,13.09,air-cooled,88.3,0.1122,195.33,1.485,11177967.24,12.18,1.594,6286030.88,3736272.24,5011151.56,4865192.77,5176448.57,5441336.33,4008921.25,2.9
DC-2777,13.4,air-cooled,66.0,0.1222,198.79,1.587,11122864.59,12.55,1.682,7014926.92,4012377.36,5513652.14,5109513.1,5450014.99,5801056.96,4410921.71,2.7
DC-2778,13.56,air-cooled,78.4,0.0986,162.81,1.575,11491082.98,12.57,1.704,6669384.77,3329138.88,4999261.82,4561215.46,4893821.06,5188460.28,3999409.46,3.1
DC-2779,15.65,air-cooled,59.6,0.113,187.82,1.585,11740854.68,12.16,1.903,7950807.49,4289057.52,6119932.5,5706194.28,6101789.37,6483993.95,4895946.0,2.9
DC-2780,24.13,air-cooled,98.0,0.1157,209.74,1.541,11143714.59,12.07,2.912,11759336.92,7329154.56,9544245.74,9338925.14,9926685.04,10538410.38,7635396.59,2.8
DC-2781,33.1,hybrid,83.2,0.093,182.51,1.259,13591690.58,9.15,3.029,12255509.09,6633873.48,9444691.28,8354860.89,9278021.34,10103393.04,7555753.02,3.9
DC-2782,9.78,liquid-cooled,69.7,0.1032,191.25,1.052,16517526.71,3.43,0.335,1548237.06,768825.0,1158531.03,803355.86,1217048.4,1641284.29,926824.82,9.5
DC-2783,6.28,liquid-cooled,62.7,0.1282,195.71,1.07,16897946.34,4.98,0.313,1551460.69,735086.76,1143273.73,552175.88,842109.18,1085535.57,914618.98,6.2
DC-2784,7.14,liquid-cooled,70.6,0.1202,168.62,1.071,16769847.67,2.01,0.144,699025.59,291375.36,495200.48,588637.4,878262.2,1162936.16,396160.38,16.2
DC-2785,11.14,liquid-cooled,67.9,0.1138,211.51,1.081,18389201.53,3.77,0.42,2168932.57,1066010.4,1617471.48,940587.41,1434805.38,1958578.05,1293977.18,7.7
DC-2786,12.41,air-cooled,95.4,0.1018,191.49,1.556,11063791.89,12.11,1.503,5780855.78,3453713.64,4617284.71,4476187.47,4772179.98,5087295.92,3693827.77,3.0
DC-2787,8.88,hybrid,57.3,0.1515,191.79,1.198,13842719.61,8.85,0.786,3667533.88,1808963.28,2738248.58,2510079.2,2788516.67,3057796.93,2190598.86,3.6
DC-2788,5.83,liquid-cooled,73.6,0.1032,159.07,1.083,17252508.14,2.01,0.117,563116.01,223334.28,393225.14,446503.4,687456.4,934363.11,314580.11,16.7
DC-2789,11.42,air-cooled,71.8,0.125,195.92,1.648,11341651.54,12.53,1.431,6188970.55,3364338.24,4776654.39,4381165.96,4671630.03,4954671.33,3821323.51,2.7
DC-2790,19.01,liquid-cooled,70.6,0.1102,191.6,1.04,17682680.25,3.2,0.608,2999537.95,1397913.6,2198725.78,1544269.41,2346408.01,3267143.16,1758980.62,9.7
DC-2791,26.47,air-cooled,70.7,0.1207,208.36,1.589,10250655.49,12.93,3.423,13548316.12,8558595.36,11053455.74,10263457.67,10932240.5,11662594.06,8842764.59,2.7
DC-2792,10.53,hybrid,70.6,0.1292,179.33,1.246,13877318.82,8.57,0.902,4053643.44,1941067.92,2997355.68,2833882.5,3117285.18,3413367.95,2397884.54,4.0
DC-2793,11.82,hybrid,82.5,0.0926,169.19,1.236,12856121.31,8.07,0.954,3681991.03,1936887.12,2809439.08,2895107.44,3207117.86,3533363.82,2247551.26,4.7
DC-2794,7.84,liquid-cooled,79.3,0.1199,173.77,1.101,17651331.73,4.0,0.314,1594782.41,654765.36,1124773.88,646725.52,961212.61,1308507.1,899819.1,7.8
DC-2795,16.04,air-cooled,77.0,0.1438,176.43,1.588,10710660.4,12.29,1.971,8634027.19,4172922.36,6403474.78,6159712.46,6562546.53,6944844.12,5122779.82,2.8
DC-2796,8.34,hybrid,35.6,0.1552,167.22,1.223,13350932.24,11.85,0.988,4574050.66,1982560.32,3278305.49,3068333.19,3340744.74,3613300.43,2622644.39,2.9
DC-2797,26.01,air-cooled,75.6,0.1174,203.35,1.654,10886285.85,12.82,3.334,13736706.55,8135626.8,10936166.68,9992502.45,10562164.9,11149801.27,8748933.34,2.7
DC-2798,3.94,air-cooled,52.1,0.1208,203.92,1.618,11234088.69,12.41,0.489,2058027.26,1196602.56,1627314.91,1517084.69,1616541.53,1713893.13,1301851.93,2.7
DC-2799,12.33,hybrid,79.8,0.1642,181.06,1.26,14279893.77,9.75,1.202,5992791.74,2611609.44,4302200.59,3514110.89,3839817.85,4223072.28,3441760.47,3.2
DC-2800,20.92,hybrid,89.7,0.1427,178.11,1.262,13597349.38,8.48,1.774,8158978.71,3791605.68,5975292.2,5694212.04,6301235.48,6935122.52,4780233.76,3.9
DC-2801,19.05,hybrid,60.9,0.1077,156.77,1.241,13705544.78,8.19,1.56,6577740.86,2934734.4,4756237.63,4686908.99,5198238.85,5717519.38,3804990.1,4.5
DC-2802,141.8,air-cooled,68.9,0.1076,194.44,1.612,11162815.38,12.38,17.555,70221020.87,40960730.4,55590875.64,51739926.48,55304863.77,58831117.6,44472700.51,2.9
DC-2803,21.75,air-cooled,64.8,0.1391,208.8,1.533,10411313.84,12.25,2.664,11139809.91,6674918.4,8907364.16,8768947.24,9373915.3,9913562.27,7125891.33,2.7
DC-2804,7.37,hybrid,86.8,0.0998,174.44,1.272,12697872.71,8.54,0.629,2474355.76,1316673.12,1895514.44,1852128.12,2054041.52,2260213.76,1516411.55,4.4
DC-2805,15.24,air-cooled,73.1,0.1418,182.25,1.588,10873375.13,12.88,1.963,8615348.61,4293081.0,6454214.8,5911621.79,6270132.4,6713079.37,5163371.84,2.7
DC-2806,3.97,air-cooled,92.7,0.1267,190.51,1.618,11516779.44,12.44,0.494,2151414.25,1129343.28,1640378.76,1518295.84,1614171.11,1716295.3,1312303.01,2.7
DC-2807,15.42,liquid-cooled,77.0,0.1304,209.87,1.078,18179981.82,4.48,0.691,3642537.17,1740242.04,2691389.6,1338469.78,2110639.95,2785257.49,2153111.68,6.4
DC-2808,8.44,air-cooled,74.9,0.1149,187.0,1.527,10989626.7,12.39,1.046,4162140.08,2347224.0,3254682.04,3123518.49,3328487.11,3529357.09,2603745.63,2.9
DC-2809,34.2,hybrid,72.8,0.1074,186.93,1.279,14183570.44,9.12,3.119,13583926.31,6996416.04,10290171.18,8923995.43,9791832.04,10766739.72,8232136.94,3.7
DC-2810,10.59,air-cooled,81.8,0.1492,186.69,1.632,11196117.33,12.91,1.367,6316957.6,3062462.76,4689710.18,4204912.67,4465336.98,4777748.62,3751768.14,2.5
DC-2811,14.98,air-cooled,51.1,0.1151,162.62,1.567,11034364.74,12.77,1.913,7713310.78,3733104.72,5723207.75,5255663.44,5590622.65,5998660.22,4578566.2,2.9
DC-2812,9.89,air-cooled,73.0,0.1118,162.3,1.631,11545445.94,12.94,1.28,5328644.94,2492928.0,3910786.47,3416907.37,3670853.0,3907152.37,3128629.18,2.8
DC-2813,66.09,air-cooled,71.2,0.1184,171.88,1.588,10287271.16,12.84,8.486,33376358.3,17502884.16,25439621.23,23699632.33,25262629.72,26979894.05,20351696.98,2.9
DC-2814,12.72,air-cooled,80.7,0.1239,199.19,1.631,12351766.26,12.94,1.646,7431798.03,3934400.88,5683099.46,4884183.43,5211812.94,5525217.99,4546479.57,2.5
DC-2815,71.24,air-cooled,69.7,0.0994,178.97,1.619,11134001.22,12.77,9.097,35332357.09,19537081.08,27434719.08,24935663.01,26576458.1,28195083.7,21947775.26,2.9
DC-2816,31.54,air-cooled,59.5,0.1087,176.06,1.554,11195038.93,12.7,4.006,15893900.65,8463556.32,12178728.48,11154802.38,11995886.32,12784695.83,9742982.78,2.9
DC-2817,24.18,air-cooled,72.1,0.1076,175.79,1.653,10990958.81,12.27,2.967,11869523.32,6258827.16,9064175.24,8558537.22,9099427.54,9691684.05,7251340.19,3.0
DC-2818,22.09,air-cooled,59.0,0.1369,181.94,1.52,10147318.65,12.13,2.68,10928532.36,5851190.4,8389861.38,8522258.27,9068268.33,9591048.34,6711889.1,3.0
DC-2819,22.53,air-cooled,48.9,0.1023,209.53,1.604,11409873.02,13.19,2.972,11807603.63,7472677.92,9640140.78,8572762.78,9096496.65,9693135.23,7712112.62,2.6
DC-2820,3.52,air-cooled,80.7,0.0849,181.73,1.589,10444828.96,12.86,0.453,1586791.29,987884.28,1287337.79,1194957.92,1279820.99,1365686.68,1029870.23,3.1
DC-2821,13.16,liquid-cooled,78.9,0.0807,172.21,1.093,18518942.93,3.06,0.403,1969862.92,832807.56,1401335.24,1008198.57,1566274.0,2081193.92,1121068.19,10.6
DC-2822,32.33,hybrid,77.6,0.0906,184.38,1.247,12712446.06,9.56,3.091,11791166.75,6839022.96,9315094.86,8145962.88,9050868.11,9939332.57,7452075.89,3.9
DC-2823,15.81,hybrid,87.6,0.1472,210.33,1.268,13309291.71,8.92,1.41,6475665.94,3558783.6,5017224.77,4601099.37,5034978.03,5585854.9,4013779.82,3.5
DC-2824,5.34,air-cooled,64.0,0.1203,176.46,1.594,11784485.18,12.96,0.692,2974614.81,1465323.84,2219969.33,1950057.75,2077862.1,2221212.47,1775975.46,2.7
DC-2825,15.77,liquid-cooled,54.8,0.13,166.28,1.087,17965240.75,2.32,0.366,1914235.38,730301.76,1322268.57,1264980.94,1910001.7,2605578.25,1057814.86,13.4
DC-2826,64.28,hybrid,71.2,0.1307,176.49,1.245,13677990.3,9.03,5.804,25914823.67,12292175.52,19103499.6,17117727.16,18859770.44,20755969.47,15282799.68,3.8
DC-2827,44.59,hybrid,67.8,0.1211,185.93,1.237,13549842.57,9.45,4.214,18218513.71,9402108.24,13810310.98,11915644.84,13166959.86,14416766.06,11048248.78,3.6
DC-2828,15.65,air-cooled,61.9,0.1185,194.32,1.565,9232250.43,12.07,1.889,6944294.78,4404845.76,5674570.27,5879602.32,6260329.72,6633907.32,4539656.22,3.1
DC-2829,35.2,liquid-cooled,71.0,0.1409,199.1,1.09,19365278.01,2.75,0.968,5468004.2,2312745.6,3890374.9,3117451.11,4728671.84,6306297.75,3112299.92,10.2
DC-2830,12.27,hybrid,64.7,0.1229,168.31,1.249,14331407.84,8.05,0.988,4475082.47,1995483.36,3235282.92,3160492.55,3488108.57,3838119.58,2588226.34,4.3
DC-2831,4.21,liquid-cooled,50.0,0.148,169.74,1.095,17585781.92,4.39,0.185,985605.47,376822.8,681214.14,357130.74,552906.62,732916.9,544971.31,7.0
DC-2832,7.85,air-cooled,66.7,0.1324,179.15,1.535,10559439.3,12.7,0.997,4114491.29,2143350.6,3128920.94,2956261.48,3147360.45,3340677.97,2503136.75,2.8
DC-2833,57.42,air-cooled,58.4,0.1076,194.27,1.724,10586729.83,12.92,7.419,29509871.18,17295469.56,23402670.37,21032062.83,22509453.08,23988704.6,18722136.3,2.8
DC-2834,13.21,air-cooled,74.8,0.1101,165.1,1.668,10804152.87,12.56,1.659,6652040.59,3286810.8,4969425.7,4569353.93,4908939.03,5221566.88,3975540.56,3.0
DC-2835,13.54,air-cooled,64.1,0.1055,174.89,1.595,11694240.88,12.38,1.676,6825991.51,3517387.68,5171689.6,4738913.67,5057104.46,5405423.79,4137351.68,2.9
DC-2836,12.94,liquid-cooled,85.3,0.1444,175.11,1.098,16739370.74,3.3,0.427,2181444.22,897263.64,1539353.93,1086256.81,1694065.0,2216190.98,1231483.14,9.5
DC-2837,75.44,air-cooled,91.2,0.1119,198.13,1.534,11214560.03,12.06,9.098,36353958.96,21631040.88,28992499.92,28292462.62,29992921.55,32096646.88,23193999.94,2.9
DC-2838,60.39,air-cooled,80.2,0.104,191.92,1.53,11026752.26,12.56,7.585,29158868.29,17468558.4,23313713.34,21907842.75,23277517.78,24752655.75,18650970.67,2.9
DC-2839,97.03,air-cooled,53.4,0.1264,197.56,1.548,11076565.58,12.34,11.974,49997481.18,28387001.28,39192241.23,37435942.76,39783985.56,42305160.74,31353792.98,2.8
DC-2840,14.48,air-cooled,90.1,0.1181,204.08,1.588,10964608.32,12.3,1.781,7265508.56,4361597.76,5813553.16,5560026.37,5931029.02,6287813.12,4650842.53,2.8
DC-2841,20.83,air-cooled,90.9,0.1259,179.42,1.537,10520351.84,12.99,2.706,10913267.35,5826126.24,8369696.8,7728821.2,8236807.09,8708876.8,6695757.44,2.8
DC-2842,4.89,hybrid,72.2,0.1578,166.19,1.238,14137091.88,8.49,0.415,2013952.69,827626.2,1420789.44,1336718.65,1477377.48,1629815.31,1136631.55,3.9
DC-2843,53.6,hybrid,87.9,0.1383,166.29,1.197,13419820.52,8.19,4.39,19458049.04,8760157.2,14109103.12,14200764.58,15691490.6,17320567.42,11287282.5,4.3
DC-2844,6.46,air-cooled,65.4,0.1205,156.43,1.575,10993944.37,12.04,0.778,3194185.78,1460430.48,2327308.13,2264004.4,2418139.03,2585134.66,1861846.5,3.1
DC-2845,19.56,air-cooled,49.6,0.0918,177.12,1.688,10789010.51,12.23,2.392,8981944.39,5084052.48,7032998.44,6770695.12,7179227.18,7701216.13,5626398.75,3.1
DC-2846,6.84,air-cooled,62.9,0.11,178.24,1.597,10915162.25,12.1,0.828,3282573.55,1770992.64,2526783.09,2437274.98,2603672.37,2781635.98,2021426.47,3.0
DC-2847,10.27,air-cooled,92.8,0.1342,195.81,1.57,10877802.76,12.72,1.306,5567437.44,3068734.32,4318085.88,4019748.1,4278041.41,4518138.34,3454468.7,2.7
DC-2848,8.42,hybrid,54.1,0.0966,184.25,1.231,13458140.71,9.09,0.765,3084778.22,1691415.0,2388096.61,2175413.99,2359213.05,2608659.05,1910477.29,4.0
DC-2849,10.11,hybrid,72.0,0.1628,176.65,1.286,12930847.05,8.66,0.876,4123789.42,1856944.8,2990367.11,2830192.41,3136024.11,3449192.91,2392293.69,3.8
DC-2850,10.68,hybrid,72.4,0.1203,182.26,1.268,13277510.02,9.76,1.042,4466857.78,2278979.04,3372918.41,2821327.52,3131215.34,3438436.71,2698334.73,3.6
DC-2851,10.61,hybrid,65.8,0.121,168.42,1.233,12274717.96,8.77,0.93,3752220.58,1879567.2,2815893.89,2737307.69,3007409.37,3329859.61,2252715.11,4.2
DC-2852,32.03,air-cooled,66.7,0.1067,199.38,1.638,10117448.16,12.18,3.901,14743233.85,9333376.56,12038305.2,11829915.55,12598552.67,13462250.3,9630644.16,3.0
DC-2853,6.79,liquid-cooled,72.9,0.1299,172.21,1.077,17957750.84,4.85,0.329,1716115.14,679885.08,1198000.11,573481.04,873881.41,1154892.48,958400.09,6.4
DC-2854,19.62,hybrid,65.3,0.0968,166.9,1.243,14278344.28,9.2,1.805,7629716.26,3615054.0,5622385.13,4825835.61,5333078.07,5847446.36,4497908.1,3.9
DC-2855,43.57,liquid-cooled,54.9,0.1633,196.27,1.074,17120304.27,2.11,0.919,4908266.56,2164465.56,3536366.06,3787807.58,5817482.32,7842953.31,2829092.85,13.9
DC-2856,10.91,air-cooled,74.6,0.1463,192.61,1.601,11713614.8,12.66,1.381,6428344.95,3191932.92,4810138.94,4351087.47,4626355.63,4891020.74,3848111.15,2.6
DC-2857,9.26,liquid-cooled,84.9,0.1397,158.14,1.067,17895193.35,3.64,0.337,1780193.86,639518.16,1209856.01,741947.59,1090611.24,1522462.72,967884.81,8.6
DC-2858,13.68,hybrid,82.4,0.0922,196.83,1.246,13417042.97,9.15,1.252,4992881.37,2957173.92,3975027.64,3547976.95,3899508.25,4319199.87,3180022.11,3.9
DC-2859,42.26,hybrid,62.3,0.1241,172.88,1.254,13445674.01,8.33,3.52,15316121.99,7302451.2,11309286.6,11044043.09,12212547.1,13349705.3,9047429.28,4.2
DC-2860,19.21,air-cooled,57.0,0.1442,178.39,1.626,10344044.7,12.68,2.436,10602998.87,5214696.48,7908847.68,7450187.44,7900991.56,8351865.72,6327078.14,2.7
DC-2861,10.75,hybrid,68.6,0.1319,186.81,1.27,14162416.09,9.64,1.036,4780743.68,2322421.92,3551582.8,2914203.41,3217836.58,3535031.6,2841266.24,3.4
DC-2862,24.22,liquid-cooled,90.8,0.1,192.8,1.058,17367210.73,4.63,1.121,5365316.93,2593545.6,3979431.26,1998155.2,3038168.9,4067602.58,3183545.01,6.8
DC-2863,6.81,hybrid,79.7,0.107,190.68,1.219,13502862.11,8.09,0.551,2282919.24,1260776.16,1771847.7,1783358.33,1992175.61,2187210.52,1417478.16,4.3
DC-2864,28.36,hybrid,80.4,0.111,183.25,1.233,11611100.88,8.27,2.345,8862140.8,5156655.0,7009397.9,7391149.34,8167962.56,9032316.99,5607518.32,4.6
DC-2865,22.8,liquid-cooled,82.7,0.1079,177.63,1.114,17031036.9,2.27,0.518,2505893.44,1104148.08,1805020.76,1849688.69,2846446.25,3790721.29,1444016.61,14.2
DC-2866,12.86,air-cooled,77.0,0.1506,190.18,1.571,10764071.85,12.09,1.555,6942401.91,3548758.8,5245580.36,5163648.22,5492526.48,5817217.61,4196464.29,2.8
DC-2867,8.41,hybrid,73.4,0.0816,182.22,1.275,13284243.98,9.45,0.795,3071438.47,1738378.8,2404908.64,2057543.16,2285861.01,2523533.74,1923926.91,3.9
DC-2868,8.09,air-cooled,79.9,0.1331,211.08,1.612,11446779.72,12.74,1.031,4560370.65,2611481.76,3585926.2,3250707.51,3457976.69,3652547.97,2868740.96,2.5
DC-2869,25.23,liquid-cooled,65.4,0.0942,192.8,1.062,17496411.53,2.8,0.706,3363698.42,1633401.6,2498550.01,2069914.38,3094631.09,4197634.21,1998840.01,11.4
DC-2870,43.96,air-cooled,55.0,0.1008,170.15,1.589,11608348.02,12.98,5.706,22725472.25,11650510.8,17187991.52,15172616.88,16175000.95,17287409.01,13750393.22,2.9
DC-2871,9.88,air-cooled,80.7,0.0798,176.84,1.546,11303358.02,12.34,1.219,4379361.78,2586815.52,3483088.65,3272774.79,3486610.72,3723133.08,2786470.92,3.2
DC-2872,23.73,hybrid,86.9,0.109,184.72,1.211,13923039.61,9.8,2.326,9886244.42,5155904.64,7521074.53,6161310.11,6818084.91,7486122.82,6016859.62,3.5
DC-2873,3.1,hybrid,58.6,0.1502,203.49,1.246,12539334.48,8.83,0.274,1212709.14,669075.12,940892.13,898921.87,986329.01,1081128.95,752713.7,3.7
DC-2874,10.3,hybrid,81.9,0.1253,205.17,1.276,13717460.33,9.88,1.018,4528978.01,2506356.72,3517667.36,2869903.55,3171577.32,3482413.55,2814133.89,3.3
DC-2875,16.04,liquid-cooled,92.2,0.096,178.06,1.07,18491659.14,3.28,0.526,2634778.6,1123914.72,1879346.66,1310657.8,1982035.12,2648929.83,1503477.33,9.6
DC-2876,7.94,liquid-cooled,72.0,0.1403,170.0,1.089,17973369.39,2.46,0.195,1039836.25,397800.0,718818.12,647014.58,986939.34,1358345.92,575054.5,12.4
DC-2877,7.77,air-cooled,62.2,0.1446,168.08,1.702,11075553.08,12.75,0.991,4575596.25,1998807.36,3287201.8,2951075.14,3149133.91,3351115.32,2629761.44,2.7
DC-2878,9.64,air-cooled,73.5,0.1221,187.79,1.598,11865538.77,12.31,1.187,5158702.95,2674880.76,3916791.86,3642769.93,3851624.29,4102077.61,3133433.49,2.8
DC-2879,20.78,air-cooled,65.4,0.1607,218.56,1.582,11613398.01,12.22,2.539,12206971.54,6659086.08,9433028.81,8961204.76,9467426.2,9986435.35,7546423.05,2.5
DC-2880,14.16,air-cooled,64.6,0.1364,192.09,1.524,10497994.44,12.44,1.762,7319102.01,4061550.96,5690326.48,5498689.09,5885674.88,6215558.12,4552261.18,2.8
DC-2881,2.74,air-cooled,77.2,0.1337,160.09,1.656,10701556.39,12.8,0.351,1515495.4,674299.08,1094897.24,1001744.09,1068216.13,1132090.63,875917.79,2.8
DC-2882,3.01,liquid-cooled,52.8,0.1039,173.11,1.094,17475787.72,2.82,0.085,414734.36,176572.2,295653.28,243452.32,377223.69,493805.33,236522.62,11.5
DC-2883,10.12,hybrid,54.7,0.1325,174.64,1.267,15155629.8,8.68,0.878,4248224.63,1840007.04,3044115.84,2703874.13,2964415.3,3284492.85,2435292.67,3.7
DC-2884,23.72,air-cooled,72.2,0.1243,171.67,1.677,10646133.94,12.35,2.929,12277896.95,6033857.16,9155877.06,8627842.03,9178976.59,9751099.43,7324701.65,2.9
DC-2885,1.83,air-cooled,71.7,0.1304,178.18,1.549,11993611.68,12.82,0.235,1042148.85,502467.6,772308.22,688891.0,733642.64,776805.55,617846.58,2.7
DC-2886,11.03,hybrid,76.1,0.1063,189.54,1.229,13561911.45,8.86,0.977,4062549.83,2222166.96,3142358.4,2886375.89,3214034.09,3536206.24,2513886.72,3.9
DC-2887,10.79,air-cooled,94.5,0.1226,194.23,1.571,11070956.74,12.7,1.37,5681977.6,3193141.2,4437559.4,4096181.56,4371863.04,4646268.57,3550047.52,2.7
DC-2888,49.93,air-cooled,73.3,0.1037,200.38,1.606,11396518.4,12.29,6.136,24491655.72,14754380.16,19623017.94,18329249.41,19474212.88,20765822.39,15698414.35,2.9
DC-2889,12.09,liquid-cooled,79.2,0.0771,191.86,1.081,16674327.54,2.32,0.28,1241942.57,644649.6,943296.08,956518.56,1481242.94,1988933.9,754636.86,14.4
DC-2890,22.34,liquid-cooled,60.3,0.14,154.69,1.055,17102771.65,2.67,0.596,3036302.88,1106342.88,2071322.88,1829710.15,2808571.98,3737196.82,1657058.3,12.1
DC-2891,18.41,air-cooled,81.2,0.09,168.14,1.54,10187475.92,12.12,2.231,7759461.59,4501444.08,6130452.84,6183614.47,6594065.13,6983168.16,4904362.27,3.4
DC-2892,2.99,liquid-cooled,65.7,0.1221,181.63,1.081,17519549.13,4.04,0.121,610985.44,263726.76,437356.1,242745.19,378519.54,512850.39,349884.88,7.7
DC-2893,30.4,air-cooled,72.9,0.1267,186.21,1.584,11372777.58,12.71,3.864,16558603.36,8634185.28,12596394.32,11424085.0,12193219.1,13002226.9,10077115.46,2.7
DC-2894,19.54,hybrid,70.7,0.1265,196.92,1.274,13000280.93,9.57,1.87,8042349.54,4418884.8,6230617.17,5394343.54,5930752.62,6543584.79,4984493.74,3.5
DC-2895,24.7,air-cooled,84.4,0.1143,184.65,1.611,10639682.42,12.73,3.144,12504997.85,6966475.2,9735736.52,9010254.08,9719936.38,10246653.36,7788589.22,2.9
DC-2896,250.0,air-cooled,56.3,0.1254,184.76,1.55,10745443.36,12.59,31.475,128750297.36,69783852.0,99267074.68,93325920.92,99965673.92,105831175.39,79413659.74,2.8
DC-2897,3.1,liquid-cooled,44.6,0.1294,187.57,1.066,17382016.59,4.56,0.141,715014.98,317368.44,516191.71,382098.94,522798.16,654007.54,412953.37,6.8
DC-2898,65.35,air-cooled,69.4,0.1347,180.17,1.618,10758139.63,12.89,8.424,36222293.5,18213024.96,27217659.23,24946725.44,26477266.45,28097116.1,21774127.38,2.7
DC-2899,13.07,hybrid,77.6,0.1547,185.3,1.282,13343640.61,9.69,1.266,5953471.31,2815077.6,4384274.46,3704370.88,4075744.07,4462904.95,3507419.57,3.4
DC-2900,20.69,air-cooled,73.8,0.1247,200.89,1.606,11092696.27,12.26,2.537,10704600.16,6115895.16,8410247.66,7991002.17,8497645.09,9099691.77,6728198.13,2.8
DC-2901,15.86,air-cooled,86.8,0.1213,182.74,1.628,11314553.97,12.2,1.935,8212601.67,4243222.8,6227912.24,5867373.98,6264736.64,6653315.69,4982329.79,2.9
DC-2902,11.71,air-cooled,77.2,0.1019,183.55,1.536,10224512.19,12.29,1.439,5242586.39,3169541.4,4206063.89,4151890.0,4448769.06,4703553.28,3364851.11,3.1
DC-2903,10.42,air-cooled,65.2,0.1287,183.5,1.559,10335317.1,12.88,1.342,5440967.81,2955084.0,4198025.9,3908809.64,4198776.74,4418941.31,3358420.72,2.8
DC-2904,21.4,hybrid,44.1,0.1333,203.47,1.285,14876034.06,11.0,2.354,11314006.96,5747620.56,8530813.76,6813983.46,7504134.97,8142421.63,6824651.01,2.8
DC-2905,4.89,air-cooled,69.2,0.1162,167.38,1.635,11033131.52,12.5,0.611,2514932.9,1227230.16,1871081.53,1737866.8,1857126.75,1966811.28,1496865.22,2.9
DC-2906,29.98,hybrid,84.3,0.1309,210.64,1.242,13570219.71,9.9,2.968,13177284.57,7502154.24,10339719.41,8468653.18,9385723.43,10357877.14,8271775.53,3.3
DC-2907,11.79,hybrid,67.3,0.1141,166.35,1.227,14007112.59,8.74,1.03,4469270.75,2056086.0,3262678.38,2975615.41,3318832.53,3618750.83,2610142.7,4.1
DC-2908,6.66,hybrid,72.3,0.1334,174.19,1.31,13604987.67,8.64,0.575,2618650.99,1201911.0,1910281.0,1769009.83,1957253.1,2141342.23,1528224.8,3.9
DC-2909,11.47,air-cooled,77.1,0.1383,195.17,1.612,10442209.84,12.52,1.436,6136662.67,3363169.44,4749916.06,4499930.87,4806797.75,5088282.0,3799932.85,2.7
DC-2910,44.96,liquid-cooled,59.8,0.138,199.45,1.042,16744773.47,2.78,1.25,6225892.17,2991750.0,4608821.08,3983466.08,5990865.56,8094614.9,3687056.86,11.0
DC-2911,10.72,air-cooled,79.5,0.1224,162.95,1.528,10269977.38,12.81,1.373,5382950.12,2684764.2,4033857.16,3813497.66,4092135.01,4379649.95,3227085.73,3.0
DC-2912,21.91,air-cooled,91.6,0.0992,167.61,1.519,10721357.36,12.27,2.688,9952381.03,5406428.16,7679404.6,7418367.28,7948883.77,8506490.64,6143523.68,3.2
DC-2913,9.16,air-cooled,69.9,0.1078,188.17,1.519,11260578.13,12.4,1.136,4472187.68,2565133.44,3518660.56,3305613.98,3542624.2,3776769.43,2814928.45,2.9
DC-2914,30.15,air-cooled,58.5,0.1319,219.17,1.621,11794856.14,12.22,3.684,16556094.44,9689067.36,13122580.9,12265932.57,13004071.85,13744794.08,10498064.72,2.6
DC-2915,28.46,air-cooled,71.2,0.169,202.69,1.56,10598379.51,12.71,3.617,16872154.24,8797556.76,12834855.5,12085131.95,12848777.96,13550975.73,10267884.4,2.5
DC-2916,72.16,hybrid,45.3,0.1132,180.28,1.296,12901327.66,9.88,7.129,29600440.48,15422593.44,22511516.96,20845046.69,22936352.61,25076612.62,18009213.57,3.6
DC-2917,14.29,air-cooled,76.0,0.1291,147.71,1.591,10909766.24,12.62,1.803,7615294.78,3195853.56,5405574.17,5015777.73,5358951.61,5716754.17,4324459.34,3.0
DC-2918,28.08,air-cooled,77.4,0.1089,185.22,1.558,10051049.78,12.92,3.628,13495588.7,8063737.92,10779663.31,10216724.0,10822607.02,11479626.89,8623730.65,2.9
DC-2919,17.79,hybrid,92.1,0.1005,189.43,1.194,14026523.32,8.89,1.582,6594059.02,3596139.12,5095099.07,4604612.5,5111695.03,5613795.09,4076079.26,3.9
DC-2920,46.37,air-cooled,69.7,0.1065,178.26,1.684,11393128.71,12.03,5.578,22885849.81,11932011.36,17408930.58,16357275.11,17565301.54,18683568.17,13927144.46,3.0
DC-2921,9.25,air-cooled,76.9,0.0784,171.24,1.574,10750854.6,12.03,1.113,3862195.5,2287081.44,3074638.47,3038814.32,3232786.7,3468143.38,2459710.78,3.4
DC-2922,29.84,air-cooled,61.7,0.1471,186.39,1.55,11135858.48,12.59,3.757,16801150.03,8403206.76,12602178.4,11748031.65,12473023.0,13295339.69,10081742.72,2.7
DC-2923,14.07,hybrid,67.7,0.0754,169.87,1.312,14306416.23,9.59,1.349,5457763.77,2749855.56,4103809.66,3377509.09,3744191.99,4091649.47,3283047.73,3.9
DC-2924,15.62,air-cooled,53.7,0.1147,212.09,1.584,11164044.25,12.94,2.021,8230436.75,5143606.68,6687021.72,6029189.08,6418324.72,6866726.59,5349617.38,2.6
DC-2925,17.7,air-cooled,69.7,0.0964,206.75,1.545,11069715.13,12.4,2.195,8263370.7,5445795.0,6854582.85,6483740.5,6918996.54,7399941.13,5483666.28,2.9
DC-2926,20.12,air-cooled,68.3,0.1023,193.87,1.577,10454528.51,12.22,2.459,9187940.27,5720715.96,7454328.12,7314576.02,7768023.61,8265891.25,5963462.5,3.0
DC-2927,14.98,hybrid,75.6,0.1475,185.35,1.248,13376951.59,8.67,1.299,5956170.52,2889235.8,4422703.16,4173796.73,4597539.22,5051795.36,3538162.53,3.8
DC-2928,19.53,hybrid,64.5,0.124,174.1,1.229,14472768.73,8.16,1.594,7254548.7,3330184.8,5292366.75,5083989.07,5680827.53,6241478.75,4233893.4,4.2
DC-2929,58.12,hybrid,73.0,0.1007,183.69,1.259,13601648.91,8.49,4.934,20393173.44,10875917.52,15634545.48,14752805.63,16419989.3,18187564.94,12507636.38,4.2
DC-2930,36.17,air-cooled,68.0,0.1082,208.59,1.658,11718176.15,12.18,4.406,18397449.51,11028570.48,14713010.0,13691979.07,14585069.55,15507097.31,11770408.0,2.8
DC-2931,32.96,air-cooled,68.0,0.1047,197.03,1.639,11030756.04,12.06,3.975,15719233.01,9398331.0,12558782.0,12089303.12,12950311.58,13746629.15,10047025.6,3.0
DC-2932,11.42,air-cooled,73.0,0.1191,187.06,1.631,10973379.16,13.0,1.485,6148162.99,3333409.2,4740786.1,4265503.73,4522401.15,4805383.33,3792628.88,2.7
DC-2933,8.07,air-cooled,72.5,0.1235,197.86,1.518,11845709.43,12.89,1.04,4445629.09,2469292.8,3457460.94,3108439.78,3298327.29,3481164.86,2765968.75,2.6
DC-2934,35.31,air-cooled,81.1,0.1579,192.18,1.625,10519951.35,12.89,4.551,20868489.75,10495334.16,15681911.96,14418103.03,15311809.83,16280554.62,12545529.57,2.5
DC-2935,33.14,air-cooled,70.6,0.0817,189.94,1.598,10055188.8,12.49,4.139,13982213.42,9433939.92,11708076.67,11342750.14,12113657.17,12928974.36,9366461.34,3.2
DC-2936,53.42,air-cooled,67.8,0.1193,198.71,1.529,11473821.99,12.43,6.64,27540377.35,15833212.8,21686795.08,20328322.31,21635833.23,22936631.48,17349436.06,2.8
DC-2937,10.14,hybrid,69.8,0.1137,191.76,1.207,12796576.9,8.04,0.815,3297384.25,1875412.8,2586398.52,2697099.63,2974620.74,3276408.57,2069118.82,4.4
DC-2938,13.69,air-cooled,63.4,0.1389,196.88,1.523,10508537.49,12.21,1.672,7002941.47,3950200.32,5476570.9,5434938.95,5754960.99,6108566.76,4381256.72,2.8
DC-2939,4.43,hybrid,67.7,0.1271,186.42,1.242,13490008.04,9.19,0.407,1782911.28,910475.28,1346693.28,1187388.61,1323712.92,1458253.77,1077354.62,3.7
DC-2940,12.01,air-cooled,96.4,0.1318,180.19,1.565,11903911.08,12.24,1.47,6544752.37,3178551.6,4861651.99,4511733.21,4813713.09,5142127.02,3889321.59,2.8
DC-2941,36.5,air-cooled,61.0,0.1269,175.78,1.557,10919784.37,12.18,4.446,18484015.84,9378214.56,13931115.2,13559805.84,14430295.59,15315141.65,11144892.16,2.9
DC-2942,11.32,air-cooled,68.7,0.1014,173.99,1.648,11002918.44,12.12,1.372,5363082.23,2864571.36,4113826.8,3925990.15,4187378.97,4468443.87,3291061.44,3.1
DC-2943,27.45,air-cooled,67.4,0.1442,159.92,1.539,11252446.54,12.31,3.379,15018290.44,6484436.16,10751363.3,10263444.51,10910247.77,11595638.85,8601090.64,2.9
DC-2944,14.12,air-cooled,69.0,0.136,170.32,1.556,11578728.96,12.68,1.79,7923984.6,3658473.6,5791229.1,5252681.85,5612641.15,5988208.09,4632983.28,2.7
DC-2945,21.31,air-cooled,68.0,0.1383,169.89,1.609,11134963.89,12.25,2.61,11545994.79,5320954.8,8433474.8,8036254.4,8488022.27,9035523.29,6746779.84,2.8
DC-2946,6.57,liquid-cooled,75.4,0.1453,176.39,1.052,17903439.5,2.7,0.177,941207.62,374652.36,657929.99,552609.32,853198.38,1135595.79,526343.99,11.2
DC-2947,17.6,hybrid,51.5,0.1284,207.43,1.243,13266905.97,8.68,1.528,6641158.38,3803436.48,5222297.43,4950668.29,5454405.95,5977016.74,4177837.94,3.8
DC-2948,1.5,air-cooled,84.4,0.1496,181.64,1.587,11264238.93,12.84,0.193,884503.82,420678.24,652591.03,591846.98,626941.97,667313.78,522072.82,2.6
DC-2949,14.16,hybrid,79.6,0.1276,187.63,1.233,12570724.05,9.95,1.409,5877942.27,3172448.04,4525195.15,3811331.35,4276478.62,4685150.54,3620156.12,3.5
DC-2950,4.46,hybrid,57.1,0.1156,188.1,1.2,12610627.31,8.93,0.398,1598984.43,898365.6,1248675.01,1175863.39,1308463.54,1439655.46,998940.01,4.0
DC-2951,43.15,hybrid,44.8,0.1199,207.81,1.223,13139253.95,10.16,4.384,18432003.95,10932468.48,14682236.22,13513873.34,14742728.31,16270811.84,11745788.98,3.3
DC-2952,30.63,hybrid,60.3,0.1195,175.37,1.268,14452553.94,9.86,3.02,13707920.17,6355408.8,10031664.48,7984573.76,8892819.12,9767358.46,8025331.58,3.4
DC-2953,23.89,air-cooled,69.1,0.1096,180.66,1.537,10388624.61,12.78,3.053,11553317.69,6618659.76,9085988.72,8544581.79,9140799.12,9716684.82,7268790.98,3.0
DC-2954,55.52,air-cooled,98.0,0.1526,182.41,1.59,11150483.38,12.73,7.068,32536541.67,15471286.56,24003914.12,22157150.22,23507590.59,24817701.39,19203131.3,2.6
DC-2955,7.7,air-cooled,78.5,0.1259,201.05,1.615,10956953.63,12.24,0.942,3971506.14,2272669.2,3122087.67,2983307.94,3179105.38,3356311.95,2497670.14,2.8
DC-2956,66.55,air-cooled,50.3,0.1219,204.16,1.504,11825087.35,12.57,8.365,35416026.14,20493580.8,27954803.47,25703041.74,27448381.62,29112286.17,22363842.78,2.7
DC-2957,34.67,air-cooled,63.7,0.1278,191.12,1.488,10808142.39,12.91,4.476,18206877.87,10265437.44,14236157.66,13267718.52,14095535.26,14990906.9,11388926.13,2.7
DC-2958,13.61,hybrid,71.4,0.1796,202.49,1.202,14220287.14,9.02,1.228,6202831.36,2983892.64,4593362.0,4096549.99,4522611.43,4979169.5,3674689.6,3.3
DC-2959,40.79,liquid-cooled,75.0,0.0974,186.66,1.091,15381757.95,2.87,1.171,5092720.94,2622946.32,3857833.63,3249580.59,4907980.01,6736475.06,3086266.9,11.9
DC-2960,6.79,liquid-cooled,56.2,0.1031,181.41,1.054,16489769.36,4.07,0.276,1274104.21,600829.92,937467.06,569843.37,826797.17,1132901.6,749973.65,8.1
DC-2961,8.5,liquid-cooled,70.4,0.0924,201.68,1.062,18433818.91,2.4,0.204,1011026.55,493712.64,752369.6,709122.61,1070536.7,1435813.89,601895.68,12.7
DC-2962,10.11,hybrid,63.4,0.1153,191.31,1.239,13636189.76,8.94,0.904,3870646.93,2075330.88,2972988.9,2713944.67,2983173.52,3286162.9,2378391.12,3.8
DC-2963,10.77,liquid-cooled,58.8,0.1249,172.97,1.079,18466499.58,4.45,0.479,2531144.43,994231.56,1762688.0,870408.23,1380178.64,1801561.52,1410150.4,6.9
DC-2964,7.06,air-cooled,75.1,0.1107,198.96,1.572,10029122.03,12.5,0.882,3310245.22,2105792.64,2708018.93,2617809.7,2802708.11,2979752.94,2166415.14,2.9
DC-2965,43.75,air-cooled,81.3,0.1092,180.87,1.559,11294516.42,12.49,5.464,21862663.16,11859284.16,16860973.66,15738865.35,16755004.53,17862837.24,13488778.93,2.9
DC-2966,13.37,air-cooled,82.1,0.1228,179.04,1.615,11222353.65,12.99,1.737,7349519.86,3731909.76,5540714.81,4944796.91,5265194.6,5600050.29,4432571.85,2.7
DC-2967,21.8,hybrid,78.9,0.11,197.4,1.2,12893235.6,8.45,1.842,7407572.55,4363329.6,5885451.07,5782412.62,6397636.03,7042861.76,4708360.86,4.2
DC-2968,10.42,air-cooled,66.0,0.1262,182.67,1.572,11627714.52,12.61,1.314,5678847.07,2880340.56,4279593.82,3894259.28,4144598.51,4414801.94,3423675.06,2.7
DC-2969,3.83,hybrid,80.6,0.1423,189.83,1.288,13788276.03,8.3,0.318,1484937.62,724391.28,1104664.45,1057377.62,1171451.42,1298925.77,883731.56,3.9
DC-2970,20.41,air-cooled,75.7,0.1335,193.93,1.661,11926915.39,12.07,2.463,11312309.5,5731795.08,8522052.29,7952486.84,8460471.67,8973924.21,6817641.83,2.7
DC-2971,3.56,air-cooled,73.6,0.1376,172.26,1.601,11208917.55,12.33,0.439,1940677.44,907465.68,1424071.56,1340128.62,1431546.29,1514795.04,1139257.25,2.8
DC-2972,15.57,hybrid,64.7,0.1417,189.77,1.287,13847211.28,9.53,1.484,6937256.09,3379424.16,5158340.12,4289588.47,4769275.06,5287280.28,4126672.1,3.4
DC-2973,5.5,air-cooled,66.0,0.1257,204.24,1.538,10872585.62,12.11,0.666,2737040.99,1632286.08,2184663.54,2140033.15,2275418.97,2425533.78,1747730.83,2.8
DC-2974,80.63,air-cooled,72.9,0.1168,169.65,1.527,10994735.48,12.51,10.087,40405012.6,20535114.6,30470063.6,28521758.99,30736025.64,32640283.66,24376050.88,3.0
DC-2975,34.09,air-cooled,98.0,0.1046,190.75,1.556,11907413.96,12.3,4.193,17073261.05,9597777.0,13335519.02,12287173.19,13115095.14,13952148.54,10668415.22,2.9
DC-2976,17.9,air-cooled,75.6,0.1122,171.56,1.58,10841584.36,12.71,2.275,9013956.61,4683588.0,6848772.3,6309192.34,6750343.97,7175354.14,5479017.84,2.9
DC-2977,45.19,hybrid,64.7,0.1095,199.32,1.223,12942057.36,9.46,4.275,17310068.4,10225116.0,13767592.2,12101686.8,13344431.1,14725438.98,11014073.76,3.7
DC-2978,8.36,air-cooled,62.0,0.1346,199.18,1.541,11674944.1,12.66,1.058,4667281.26,2528789.28,3598035.27,3296155.58,3500777.91,3690877.34,2878428.22,2.6
DC-2979,25.4,hybrid,66.1,0.1269,178.69,1.223,13313520.43,9.07,2.304,9948904.03,4940421.12,7444662.57,6785780.23,7533955.8,8245448.68,5955730.06,3.8
DC-2980,19.3,air-cooled,98.0,0.1339,217.14,1.638,11044610.04,12.32,2.378,10405349.96,6196307.04,8300828.5,7826716.51,8312474.5,8792005.36,6640662.8,2.6
DC-2981,20.31,hybrid,67.2,0.0968,200.6,1.194,13898942.97,9.65,1.96,8038210.46,4718112.0,6378161.23,5387609.76,5893641.57,6486815.49,5102528.98,3.6
DC-2982,45.51,air-cooled,82.9,0.1486,194.6,1.597,11001348.27,12.87,5.857,26494821.56,13677266.4,20086043.98,18308565.87,19436878.1,20679249.99,16068835.18,2.5
DC-2983,29.55,hybrid,67.5,0.1115,193.76,1.238,13815405.21,8.72,2.577,11027741.07,5991834.24,8509787.66,7924917.29,8667265.06,9486548.02,6807830.13,3.9
DC-2984,20.72,hybrid,75.1,0.098,198.76,1.213,13586265.47,9.34,1.935,7857079.78,4615207.2,6236143.49,5409997.09,5990526.07,6621605.67,4988914.79,3.7
DC-2985,4.38,air-cooled,81.5,0.1112,169.07,1.484,10859998.84,12.34,0.54,2083814.25,1095573.6,1589693.92,1539241.59,1646247.88,1750721.94,1271755.14,3.1
DC-2986,7.63,liquid-cooled,65.1,0.1697,186.92,1.101,16780124.84,3.7,0.282,1513108.34,632537.28,1072822.81,672891.01,1013994.59,1396250.84,858258.25,8.0
DC-2987,14.91,hybrid,64.3,0.1122,189.75,1.274,12601622.86,9.0,1.342,5438508.1,3055734.0,4247121.05,3925642.24,4357969.73,4809575.01,3397696.84,3.9
DC-2988,17.72,air-cooled,91.9,0.1135,178.0,1.559,10909354.84,12.87,2.281,9065497.86,4872216.0,6968856.93,6344126.02,6807931.51,7235002.59,5575085.54,2.9
DC-2989,6.66,air-cooled,83.8,0.1162,190.97,1.637,10753038.01,12.54,0.835,3386664.76,1913519.4,2650092.08,2481592.81,2634247.63,2801718.29,2120073.66,2.8
DC-2990,113.22,liquid-cooled,81.5,0.117,202.48,1.056,18498220.81,4.62,5.231,27164746.5,12710074.56,19937410.53,9771753.11,14522356.03,19704497.27,15949928.42,6.4
DC-2991,55.32,hybrid,81.4,0.1044,177.67,1.26,12474011.35,8.71,4.818,18907412.12,10272168.72,14589790.42,13920217.75,15433474.85,17156276.02,11671832.34,4.3
DC-2992,26.62,air-cooled,77.5,0.1229,183.18,1.531,10099417.87,12.83,3.415,13293214.67,7506716.4,10399965.54,9899635.41,10528187.19,11214549.85,8319972.43,2.9
DC-2993,17.42,air-cooled,96.2,0.1415,171.69,1.61,11048409.32,12.95,2.256,10041143.48,4647991.68,7344567.58,6606786.67,7044276.66,7480312.46,5875654.06,2.7
DC-2994,13.88,hybrid,72.5,0.1263,157.2,1.207,13354833.84,9.09,1.262,5430576.78,2380636.8,3905606.79,3519577.26,3933132.87,4306586.49,3124485.43,4.0
DC-2995,7.68,hybrid,78.9,0.0978,195.68,1.247,13540320.41,9.32,0.716,2919346.73,1681282.56,2300314.64,1998594.29,2216472.56,2424946.66,1840251.71,3.8
DC-2996,17.5,hybrid,54.6,0.1131,183.61,1.272,13304913.44,8.76,1.533,6464490.93,3377689.56,4921090.24,4559547.09,5102635.42,5606774.43,3936872.19,4.0
DC-2997,20.21,air-cooled,62.1,0.109,184.71,1.546,10425215.12,12.0,2.425,9197775.5,5375061.0,7286418.25,7269905.87,7804295.42,8303215.96,5829134.6,3.1
DC-2998,6.09,hybrid,57.6,0.1211,169.2,1.263,13317872.52,8.84,0.538,2313057.34,1092355.2,1702706.27,1577789.67,1732704.55,1897765.98,1362165.02,4.0
DC-2999,21.48,air-cooled,87.3,0.1466,181.22,1.462,10690439.3,12.9,2.771,11785553.38,6025927.44,8905740.41,8370570.02,8885140.11,9394208.4,7124592.33,2.7
DC-3000,14.52,air-cooled,41.4,0.117,200.45,1.543,10699988.83,13.82,2.007,7946168.3,4827637.8,6386903.05,6288877.03,6717005.91,7065392.74,5109522.44,2.6
DC-3001,3.57,hybrid,67.2,0.1182,184.01,1.267,13172535.76,8.44,0.301,1275975.88,664644.12,970310.0,942002.15,1046587.05,1154347.11,776248.0,4.1
DC-3002,8.26,liquid-cooled,36.1,0.1556,184.44,1.091,17371711.92,6.65,0.549,2935763.51,1215090.72,2075427.11,1577984.51,1935157.4,2322483.26,1660341.69,4.5
DC-3003,11.81,air-cooled,62.0,0.1375,187.11,1.488,11595534.41,12.65,1.494,6527407.65,3354508.08,4940957.86,4572203.68,4886921.93,5148598.14,3952766.29,2.7
DC-3004,74.45,air-cooled,66.1,0.1315,165.45,1.576,10434811.14,12.94,9.634,39829888.21,19127343.6,29478615.9,27214000.86,28994160.67,31051466.65,23582892.72,2.8
DC-3005,25.67,hybrid,88.6,0.1592,193.37,1.243,13259049.41,9.15,2.349,10993163.28,5450713.56,8221938.42,7361629.01,8158510.35,8965952.7,6577550.74,3.5
DC-3006,5.65,air-cooled,76.8,0.1298,165.17,1.556,10478614.44,12.29,0.694,2843892.41,1375535.76,2109714.08,2053738.02,2202389.37,2337603.64,1687771.26,3.0
DC-3007,24.26,hybrid,62.0,0.0803,169.91,1.283,13075708.8,9.41,2.283,8694146.15,4654854.36,6674500.26,5844266.36,6469137.67,7149367.2,5339600.21,4.1
DC-3008,4.77,hybrid,84.8,0.1367,168.26,1.242,13271935.01,9.22,0.44,1952105.74,888412.8,1420259.27,1259836.01,1401044.19,1533258.23,1136207.42,3.8
DC-3009,39.1,air-cooled,72.2,0.0882,181.37,1.684,10732421.93,12.66,4.95,18246169.95,10773378.0,14509773.98,13400846.94,14279485.38,15250070.01,11607819.18,3.0
DC-3010,11.28,liquid-cooled,72.5,0.129,178.71,1.07,18881170.24,4.27,0.482,2605189.95,1033658.64,1819424.3,947319.57,1412180.02,1919746.59,1455539.44,7.0
DC-3011,15.26,hybrid,57.6,0.0857,183.98,1.234,12662840.66,8.12,1.239,4634315.8,2735414.64,3684865.22,3837130.99,4217967.3,4665900.54,2947892.18,4.7
DC-3012,47.5,liquid-cooled,60.1,0.1107,170.42,1.057,18835195.91,2.7,1.283,6685207.26,2623786.32,4654496.79,3728315.69,5991720.27,7925976.67,3723597.43,11.5
DC-3013,5.87,hybrid,62.1,0.1127,199.08,1.28,13145005.09,8.42,0.494,2067288.63,1180146.24,1623717.44,1568435.54,1745451.86,1929074.48,1298973.95,4.1
DC-3014,5.38,liquid-cooled,72.6,0.1046,196.51,1.073,18623345.31,3.63,0.195,998732.82,459833.4,729283.11,454718.05,691295.31,921976.03,583426.49,8.3
DC-3015,10.31,air-cooled,72.9,0.113,181.39,1.595,10701411.4,12.41,1.279,5060939.08,2783973.72,3922456.4,3752087.24,3990505.16,4230100.65,3137965.12,3.0
DC-3016,37.74,air-cooled,90.5,0.1407,176.82,1.62,10948113.96,12.1,4.567,20230056.51,9690443.28,14960249.9,14488758.97,15343877.51,16353013.35,11968199.92,2.8
DC-3017,4.88,liquid-cooled,76.6,0.1057,175.31,1.082,15758643.57,4.27,0.208,936786.08,437573.76,687179.92,398471.46,593587.89,806852.05,549743.94,8.0
DC-3018,1.71,air-cooled,39.5,0.1309,179.35,1.517,11234202.41,14.47,0.247,1046294.24,531593.4,788943.82,753293.88,801006.79,852728.26,631155.06,2.4
DC-3019,11.46,air-cooled,75.2,0.1007,163.0,1.644,10819192.72,12.18,1.396,5380868.12,2730576.0,4055722.06,3882555.56,4147596.4,4439500.2,3244577.65,3.2
DC-3020,25.57,hybrid,54.6,0.1162,169.61,1.251,13699302.43,9.49,2.427,10479051.45,4939721.64,7709386.54,6573356.67,7241545.26,7975639.58,6167509.23,3.7
DC-3021,42.96,hybrid,60.4,0.1265,196.9,1.319,13012962.01,8.62,3.703,16120662.4,8749448.4,12435055.4,11789779.52,12967834.03,14264005.5,9948044.32,3.9
DC-3022,11.35,air-cooled,62.3,0.1001,188.53,1.545,11272222.5,12.87,1.461,5639038.87,3305307.96,4472173.42,4043021.22,4317212.66,4578957.7,3577738.74,2.9
DC-3023,11.83,liquid-cooled,64.0,0.0938,208.51,1.062,15886227.76,3.93,0.465,2047351.05,1163485.8,1605418.42,986919.83,1524265.1,2059084.47,1284334.74,8.3
DC-3024,41.39,hybrid,55.5,0.1298,179.51,1.295,13786218.08,8.81,3.646,16538551.97,7853921.52,12196236.74,11083791.88,12193984.24,13318037.88,9756989.39,3.8
DC-3025,3.68,air-cooled,74.4,0.1425,178.58,1.603,11062848.42,12.84,0.473,2109313.07,1013620.08,1561466.58,1409485.19,1504359.43,1598570.59,1249173.26,2.7
DC-3026,12.05,hybrid,55.1,0.1184,177.88,1.267,13852141.49,8.42,1.015,4458251.28,2166578.4,3312414.84,3124309.72,3485707.85,3816921.96,2649931.87,4.1
DC-3027,19.15,air-cooled,76.3,0.1109,179.21,1.544,11864555.53,12.02,2.302,9522313.22,4950497.04,7236405.13,6888404.72,7340153.88,7850818.83,5789124.1,3.0
DC-3028,23.56,air-cooled,98.0,0.1231,174.1,1.503,10904761.59,12.33,2.905,11747963.57,6069126.0,8908544.78,8588170.37,9192652.94,9750710.02,7126835.82,3.0
DC-3029,10.94,air-cooled,56.0,0.1211,188.06,1.462,11221962.16,12.99,1.421,5747535.18,3206799.12,4477167.15,4087363.78,4362613.47,4642192.27,3581733.72,2.7
DC-3030,16.9,air-cooled,68.6,0.1249,184.44,1.57,11504838.05,12.63,2.134,9121581.04,4723139.52,6922360.28,6320197.48,6749745.55,7171555.39,5537888.22,2.7
DC-3031,2.25,air-cooled,41.7,0.0694,176.35,1.566,9851601.4,14.45,0.325,1020917.64,687765.0,854341.32,831036.4,881905.82,940436.28,683473.06,3.0
DC-3032,9.71,hybrid,68.4,0.0986,202.77,1.249,13106328.44,8.82,0.856,3416573.08,2082853.44,2749713.26,2564239.31,2825260.27,3097905.36,2199770.61,4.0
DC-3033,23.64,hybrid,79.7,0.1031,212.45,1.234,14242392.9,9.84,2.326,9954048.86,5929904.4,7941976.63,6407033.91,7103945.52,7780979.11,6353581.3,3.3
DC-3034,7.49,hybrid,80.6,0.123,201.5,1.305,14244627.03,8.61,0.645,2948671.73,1559610.0,2254140.87,2065909.08,2256769.29,2485380.51,1803312.7,3.7
DC-3035,17.24,hybrid,72.9,0.1237,192.37,1.235,13321132.76,9.41,1.622,6972187.35,3744289.68,5358238.51,4646410.39,5170196.44,5687428.09,4286590.81,3.6
DC-3036,23.51,air-cooled,82.7,0.1327,195.43,1.551,11370016.44,12.87,3.026,13101470.58,7096454.16,10098962.37,9138242.19,9731904.85,10363487.21,8079169.9,2.6
DC-3037,12.5,air-cooled,98.0,0.1252,211.85,1.673,10637582.23,12.68,1.585,6655055.61,4029387.0,5342221.3,4925640.34,5255420.24,5584997.78,4273777.04,2.6
DC-3038,18.85,liquid-cooled,92.5,0.094,195.4,1.069,18455803.84,4.53,0.854,4254241.23,2002459.2,3128350.22,1557867.0,2353483.14,3171242.59,2502680.18,6.8
DC-3039,7.61,air-cooled,65.7,0.1489,175.22,1.515,11464225.23,12.2,0.928,4198009.44,1951249.92,3074629.68,2951873.65,3144944.08,3361303.82,2459703.74,2.8
DC-3040,13.94,air-cooled,54.6,0.1454,189.88,1.602,11453834.33,12.9,1.798,8245215.04,4096850.88,6171032.96,5551784.27,5861078.36,6212962.0,4936826.37,2.5
DC-3041,26.79,hybrid,67.1,0.0948,193.39,1.238,13259416.37,9.6,2.572,10222752.46,5968788.96,8095770.71,6919651.67,7697571.38,8488669.62,6476616.57,3.7
DC-3042,18.65,air-cooled,60.6,0.1267,169.08,1.539,10687475.43,12.26,2.286,9334008.5,4638202.56,6986105.53,6811988.59,7298914.14,7750203.75,5588884.42,3.0
DC-3043,10.29,liquid-cooled,77.4,0.1081,179.73,1.069,18186751.51,2.68,0.276,1394847.78,595265.76,995056.77,844831.47,1324121.3,1728193.19,796045.42,11.6
DC-3044,19.68,air-cooled,57.8,0.1228,200.51,1.589,11048032.73,12.61,2.482,10336165.34,5971989.84,8154077.59,7590314.41,8058235.91,8509729.81,6523262.07,2.7
DC-3045,29.13,air-cooled,71.1,0.1411,156.65,1.541,10868181.73,12.56,3.659,15806451.79,6878188.2,11342320.0,10713441.56,11434163.69,12163524.49,9073856.0,2.9
DC-3046,3.19,air-cooled,82.1,0.1626,165.24,1.551,10929850.87,12.04,0.384,1781016.16,761425.92,1271221.04,1258644.29,1332931.37,1406988.22,1016976.83,2.8
DC-3047,41.57,hybrid,70.8,0.135,181.35,1.282,14013868.02,8.7,3.617,16747744.8,7871315.4,12309530.1,11248818.56,12448234.35,13595182.32,9847624.08,3.8
DC-3048,12.57,air-cooled,60.6,0.1259,189.31,1.495,9904041.24,12.39,1.557,5993997.9,3537068.04,4765532.97,4783497.99,5081218.04,5396517.86,3812426.38,3.0
DC-3049,23.11,air-cooled,86.1,0.1132,163.64,1.51,10797883.89,12.87,2.974,11589362.98,5839984.32,8714673.65,8080547.06,8615878.68,9186969.26,6971738.92,3.0
DC-3050,42.85,liquid-cooled,49.5,0.1236,182.1,1.066,17910263.88,3.95,1.693,8692294.08,3699543.6,6195918.84,3676475.52,5538873.09,7426064.26,4956735.07,7.8
DC-3051,5.49,liquid-cooled,68.1,0.1472,201.31,1.065,17424447.84,4.39,0.241,1264138.32,582188.52,923163.42,469384.15,725187.5,998293.61,738530.74,6.7
DC-3052,9.32,air-cooled,71.5,0.1191,185.03,1.568,11378160.03,12.23,1.14,4747415.42,2531210.4,3639312.91,3439529.21,3689003.22,3901882.88,2911450.33,2.9
DC-3053,13.05,air-cooled,72.2,0.1023,198.09,1.571,10854887.96,12.09,1.578,6028032.32,3751032.24,4889532.28,4780729.52,5094205.01,5406123.67,3911625.82,3.0
DC-3054,8.78,air-cooled,74.2,0.0876,175.12,1.559,11640467.46,12.59,1.105,4180336.25,2322091.2,3251213.72,2961110.88,3148166.79,3366049.77,2600970.98,3.0
DC-3055,65.89,liquid-cooled,79.3,0.1303,171.85,1.091,17872815.86,4.44,2.926,15265043.84,6033997.2,10649520.52,5535406.49,8432307.33,11203799.53,8519616.42,7.0
DC-3056,8.29,liquid-cooled,71.6,0.1249,196.73,1.043,18891186.05,3.79,0.314,1676512.78,741278.64,1208895.71,729450.62,1086041.5,1427264.38,967116.57,7.7
DC-3057,10.54,air-cooled,67.6,0.1071,189.54,1.613,11579958.55,12.01,1.266,5173678.99,2879491.68,4026585.34,3840673.02,4081018.95,4352661.64,3221268.27,2.9
DC-3058,19.37,hybrid,67.1,0.1405,166.22,1.233,14175929.73,9.52,1.844,8607346.39,3678116.16,6142731.28,5096231.01,5639633.83,6311760.22,4914185.02,3.5
DC-3059,6.29,air-cooled,64.7,0.1116,171.99,1.66,11391071.91,12.43,0.782,3248578.05,1613954.16,2431266.1,2227860.31,2375230.72,2534222.57,1945012.88,2.9
DC-3060,11.98,air-cooled,81.5,0.1173,207.47,1.56,11205316.59,12.57,1.506,6164126.12,3749397.84,4956761.98,4609883.98,4915139.12,5210681.43,3965409.58,2.7
DC-3061,21.2,air-cooled,64.2,0.1197,170.13,1.565,11073825.14,12.79,2.711,11120156.59,5534669.16,8327412.88,7609066.82,8141340.97,8688581.35,6661930.3,2.9
DC-3062,12.6,air-cooled,82.2,0.113,198.01,1.575,10535184.58,12.24,1.542,6014128.65,3663977.04,4839052.85,4739448.54,5037183.26,5325326.85,3871242.28,2.9
DC-3063,15.26,air-cooled,72.2,0.1247,176.83,1.511,11167997.36,12.15,1.854,7661379.28,3934113.84,5797746.56,5617945.49,5993747.4,6390323.25,4638197.25,3.0
DC-3064,10.77,air-cooled,65.7,0.143,183.95,1.605,11308432.49,12.9,1.389,6283192.06,3066078.6,4674635.33,4192966.09,4464725.84,4768691.99,3739708.26,2.6
DC-3065,4.9,hybrid,79.4,0.0972,188.42,1.231,13198988.78,8.37,0.41,1632320.97,927026.4,1279673.68,1266036.35,1401414.06,1532901.6,1023738.94,4.3
DC-3066,21.27,air-cooled,63.3,0.1298,152.49,1.557,10321981.6,12.13,2.58,10485526.16,4721090.4,7603308.28,7621027.22,8097491.05,8650688.24,6082646.62,3.1
DC-3067,66.95,hybrid,79.7,0.1234,162.06,1.281,12457953.36,8.63,5.778,23997042.75,11236592.16,17616817.45,17139378.63,18867955.31,20784940.19,14093453.96,4.3
DC-3068,16.69,air-cooled,74.6,0.1231,185.29,1.589,11488046.22,12.97,2.165,9236770.82,4813834.2,7025302.51,6305690.36,6649044.29,7054708.29,5620242.01,2.7
DC-3069,19.69,air-cooled,64.8,0.1374,173.14,1.562,11034434.86,12.79,2.518,10908372.14,5231598.24,8069985.19,7395267.06,7902222.46,8386631.26,6455988.15,2.7
DC-3070,28.62,air-cooled,78.3,0.121,198.95,1.579,11058216.77,12.54,3.589,14826368.4,8568378.6,11697373.5,10903262.0,11574045.72,12276132.48,9357898.8,2.8
DC-3071,5.96,air-cooled,78.6,0.1296,159.91,1.555,10906022.35,12.0,0.715,2995096.25,1372027.8,2183562.02,2157042.77,2287834.66,2441721.5,1746849.62,3.1
DC-3072,64.2,air-cooled,85.9,0.1343,192.48,1.642,10865996.66,12.57,8.07,35075660.89,18639763.2,26857712.04,24943185.33,26584387.38,28166341.27,21486169.63,2.7
DC-3073,19.33,air-cooled,83.6,0.1099,163.36,1.509,10599112.42,12.24,2.366,9009985.49,4638117.12,6824051.3,6687487.51,7159684.76,7663173.34,5459241.04,3.2
DC-3074,60.67,air-cooled,77.9,0.126,178.72,1.623,11258041.94,12.74,7.729,33182062.24,16575922.56,24878992.4,22592573.01,24042038.51,25418208.42,19903193.92,2.7
DC-3075,9.15,air-cooled,58.5,0.115,168.03,1.586,10057572.7,12.14,1.111,4258188.09,2240175.96,3249182.02,3225377.25,3452677.22,3670438.25,2599345.62,3.2
DC-3076,70.42,hybrid,98.0,0.1173,212.54,1.22,13608495.53,8.93,6.289,26902572.77,16039968.72,21471270.74,19574306.62,21684224.52,23854273.34,17177016.59,3.7
DC-3077,30.57,hybrid,55.2,0.1136,163.91,1.299,14141226.46,9.86,3.014,13367621.77,5928296.88,9647959.32,7703702.98,8480737.42,9424228.03,7718367.46,3.6
DC-3078,25.6,air-cooled,83.4,0.1294,182.17,1.666,11587790.38,12.82,3.282,14649367.27,7174583.28,10911975.28,9658229.24,10276148.3,10909658.55,8729580.22,2.6
DC-3079,19.83,air-cooled,77.2,0.1216,158.1,1.551,10746295.3,12.56,2.491,10064177.16,4725925.2,7395051.18,7029052.16,7439411.02,7906628.16,5916040.94,3.0
DC-3080,13.48,air-cooled,57.9,0.1279,207.99,1.655,10965796.47,12.68,1.709,7333510.89,4265458.92,5799484.9,5283575.56,5674848.02,5978739.45,4639587.92,2.6
DC-3081,42.97,hybrid,70.5,0.1196,190.02,1.246,13111692.29,9.78,4.202,17728820.45,9581568.48,13655194.46,11524310.78,12737203.91,13937285.94,10924155.57,3.5
DC-3082,18.4,air-cooled,71.1,0.0879,186.05,1.591,10912239.78,12.24,2.252,8219841.75,5027815.2,6623828.48,6336167.77,6773607.3,7195693.99,5299062.78,3.1
DC-3083,3.41,air-cooled,87.7,0.1206,206.11,1.524,10675759.68,12.89,0.44,1752269.19,1088260.8,1420265.0,1320484.82,1401336.02,1493685.32,1136212.0,2.7
DC-3084,6.73,air-cooled,63.4,0.1213,186.21,1.569,11597948.43,12.32,0.829,3518709.11,1852417.08,2685563.1,2518129.26,2674990.15,2846917.07,2148450.48,2.8
DC-3085,14.17,liquid-cooled,68.9,0.1249,187.29,1.073,16907465.35,2.87,0.407,2007002.3,914724.36,1460863.33,1177588.23,1820199.02,2473376.17,1168690.66,10.9
DC-3086,21.07,air-cooled,44.0,0.1081,185.98,1.534,10893568.29,13.3,2.802,10853332.53,6253391.52,8553362.02,8315125.0,8915142.44,9463564.96,6842689.62,2.8
DC-3087,15.72,hybrid,92.8,0.0961,192.45,1.254,13682145.18,9.98,1.569,6426842.17,3623448.6,5025145.38,4055205.7,4486451.85,4925425.0,4020116.3,3.5
DC-3088,43.61,air-cooled,59.2,0.1325,176.61,1.572,10881451.61,12.53,5.464,23182226.22,11579964.48,17381095.35,16304713.65,17388714.9,18601841.26,13904876.28,2.8
DC-3089,3.45,liquid-cooled,75.9,0.1145,180.79,1.052,16543184.17,3.85,0.133,629281.55,288540.84,458911.2,278473.67,422852.25,573408.99,367128.96,8.5
DC-3090,18.45,hybrid,70.8,0.1234,196.16,1.265,13091789.63,9.87,1.821,7787927.78,4286488.32,6037208.05,5018292.98,5570084.13,6109009.96,4829766.44,3.4
DC-3091,3.84,air-cooled,70.8,0.1144,188.16,1.52,10997555.17,12.58,0.483,1916138.29,1090575.36,1503356.83,1421018.11,1510594.11,1602182.25,1202685.46,2.9
DC-3092,30.2,hybrid,81.7,0.1199,182.29,1.291,14547310.47,9.16,2.766,12692355.11,6050569.68,9371462.4,7999467.74,8954619.99,9714444.17,7497169.92,3.6
DC-3093,15.25,air-cooled,92.1,0.111,162.99,1.53,11540137.49,12.01,1.832,7423604.38,3583172.16,5503388.27,5280987.57,5635576.67,6029650.42,4402710.62,3.1
DC-3094,23.0,hybrid,75.0,0.1006,206.47,1.292,13570743.16,8.37,1.925,7997034.15,4769457.0,6383245.58,6168198.49,6874927.79,7448852.84,5106596.46,4.1
DC-3095,8.24,hybrid,79.9,0.1295,174.08,1.249,13755079.95,8.45,0.696,3113608.21,1453916.16,2283762.18,2166017.75,2414259.13,2660448.14,1827009.74,4.1
DC-3096,45.77,air-cooled,75.9,0.1079,198.81,1.551,10964381.15,12.36,5.657,22076671.88,13496018.04,17786344.96,16887619.48,18002810.95,19060122.97,14229075.97,2.9
DC-3097,37.84,hybrid,84.2,0.1233,186.64,1.24,13875780.64,8.24,3.118,13790417.39,6983322.24,10386869.82,10096474.12,11156216.93,12318310.63,8309495.86,4.1
DC-3098,26.23,air-cooled,66.4,0.1282,164.6,1.616,10480132.79,12.27,3.218,13334549.24,6356193.6,9845371.42,9524532.36,10125778.48,10756335.33,7876297.14,3.0
DC-3099,14.83,air-cooled,84.9,0.1083,202.78,1.593,10621378.21,12.26,1.818,7038565.37,4423848.48,5731206.93,5552099.01,5921683.81,6244995.74,4584965.54,2.9
DC-3100,26.15,air-cooled,85.3,0.0959,187.82,1.589,11261145.81,12.48,3.264,12525176.73,7356533.76,9940855.25,9218893.19,9848689.7,10472810.76,7952684.2,3.0
DC-3101,9.34,hybrid,85.0,0.1685,204.03,1.211,13302458.63,8.92,0.833,3951427.61,2039483.88,2995455.74,2740016.18,3062954.4,3370604.89,2396364.59,3.5
DC-3102,32.6,air-cooled,64.1,0.1094,181.26,1.557,11964539.71,12.39,4.039,16765599.04,8785309.68,12775454.36,11693937.67,12502423.06,13293419.21,10220363.49,2.9
DC-3103,61.53,air-cooled,70.0,0.1325,194.56,1.524,10889112.04,12.08,7.433,31134677.53,17353973.76,24244325.65,23946547.77,25432389.48,26912323.3,19395460.52,2.9
DC-3104,38.73,hybrid,74.9,0.1588,157.56,1.213,13219187.64,8.9,3.447,15942330.18,6517311.84,11229821.01,10387320.37,11525263.06,12655746.85,8983856.81,3.9
DC-3105,9.17,air-cooled,55.5,0.1358,176.5,1.546,10799748.04,12.86,1.179,4997872.94,2497122.0,3747497.47,3461109.84,3674189.5,3930051.45,2997997.98,2.8
DC-3106,21.96,air-cooled,91.1,0.114,164.91,1.537,11964310.41,12.61,2.769,11612203.91,5479629.48,8545916.7,7654179.67,8210150.91,8772435.77,6836733.36,2.9
DC-3107,5.84,air-cooled,71.9,0.1187,178.38,1.546,11042541.92,12.93,0.755,3066392.91,1616122.8,2341257.86,2123587.12,2267283.44,2390216.79,1873006.29,2.8
DC-3108,26.0,air-cooled,75.4,0.1033,191.08,1.547,10473588.18,12.97,3.372,12568646.85,7731861.12,10150253.98,9383883.09,10023029.31,10683653.63,8120203.18,2.9
DC-3109,23.58,air-cooled,65.1,0.1376,174.93,1.577,11446653.74,12.95,3.054,13573743.6,6410834.64,9992289.12,8947300.75,9523908.56,10201302.65,7993831.3,2.7
DC-3110,3.68,air-cooled,56.1,0.1313,196.96,1.561,11941532.25,12.61,0.464,2064390.43,1096673.28,1580531.86,1436194.12,1521470.06,1622079.99,1264425.49,2.6
DC-3111,6.49,liquid-cooled,64.8,0.1097,171.15,1.095,18031587.92,3.29,0.214,1082686.75,439513.2,761099.98,526397.62,794821.48,1065377.24,608879.98,9.6
DC-3112,13.11,hybrid,74.6,0.0992,197.28,1.272,13230011.01,9.16,1.201,4858477.69,2843199.36,3850838.53,3431996.01,3801243.86,4162325.65,3080670.82,3.8
DC-3113,12.93,air-cooled,80.1,0.0936,203.65,1.545,11185940.4,12.24,1.583,5940311.43,3868535.4,4904423.42,4700093.59,4992414.64,5317275.04,3923538.74,3.0
DC-3114,6.25,air-cooled,73.9,0.1397,199.2,1.575,11214350.43,12.22,0.764,3376512.34,1826265.6,2601388.97,2498734.97,2647426.23,2789552.98,2081111.18,2.7
DC-3115,22.45,air-cooled,76.2,0.1224,178.84,1.577,11036379.35,12.77,2.867,11879202.32,6152811.36,9016006.84,8269653.53,8854391.44,9398497.82,7212805.47,2.8
DC-3116,20.11,hybrid,68.0,0.1243,152.12,1.225,13848139.85,9.58,1.927,8500435.8,3517622.88,6009029.34,5074773.45,5621539.55,6177169.67,4807223.47,3.8
DC-3117,14.08,air-cooled,78.0,0.1035,192.73,1.535,11219168.51,12.79,1.801,6996653.86,4165280.76,5580967.31,5128199.8,5446052.25,5782229.6,4464773.85,2.8
DC-3118,8.98,air-cooled,89.8,0.0907,182.12,1.588,10943673.02,12.52,1.124,4151656.03,2456434.56,3304045.3,3082847.98,3308697.53,3515795.88,2643236.24,3.1
DC-3119,38.05,liquid-cooled,80.5,0.1393,169.32,1.06,18031541.07,4.33,1.648,8735212.8,3348472.32,6041842.56,3084431.11,4755735.36,6535094.96,4833474.05,7.1
DC-3120,61.83,air-cooled,81.7,0.1208,175.66,1.589,10427931.67,12.46,7.704,30806837.34,16239415.68,23523126.51,22572162.42,24047522.22,25592514.81,18818501.21,3.0
DC-3121,11.17,air-cooled,75.5,0.1381,205.52,1.539,11440229.81,12.89,1.44,6341886.39,3551385.6,4946636.0,4506480.14,4762242.26,5034548.97,3957308.8,2.5
DC-3122,10.08,liquid-cooled,54.0,0.1123,166.94,1.09,17571492.84,3.89,0.392,1951008.11,785285.76,1368146.94,795617.65,1204868.49,1635736.97,1094517.55,8.3
DC-3123,24.36,hybrid,59.5,0.1153,191.02,1.246,13688735.53,9.56,2.329,10015715.71,5338626.96,7677171.34,6481324.69,7210865.42,7911562.98,6141737.07,3.6
DC-3124,12.35,air-cooled,77.5,0.1343,187.27,1.592,11107850.14,12.97,1.602,6954839.81,3600078.48,5277459.14,4722861.59,5040676.65,5381824.61,4221967.31,2.6
DC-3125,14.71,hybrid,71.9,0.1346,178.64,1.272,12387801.44,9.61,1.414,6013253.99,3031163.52,4522208.76,3956051.58,4380212.26,4818323.19,3617767.01,3.7
DC-3126,29.72,air-cooled,77.3,0.136,193.67,1.539,11064968.75,12.44,3.697,15868947.29,8591975.88,12230461.58,11638279.78,12353830.29,13122821.91,9784369.26,2.7
DC-3127,3.57,hybrid,92.1,0.1141,208.48,1.307,13025280.43,8.28,0.296,1243458.76,740520.96,991989.86,980414.44,1082405.8,1191245.13,793591.89,4.0
DC-3128,47.21,air-cooled,80.7,0.1323,179.56,1.57,10578851.33,12.76,6.024,25122514.96,12980033.28,19051274.12,17859025.86,19006303.94,20086924.2,15241019.3,2.8
DC-3129,17.43,hybrid,87.1,0.1422,180.35,1.233,14420819.6,9.98,1.74,8248539.87,3765708.0,6007123.94,4770457.44,5246300.76,5826230.34,4805699.15,3.3
DC-3130,11.83,liquid-cooled,73.1,0.1179,193.33,1.094,17788010.79,3.77,0.446,2266919.37,1034702.16,1650810.76,994040.49,1480228.47,2027835.94,1320648.61,8.1
DC-3131,15.31,liquid-cooled,62.3,0.1097,197.77,1.072,17445717.99,2.08,0.318,1560422.25,754690.32,1157556.28,1308871.34,2002333.37,2626188.24,926045.02,14.9
DC-3132,15.96,liquid-cooled,71.3,0.1469,182.08,1.068,18579849.83,3.89,0.621,3417490.25,1356860.16,2387175.2,1397481.63,2085412.64,2811482.21,1909740.16,7.5
DC-3133,4.12,air-cooled,62.3,0.1069,179.42,1.648,10630013.82,12.08,0.498,1944931.53,1072213.92,1508572.72,1463728.05,1561200.97,1661649.2,1206858.18,3.1
DC-3134,54.38,air-cooled,90.7,0.1326,150.74,1.639,10035489.16,12.6,6.852,28325700.46,12394445.76,20360073.11,19329877.55,20669392.79,22047373.59,16288058.49,3.0
DC-3135,17.0,air-cooled,81.5,0.1188,172.33,1.532,10934803.25,12.52,2.128,8563689.74,4400618.88,6482154.31,6123127.13,6531767.6,6963457.79,5185723.45,3.0
DC-3136,23.44,hybrid,78.2,0.0832,166.91,1.269,14337264.5,8.78,2.058,8460328.07,4122009.36,6291168.72,5596710.07,6209951.76,6813431.7,5032934.98,4.2
DC-3137,35.21,liquid-cooled,86.8,0.1426,194.27,1.112,15773419.19,2.54,0.894,4375493.45,2084128.56,3229811.0,3023214.82,4428360.0,6290543.24,2583848.8,12.3
DC-3138,7.27,air-cooled,47.8,0.0648,180.34,1.568,11695360.51,13.03,0.947,3304121.89,2049383.76,2676752.83,2465874.18,2607947.02,2757646.65,2141402.26,3.1
DC-3139,24.02,liquid-cooled,79.1,0.0803,179.75,1.103,18353831.15,2.47,0.593,2878724.57,1279101.0,2078912.78,1912480.51,2927120.53,3877632.68,1663130.22,13.0
DC-3140,13.28,hybrid,56.3,0.1305,183.86,1.207,13625320.78,8.03,1.066,4698573.37,2351937.12,3525255.24,3593137.19,3981537.37,4391558.71,2820204.19,4.2
DC-3141,32.38,liquid-cooled,71.9,0.1305,170.95,1.106,17515016.81,2.75,0.89,4589358.9,1825746.0,3207552.45,2623343.86,3935816.7,5476202.65,2566041.96,11.4
DC-3142,3.0,liquid-cooled,68.3,0.1072,207.3,1.117,17393217.17,3.83,0.115,565121.82,286074.0,425597.91,257535.08,395384.33,522837.38,340478.33,7.9
DC-3143,15.19,air-cooled,79.9,0.123,203.47,1.537,11046572.54,12.84,1.95,8016217.28,4761198.0,6388707.64,5922570.94,6269287.56,6646592.61,5110966.11,2.7
DC-3144,10.15,air-cooled,74.7,0.0694,208.27,1.557,11079056.51,12.67,1.286,4383435.64,3214022.64,3798729.14,3569020.64,3754423.56,3981275.69,3038983.31,3.0
DC-3145,23.24,air-cooled,88.1,0.1341,194.25,1.634,11572810.84,12.7,2.951,13253595.2,6878781.0,10066188.1,9052865.18,9618335.27,10250438.36,8052950.48,2.6
DC-3146,23.95,air-cooled,64.8,0.125,183.56,1.598,10711303.17,12.51,2.996,12373778.38,6599349.12,9486563.75,8944890.78,9510057.41,10113340.23,7589251.0,2.8
DC-3147,9.34,hybrid,80.5,0.1191,208.22,1.272,13915737.06,9.08,0.848,3747722.4,2118846.72,2933284.56,2584825.72,2854247.3,3145606.74,2346627.65,3.6
DC-3148,9.3,hybrid,73.9,0.1204,173.79,1.22,13113043.65,8.99,0.836,3511825.81,1743461.28,2627643.54,2413325.12,2679026.62,2942656.18,2102114.83,4.0
DC-3149,15.05,liquid-cooled,52.4,0.1299,170.93,1.087,19135667.02,2.16,0.325,1784020.5,666627.0,1225323.75,1232193.66,1831648.67,2524005.1,980259.0,13.8
DC-3150,8.03,hybrid,61.0,0.1194,174.98,1.239,14231079.78,8.07,0.648,2889034.64,1360644.48,2124839.56,2092564.09,2313423.41,2550350.46,1699871.65,4.3
DC-3151,32.25,air-cooled,70.2,0.0825,191.84,1.558,11111110.37,12.45,4.015,14434335.48,9242851.2,11838593.34,11148273.68,11880666.13,12651407.65,9470874.67,3.1
DC-3152,12.24,air-cooled,85.3,0.1639,172.57,1.513,11473182.87,12.86,1.574,7432281.82,3259502.16,5345891.99,4880005.39,5191817.34,5525830.72,4276713.59,2.6
DC-3153,1.61,air-cooled,77.6,0.144,181.67,1.642,10615280.92,12.11,0.195,863895.98,425107.8,644501.89,625728.62,664850.7,704705.83,515601.51,2.8
DC-3154,12.18,air-cooled,58.0,0.0943,159.97,1.576,11029887.37,12.64,1.54,5779572.64,2956245.6,4367909.12,4030416.43,4319201.04,4613058.83,3494327.3,3.1
DC-3155,7.16,air-cooled,70.3,0.1131,191.22,1.578,11288349.09,12.19,0.873,3554799.24,2003220.72,2779009.98,2640704.09,2822669.68,2998587.07,2223207.98,2.9
DC-3156,4.46,air-cooled,96.2,0.1153,161.24,1.586,11181853.42,12.91,0.576,2353974.18,1114490.88,1734232.53,1560110.22,1664725.08,1771544.04,1387386.02,2.9
DC-3157,6.11,air-cooled,73.3,0.1416,170.02,1.55,10754737.96,12.62,0.771,3325004.24,1573025.04,2449014.64,2317542.8,2464073.19,2631261.2,1959211.71,2.8
DC-3158,17.95,air-cooled,68.1,0.0768,202.26,1.589,11916527.92,12.88,2.312,8594040.78,5611501.44,7102771.11,6286369.81,6678320.25,7071995.69,5682216.89,2.8
DC-3159,47.6,hybrid,77.9,0.11,201.7,1.221,13561884.37,9.61,4.574,19166467.34,11070909.6,15118688.47,12809045.58,14148340.21,15536137.45,12094950.78,3.5
DC-3160,21.13,air-cooled,81.2,0.0848,189.61,1.571,11286938.16,12.52,2.645,9720964.01,6018221.4,7869592.7,7336961.07,7797546.23,8323345.19,6295674.16,3.0
DC-3161,10.12,air-cooled,66.5,0.1143,188.13,1.549,10589670.81,12.34,1.249,4876376.16,2819692.44,3848034.3,3733892.02,3972824.23,4204546.97,3078427.44,3.0
DC-3162,23.68,air-cooled,78.0,0.1105,176.04,1.495,10822921.15,12.6,2.984,11495035.48,6303640.32,8899337.9,8456607.68,8969731.39,9579263.29,7119470.32,3.0
DC-3163,11.39,liquid-cooled,68.1,0.1216,172.41,1.088,18130889.33,4.56,0.519,2692593.55,1073769.48,1883181.52,948914.45,1438162.23,1903204.98,1506545.22,6.8
DC-3164,9.43,air-cooled,80.6,0.1079,178.57,1.438,11686068.13,12.46,1.175,4648426.17,2517837.0,3583131.58,3339743.68,3579218.49,3799650.92,2866505.26,3.0
DC-3165,6.53,air-cooled,74.0,0.105,161.3,1.539,11627106.84,12.41,0.81,3239492.71,1567836.0,2403664.36,2225084.45,2372929.43,2542503.04,1922931.49,3.1
DC-3166,4.05,hybrid,77.8,0.1324,187.79,1.264,13213851.86,9.96,0.403,1774178.91,908152.44,1341165.67,1102371.16,1220984.46,1352743.41,1072932.54,3.4
DC-3167,12.04,hybrid,62.9,0.1291,184.73,1.224,14460266.04,8.85,1.066,4901077.46,2363066.16,3632071.81,3247085.5,3602336.49,3945475.09,2905657.45,3.7
DC-3168,18.66,liquid-cooled,62.1,0.131,170.0,1.046,17959559.0,2.44,0.455,2362069.2,928200.0,1645134.6,1542032.78,2333915.18,3170414.44,1316107.68,12.8
DC-3169,15.22,air-cooled,83.3,0.1165,207.53,1.607,11792776.57,12.26,1.866,7950325.87,4647011.76,6298668.82,5867354.24,6258206.75,6621501.45,5038935.06,2.7
DC-3170,11.79,air-cooled,71.0,0.1086,193.1,1.556,11388370.29,12.83,1.513,6068685.01,3505923.6,4787304.3,4328534.17,4606344.9,4888022.97,3829843.44,2.8
DC-3171,7.72,air-cooled,75.4,0.1176,194.38,1.601,11418676.87,12.13,0.936,3918840.61,2183276.16,3051058.38,2902183.74,3092872.17,3269409.23,2440846.7,2.8
DC-3172,26.75,hybrid,68.3,0.13,176.69,1.275,12387241.8,8.34,2.231,9380664.28,4730344.68,7055504.48,7065674.33,7787230.57,8676649.13,5644403.58,4.3
DC-3173,5.73,air-cooled,82.8,0.0765,183.98,1.534,10865756.11,12.26,0.702,2416710.27,1549847.52,1983278.9,1918737.0,2047394.94,2187290.23,1586623.12,3.3
DC-3174,30.59,air-cooled,64.7,0.1279,193.41,1.614,11232318.06,12.76,3.903,16800083.88,9058550.76,12929317.32,11707030.24,12495505.64,13228070.2,10343453.86,2.7
DC-3175,7.38,air-cooled,70.4,0.1262,186.29,1.705,10915322.69,12.19,0.9,3879472.7,2011932.0,2945702.35,2768111.62,2949521.68,3142951.71,2356561.88,2.8
DC-3176,9.01,air-cooled,81.4,0.1212,208.03,1.533,10991911.58,12.47,1.124,4574962.7,2805908.64,3690435.67,3495948.55,3724731.76,3945951.53,2952348.54,2.7
DC-3177,5.09,air-cooled,86.1,0.117,180.94,1.568,10692761.33,12.24,0.623,2481560.85,1352707.44,1917134.14,1848759.16,1977864.98,2116386.86,1533707.31,3.0
DC-3178,11.01,hybrid,65.7,0.0687,176.43,1.296,13362206.21,9.77,1.076,4034276.4,2278064.16,3156170.28,2646601.5,2911664.66,3214280.09,2524936.22,3.9
DC-3179,35.88,hybrid,95.5,0.1112,193.51,1.189,12742440.28,9.44,3.387,13513698.37,7865020.44,10689359.4,9513538.86,10542774.02,11602839.79,8551487.52,3.8
DC-3180,24.84,air-cooled,75.8,0.1558,165.03,1.564,11443418.34,12.05,2.993,13999881.9,5927217.48,9963549.69,9632092.94,10219606.99,10903305.81,7970839.75,2.8
DC-3181,35.97,air-cooled,59.5,0.1203,197.86,1.469,11686589.74,12.85,4.622,19158621.11,10974107.04,15066364.08,13709939.94,14578836.53,15472762.78,12053091.26,2.7
DC-3182,24.97,hybrid,76.4,0.1139,164.49,1.245,13249144.89,8.73,2.18,9126505.91,4303058.4,6714782.16,6253311.11,6953877.56,7690974.23,5371825.73,4.2
DC-3183,6.8,air-cooled,67.4,0.1203,193.58,1.475,10871704.41,12.32,0.838,3327137.05,1946640.48,2636888.76,2560874.62,2722439.05,2882178.57,2109511.01,2.9
DC-3184,12.62,air-cooled,77.2,0.1271,174.28,1.568,11166928.7,12.67,1.599,6759524.08,3344084.64,5051804.36,4641218.93,4946600.74,5274368.63,4041443.49,2.8
DC-3185,8.81,air-cooled,71.5,0.1332,191.15,1.491,11077558.18,12.92,1.138,4781222.91,2610344.4,3695783.66,3397701.26,3602591.96,3860143.34,2956626.93,2.7
DC-3186,47.68,hybrid,72.9,0.1154,197.61,1.196,13784644.28,9.82,4.682,20002887.38,11102520.24,15552703.81,12904531.74,14270688.15,15651110.03,12442163.05,3.4
DC-3187,6.31,liquid-cooled,61.1,0.1285,186.3,1.061,17578644.11,2.82,0.178,907922.93,397936.8,652929.86,538174.99,836853.53,1087993.83,522343.89,10.9
DC-3188,33.61,hybrid,83.9,0.1535,166.01,1.311,13281953.73,9.76,3.28,15463214.07,6534153.6,10998683.84,9114030.08,10086578.6,11139955.58,8798947.07,3.4
DC-3189,33.59,air-cooled,58.1,0.1401,170.55,1.606,10214414.93,12.26,4.118,17463924.24,8427898.8,12945911.52,12582402.97,13454462.34,14300982.77,10356729.22,2.9
DC-3190,71.07,air-cooled,58.7,0.1668,173.07,1.599,10286717.92,12.32,8.756,40473252.37,18184811.04,29329031.7,28627749.31,30282615.1,32075864.52,23463225.36,2.7
DC-3191,11.85,liquid-cooled,76.4,0.1069,155.57,1.08,18452497.76,4.64,0.55,2811553.02,1026762.0,1919157.51,938655.91,1396226.67,1857541.18,1535326.01,6.9
DC-3192,29.07,air-cooled,91.2,0.1535,200.91,1.601,10296640.53,12.35,3.59,15942985.37,8655202.8,12299094.08,11969157.08,12666602.8,13412523.87,9839275.26,2.7
DC-3193,102.04,liquid-cooled,67.8,0.1042,185.65,1.056,17404028.99,3.16,3.224,15576660.41,7182427.2,11379543.8,8265369.74,12973408.66,17435205.46,9103635.04,10.1
DC-3194,10.03,liquid-cooled,80.4,0.1271,166.97,1.095,16302763.6,4.04,0.405,1961012.01,811474.2,1386243.1,834447.23,1280647.26,1671834.93,1108994.48,8.1
DC-3195,4.82,air-cooled,84.9,0.1346,205.84,1.549,11336106.25,12.27,0.591,2568222.67,1459817.28,2014019.98,1925346.0,2039343.07,2150635.06,1611215.98,2.7
DC-3196,3.65,liquid-cooled,81.8,0.1098,173.48,1.09,16705681.75,4.4,0.161,766486.87,335163.36,550825.12,287766.84,449094.86,600024.77,440660.1,7.5
DC-3197,29.08,air-cooled,68.3,0.1218,187.76,1.524,10393505.05,12.17,3.539,13928537.93,7973791.68,10951164.8,10855626.28,11574222.88,12288259.96,8760931.84,3.0
DC-3198,3.65,hybrid,58.9,0.1382,171.62,1.205,14216340.13,8.12,0.296,1366927.48,609594.24,988260.86,963443.19,1079389.67,1190608.96,790608.69,4.2
DC-3199,12.21,air-cooled,45.5,0.1058,153.73,1.557,10723058.3,13.14,1.604,6136810.81,2958995.04,4547902.92,4402686.9,4691674.95,5030591.9,3638322.34,3.0
DC-3200,23.33,air-cooled,68.8,0.1534,163.53,1.561,11229920.88,12.62,2.944,13522336.05,5777187.84,9649761.94,8940349.38,9498040.49,10034204.9,7719809.55,2.7
DC-3201,19.07,hybrid,86.1,0.0923,177.27,1.254,13402021.81,9.33,1.779,7102028.2,3784359.96,5443194.08,4736317.93,5222532.1,5741530.83,4354555.26,3.9
DC-3202,23.11,hybrid,58.5,0.1588,197.47,1.237,13363783.11,9.98,2.306,10816305.54,5464389.84,8140347.69,6687312.31,7448118.58,8109180.48,6512278.15,3.2
DC-3203,19.65,air-cooled,80.4,0.14,189.2,1.592,10497859.89,12.31,2.419,10366108.17,5492097.6,7929102.88,7652659.9,8142023.4,8643539.28,6343282.3,2.8
DC-3204,45.75,hybrid,60.6,0.1182,186.1,1.249,12852485.72,9.74,4.456,18489559.33,9951139.2,14220349.26,12145780.94,13560753.47,14791343.0,11376279.41,3.6
DC-3205,7.68,air-cooled,73.3,0.1119,153.85,1.55,11459426.72,12.16,0.934,3797566.92,1724350.8,2760958.86,2621973.15,2810200.33,2982944.72,2208767.09,3.1
DC-3206,9.57,air-cooled,80.5,0.1099,203.05,1.579,10847635.8,12.32,1.179,4634327.05,2872751.4,3753539.22,3589923.45,3824189.5,4070309.46,3002831.38,2.9
DC-3207,8.86,air-cooled,64.1,0.1173,187.36,1.571,10779123.58,12.96,1.148,4603065.23,2581071.36,3592068.3,3264879.02,3494406.9,3706415.33,2873654.64,2.8
DC-3208,31.95,air-cooled,74.0,0.119,182.21,1.543,11102199.73,12.74,4.07,16587856.49,8899136.4,12743496.44,11814625.62,12519388.83,13321505.99,10194797.15,2.8
DC-3209,33.8,air-cooled,67.0,0.1451,200.99,1.61,10675970.73,12.87,4.35,19222085.8,10491678.0,14856881.9,13730161.35,14505244.09,15345770.0,11885505.52,2.6
DC-3210,23.59,air-cooled,80.5,0.1594,202.71,1.558,11092374.88,12.87,3.036,14088485.59,7385130.72,10736808.15,9847070.26,10446529.4,11025371.48,8589446.52,2.5
DC-3211,42.39,air-cooled,74.8,0.124,201.32,1.634,10667926.3,12.34,5.231,21685458.1,12637259.04,17161358.57,16432396.69,17406957.58,18480985.1,13729086.86,2.8
DC-3212,6.41,air-cooled,72.7,0.1031,180.29,1.567,11228138.11,12.08,0.774,3026639.74,1674533.52,2350586.63,2252870.56,2416259.6,2564666.95,1880469.3,3.1
DC-3213,62.41,air-cooled,90.7,0.1091,168.95,1.519,10301960.7,12.87,8.032,30048171.47,16284076.8,23166124.14,21796795.41,23429452.05,24770540.24,18532899.31,3.0
DC-3214,55.62,liquid-cooled,79.9,0.1163,198.83,1.073,17770808.44,3.27,1.819,9171812.85,4340061.24,6755937.04,4660174.13,7153105.51,9630628.77,5404749.63,9.3
DC-3215,29.62,air-cooled,63.7,0.0994,163.52,1.582,11570610.21,12.07,3.575,14116830.31,7015008.0,10565919.16,10024946.04,10638793.72,11441498.77,8452735.33,3.2
DC-3216,68.4,liquid-cooled,71.0,0.0964,213.21,1.097,17400122.99,2.01,1.375,6590472.63,3517965.0,5054218.81,5774143.47,8882797.82,11852481.13,4043375.05,15.2
DC-3217,4.37,hybrid,71.1,0.1619,184.42,1.227,13946980.43,9.55,0.417,2018077.49,922837.68,1470457.58,1243509.92,1381618.92,1512839.95,1176366.06,3.3
DC-3218,10.81,hybrid,73.0,0.1261,168.09,1.269,13452289.2,8.07,0.872,3829109.56,1758893.76,2794001.66,2789167.88,3108173.71,3429575.34,2235201.33,4.4
DC-3219,9.13,hybrid,98.0,0.1033,165.52,1.264,12627623.49,8.07,0.737,2911107.45,1463858.88,2187483.16,2256287.95,2525676.49,2790112.38,1749986.53,4.7
DC-3220,29.29,hybrid,76.5,0.1363,164.84,1.293,13002900.21,9.43,2.762,12244939.95,5463456.96,8854198.46,7668120.25,8502926.0,9472834.36,7083358.77,3.7
DC-3221,7.1,air-cooled,47.6,0.0964,186.11,1.629,10925017.65,12.76,0.906,3445892.68,2023387.92,2734640.3,2594151.13,2764744.28,2940149.94,2187712.24,2.9
DC-3222,30.14,air-cooled,65.5,0.0981,183.9,1.553,10517929.76,12.34,3.719,13655787.15,8207089.2,10931438.18,10583429.24,11279377.78,12025822.94,8745150.54,3.1
DC-3223,49.23,hybrid,48.8,0.1039,165.46,1.181,12459989.03,9.78,4.815,18507849.51,9560278.8,14034064.16,12663923.22,13959794.83,15274781.12,11227251.33,3.9
DC-3224,28.68,hybrid,68.0,0.1531,178.65,1.202,13011222.72,9.4,2.696,12141307.51,5779684.8,8960496.15,7974564.37,8799991.56,9703454.32,7168396.92,3.6
DC-3225,20.64,hybrid,48.2,0.1149,163.48,1.241,14139860.66,8.53,1.761,7733057.36,3454659.36,5593858.36,5446635.28,6019805.02,6627864.16,4475086.69,4.2
DC-3226,7.46,air-cooled,61.5,0.0712,192.84,1.585,12038621.65,12.65,0.944,3458658.14,2184491.52,2821574.83,2537053.32,2694745.38,2864249.66,2257259.86,3.0
DC-3227,8.35,hybrid,53.8,0.1442,183.18,1.235,12776740.97,8.17,0.682,3000334.8,1499145.12,2249739.96,2303285.92,2560146.34,2801840.36,1799791.97,4.2
DC-3228,44.69,air-cooled,76.6,0.1139,178.32,1.63,11279407.41,12.95,5.787,23917036.17,12383254.08,18150145.12,16054524.6,17195853.71,18329531.55,14520116.1,2.8
DC-3229,30.68,air-cooled,72.0,0.083,164.68,1.653,10423655.29,12.88,3.952,13904049.24,7809784.32,10856916.78,9987821.82,10663221.8,11425858.35,8685533.42,3.2
DC-3230,15.94,air-cooled,75.6,0.1137,179.5,1.62,10504319.55,12.37,1.972,7785126.03,4247688.0,6016407.02,5746600.85,6095094.18,6504145.42,4813125.62,3.0
DC-3231,11.77,hybrid,70.7,0.1304,177.78,1.311,13554482.58,9.73,1.145,5163569.61,2442697.2,3803133.4,3130175.46,3465105.65,3812642.22,3042506.72,3.5
DC-3232,3.25,liquid-cooled,55.3,0.1281,188.77,1.102,17945593.72,2.13,0.069,360492.27,156301.56,258396.92,270891.61,406824.73,558133.44,206717.54,14.1
DC-3233,6.98,air-cooled,78.2,0.156,186.51,1.621,12296774.52,12.23,0.854,4225430.01,1911354.48,3068392.24,2801585.49,2976483.61,3143007.29,2454713.79,2.6
DC-3234,75.88,hybrid,95.1,0.1029,195.88,1.258,14134793.61,9.88,7.497,32049911.0,17622148.32,24836029.66,19998392.22,22057422.35,24450414.14,19868823.73,3.4
DC-3235,5.9,air-cooled,76.9,0.1209,176.73,1.589,11595305.27,12.27,0.724,3083964.14,1535430.24,2309697.19,2148490.08,2291263.08,2424279.14,1847757.75,2.9
DC-3236,19.14,air-cooled,66.9,0.106,156.09,1.609,11835410.77,12.69,2.429,10017546.56,4549711.32,7283628.94,6479428.76,6901316.59,7405459.2,5826903.15,3.0
DC-3237,36.82,air-cooled,54.9,0.0892,198.87,1.628,10277200.98,12.18,4.485,15948339.84,10703183.4,13325761.62,13019973.59,14019872.74,14910281.37,10660609.3,3.1
DC-3238,6.03,air-cooled,61.1,0.1377,169.96,1.575,10611199.97,12.3,0.742,3159355.37,1513323.84,2336339.6,2271259.66,2407409.93,2553249.15,1869071.68,2.9
DC-3239,19.06,air-cooled,77.4,0.1293,167.4,1.67,10117890.37,12.89,2.457,10171920.15,4935621.6,7553770.88,7036789.82,7467637.54,7919915.71,6043016.7,2.8
DC-3240,34.82,air-cooled,84.9,0.1257,183.35,1.535,11510259.59,12.45,4.335,18415396.82,9537867.0,13976631.91,13088849.37,13886353.74,14705867.03,11181305.53,2.8
DC-3241,16.61,hybrid,75.1,0.1285,188.53,1.204,13392385.14,9.33,1.55,6713639.35,3506658.0,5110148.68,4508619.87,4996908.37,5510205.26,4088118.94,3.7
DC-3242,163.16,hybrid,81.6,0.1063,176.04,1.258,12447451.06,9.09,14.831,58397577.72,31330190.88,44863884.3,41536961.66,45723164.51,50641741.18,35891107.44,4.1
DC-3243,4.33,air-cooled,80.5,0.0999,175.92,1.559,10532128.56,12.81,0.555,2056159.19,1171627.2,1613893.19,1502319.05,1611862.72,1721995.95,1291114.55,3.0
DC-3244,38.36,air-cooled,78.1,0.1208,178.13,1.535,11026196.85,12.93,4.96,20210091.62,10602297.6,15406194.61,14134426.33,15010967.12,15918178.82,12324955.69,2.8
DC-3245,14.32,air-cooled,64.1,0.1432,205.25,1.505,11508653.43,12.57,1.8,8001717.66,4433400.0,6217558.83,5778835.53,6190513.32,6551679.59,4974047.06,2.6
DC-3246,30.49,air-cooled,74.1,0.1522,183.96,1.585,10869482.94,12.81,3.906,17689011.48,8622573.12,13155792.3,12105301.3,12890869.92,13703742.21,10524633.84,2.6
DC-3247,23.41,air-cooled,61.8,0.1359,169.48,1.622,10110644.76,12.37,2.896,12098836.39,5889768.96,8994302.68,8738710.69,9338400.44,9903206.42,7195442.14,2.9
DC-3248,9.15,air-cooled,72.2,0.1206,169.63,1.57,10629521.7,12.82,1.173,4716341.92,2387711.88,3552026.9,3284278.08,3500842.51,3723371.03,2841621.52,2.9
DC-3249,19.75,liquid-cooled,76.0,0.1254,180.24,1.076,18413274.0,4.27,0.843,4445837.82,1823307.84,3134572.83,1631947.42,2549975.38,3339120.78,2507658.26,7.1
DC-3250,3.72,hybrid,92.1,0.1202,187.57,1.22,13794699.47,8.53,0.317,1378978.6,713516.28,1046247.44,985764.6,1100725.65,1210548.08,836997.95,4.0
DC-3251,26.64,air-cooled,56.3,0.0995,191.26,1.592,10909812.89,12.13,3.231,12316642.78,7415532.72,9866087.75,9562401.2,10198673.65,10847061.24,7892870.2,3.0
DC-3252,20.87,air-cooled,77.8,0.1205,185.86,1.531,10739984.09,12.43,2.594,10383149.35,5785450.08,8084299.72,7748180.57,8224024.34,8735493.24,6467439.78,2.9
DC-3253,27.41,air-cooled,89.8,0.0933,171.37,1.513,11025945.52,12.23,3.352,12358143.94,6893186.88,9625665.41,9315074.34,9866789.02,10553150.79,7700532.33,3.2
DC-3254,38.34,hybrid,81.1,0.1175,177.64,1.288,14436861.12,9.49,3.638,16494436.46,7755051.84,12124744.15,10001794.64,11063718.77,12130784.74,9699795.32,3.6
DC-3255,22.07,air-cooled,82.0,0.1527,195.01,1.664,11044228.53,12.54,2.768,12954588.59,6477452.16,9716020.38,8932405.91,9493064.14,10036505.28,7772816.3,2.6
DC-3256,18.51,air-cooled,79.1,0.1365,166.81,1.569,10644917.47,12.03,2.227,9446161.84,4457830.44,6951996.14,6901665.86,7323487.45,7781376.3,5561596.91,3.0
DC-3257,8.13,hybrid,87.6,0.1015,177.01,1.227,14153933.68,8.78,0.714,3024713.47,1516621.68,2270667.58,2062145.77,2270683.19,2506827.14,1816534.06,4.0
DC-3258,9.3,air-cooled,59.0,0.1186,192.96,1.578,11740736.93,12.59,1.171,4974986.08,2711473.92,3843230.0,3493923.75,3720748.62,3961768.55,3074584.0,2.7
DC-3259,42.5,air-cooled,55.4,0.1033,197.13,1.562,10785612.16,12.73,5.41,20613555.28,12797679.6,16705617.44,15486958.22,16513362.74,17688459.75,13364493.95,2.9
DC-3260,51.89,air-cooled,71.9,0.1187,181.11,1.535,10709917.49,12.78,6.632,26369449.33,14413458.24,20391453.78,19081851.69,20235324.8,21573741.98,16313163.02,2.9
DC-3261,13.59,air-cooled,46.1,0.1408,177.83,1.575,11711716.11,12.91,1.754,7972317.95,3742965.84,5857641.9,5556949.52,5908734.57,6252593.52,4686113.52,2.6
DC-3262,17.06,air-cooled,86.8,0.1331,164.17,1.49,10946505.49,12.02,2.051,8552323.82,4040552.04,6296437.93,6290642.98,6684773.03,7078872.97,5037150.34,3.0
DC-3263,7.97,air-cooled,86.6,0.1697,191.88,1.579,11766788.58,12.35,0.984,4882744.87,2265719.04,3574231.96,3322984.09,3532049.19,3742920.0,2859385.57,2.5
DC-3264,42.02,air-cooled,66.8,0.1438,203.78,1.572,11134548.94,12.4,5.21,23208329.21,12740325.6,17974327.4,16994149.77,18125323.37,19280865.88,14379461.92,2.6
DC-3265,28.0,air-cooled,67.6,0.1241,222.48,1.592,9983683.29,12.65,3.542,13988367.32,9456289.92,11722328.62,11215520.84,11894538.56,12565810.1,9377862.9,2.7
DC-3266,77.71,hybrid,71.1,0.1335,189.8,1.213,13312966.46,8.63,6.706,29352108.15,15273585.6,22312846.88,21413109.02,23443632.02,25895095.31,17850277.5,3.9
DC-3267,8.14,air-cooled,72.6,0.116,183.24,1.568,10968242.49,12.41,1.01,4071033.36,2220868.8,3145951.08,2971601.59,3175971.63,3367459.49,2516760.86,2.9
DC-3268,12.15,air-cooled,73.5,0.0974,170.2,1.649,10879434.18,12.29,1.493,5710155.29,3049303.2,4379729.24,4153735.51,4419147.7,4744954.78,3503783.39,3.1
DC-3269,19.79,hybrid,78.7,0.1461,155.82,1.304,14016604.14,9.82,1.943,9294742.82,3633099.12,6463920.97,5187048.73,5777750.16,6352162.73,5171136.78,3.4
DC-3270,27.58,hybrid,69.9,0.1402,186.65,1.28,12869935.09,8.05,2.22,9839084.7,4972356.0,7405720.35,7606401.24,8328896.52,9192405.1,5924576.28,4.2
DC-3271,13.84,hybrid,83.3,0.1152,219.26,1.222,13569025.79,9.4,1.301,5527328.17,3423087.12,4475207.64,3893820.1,4306692.55,4731196.6,3580166.11,3.5
DC-3272,8.18,air-cooled,77.4,0.1255,203.06,1.582,10537082.34,12.45,1.018,4154247.29,2480580.96,3317414.12,3165601.83,3386115.07,3596551.01,2653931.3,2.8
DC-3273,33.29,air-cooled,64.7,0.1448,200.75,1.491,10967388.12,12.32,4.101,17750987.09,9879309.0,13815148.04,13429178.7,14274573.15,15145645.18,11052118.43,2.7
DC-3274,29.28,hybrid,88.0,0.1369,187.68,1.252,12891368.92,8.76,2.565,11199308.48,5776790.4,8488049.44,8059931.29,8932466.83,9816095.69,6790439.55,3.9
DC-3275,7.9,hybrid,55.7,0.0907,189.39,1.269,14900497.16,8.75,0.691,2984762.55,1570421.88,2277592.22,2005450.41,2209059.35,2444950.34,1822073.78,3.9
DC-3276,48.64,air-cooled,70.9,0.1249,147.64,1.642,10926229.71,12.56,6.109,25808097.62,10823193.12,18315645.37,17027976.86,18089266.44,19286128.48,14652516.3,3.0
DC-3277,41.94,liquid-cooled,83.6,0.1166,195.44,1.077,17344574.18,3.78,1.585,7852747.54,3717268.8,5785008.17,3573638.74,5440564.98,7219855.04,4628006.54,8.2
DC-3278,18.31,air-cooled,63.3,0.1423,175.31,1.518,11830764.36,12.42,2.274,10281478.52,4783859.28,7532668.9,6991769.12,7459419.77,7915703.67,6026135.12,2.7
DC-3279,17.53,liquid-cooled,75.7,0.1406,173.47,1.087,17819863.38,4.45,0.78,4133048.18,1623679.2,2878363.69,1452866.42,2230099.32,2982824.22,2302690.95,6.9
DC-3280,25.62,liquid-cooled,78.5,0.1464,179.15,1.101,17050321.36,2.36,0.605,3146576.67,1300629.0,2223602.84,2180343.41,3314343.69,4498994.86,1778882.27,13.0
DC-3281,8.25,hybrid,61.7,0.0976,178.64,1.263,14579181.48,9.08,0.749,3235419.94,1605616.32,2420518.13,2069979.66,2300552.19,2531603.92,1936414.5,3.8
DC-3282,16.84,liquid-cooled,71.1,0.1043,173.24,1.098,17461974.78,2.5,0.421,2056015.09,875208.48,1465611.78,1370478.21,2055844.07,2739957.1,1172489.42,12.9
DC-3283,2.94,hybrid,70.1,0.1423,184.21,1.224,13814129.1,9.24,0.272,1249998.09,601261.44,925629.76,810277.83,895226.02,988517.73,740503.81,3.6
DC-3284,33.15,air-cooled,65.4,0.1082,175.63,1.568,11137912.05,12.95,4.293,17005827.17,9047755.08,13026791.12,11712687.23,12506572.76,13287939.02,10421432.9,2.9
DC-3285,4.72,air-cooled,98.0,0.0896,185.5,1.572,11897744.1,12.85,0.607,2353824.38,1351182.0,1852503.19,1631058.62,1735859.2,1858734.12,1482002.55,2.9
DC-3286,54.75,air-cooled,62.8,0.1307,161.69,1.559,11460901.12,12.24,6.701,29027498.36,13001816.28,21014657.32,19840732.11,21247374.71,22575764.36,16811725.86,2.9
DC-3287,12.63,air-cooled,84.1,0.1091,180.79,1.52,11552242.78,12.54,1.584,6367447.76,3436456.32,4901952.04,4566146.47,4865831.88,5144082.75,3921561.63,2.9
DC-3288,13.88,hybrid,67.3,0.1558,167.56,1.271,13754335.21,9.19,1.276,6113558.32,2565678.72,4339618.52,3786619.13,4192330.35,4631844.49,3471694.82,3.6
DC-3289,9.95,air-cooled,59.0,0.1259,174.38,1.509,11478916.46,12.26,1.22,5142449.18,2552923.2,3847686.19,3668088.97,3903835.12,4150680.08,3078148.95,2.9
DC-3290,13.06,air-cooled,73.2,0.1232,186.15,1.461,10472161.68,12.07,1.576,6152554.27,3520468.8,4836511.54,4886583.74,5191166.46,5548234.1,3869209.23,3.0
DC-3291,51.15,hybrid,79.8,0.1126,159.94,1.258,13499952.18,9.31,4.762,20194929.52,9139611.36,14667270.44,12655162.42,13990745.13,15552325.43,11733816.35,3.9
DC-3292,2.25,liquid-cooled,83.0,0.1518,171.66,1.063,19260041.49,4.77,0.107,609210.13,220411.44,414810.78,187970.35,281076.57,387750.21,331848.62,6.1
DC-3293,45.68,air-cooled,90.7,0.1272,192.53,1.521,10627262.62,12.83,5.861,23774687.16,13541019.96,18657853.56,17503830.99,18660044.37,19697988.42,14926282.85,2.8
DC-3294,21.55,air-cooled,98.0,0.1118,162.8,1.546,11411279.08,12.52,2.698,10926745.47,5270812.8,8098779.14,7507553.69,8024524.88,8562188.56,6479023.31,3.0
DC-3295,6.26,air-cooled,75.0,0.1041,210.67,1.547,11164282.86,12.96,0.811,3156157.18,2050240.44,2603198.81,2347672.04,2507348.47,2653020.35,2082559.05,2.7
DC-3296,6.96,hybrid,64.0,0.1185,202.07,1.202,13264280.97,8.66,0.603,2529805.77,1462178.52,1995992.14,1914706.59,2096176.72,2327818.95,1596793.71,3.9
DC-3297,62.87,air-cooled,77.4,0.1004,176.58,1.649,10844970.24,12.14,7.632,29461775.12,16171902.72,22816838.92,21956711.58,23354252.55,24823425.96,18253471.14,3.1
DC-3298,7.72,hybrid,68.8,0.1406,172.19,1.21,13075307.05,9.19,0.709,3116712.63,1464992.52,2290852.58,2075192.09,2291462.87,2516390.33,1832682.06,3.8
DC-3299,6.54,air-cooled,83.1,0.0838,187.03,1.526,10553874.2,12.91,0.844,2924901.97,1894239.84,2409570.91,2236426.39,2390011.75,2547243.19,1927656.73,3.1
DC-3300,40.85,air-cooled,56.4,0.1172,162.29,1.518,10638461.43,12.72,5.196,20381780.94,10119106.08,15250443.51,14392711.86,15332602.24,16416793.19,12200354.81,3.0
DC-3301,21.56,liquid-cooled,98.0,0.1322,153.97,1.139,17135146.59,3.86,0.832,4265542.83,1537236.48,2901389.66,1705812.58,2701739.48,3574216.93,2321111.73,8.4
DC-3302,7.77,air-cooled,82.3,0.1268,177.11,1.577,10693214.72,12.81,0.995,4107311.32,2114693.4,3111002.36,2886486.57,3073618.67,3258448.09,2488801.89,2.8
DC-3303,19.56,air-cooled,51.8,0.1057,181.99,1.503,9869665.52,12.92,2.527,9059130.24,5518664.76,7288897.5,7004354.79,7423463.17,7881594.13,5831118.0,3.0
DC-3304,7.24,air-cooled,63.5,0.1332,185.42,1.587,10711963.67,12.59,0.912,3859765.26,2029236.48,2944500.87,2762203.55,2956492.48,3130271.53,2355600.7,2.8
DC-3305,39.67,air-cooled,81.8,0.1023,174.78,1.517,10409598.38,12.23,4.852,17819943.31,10176390.72,13998167.02,13854467.67,14746774.29,15771622.85,11198533.62,3.2
DC-3306,38.44,air-cooled,86.1,0.1196,203.11,1.548,10270307.88,12.03,4.624,18052669.6,11270167.68,14661418.64,14724506.83,15684981.48,16684502.61,11729134.91,2.9
DC-3307,25.17,air-cooled,56.7,0.133,161.57,1.626,11844665.86,12.07,3.038,13751713.73,5890195.92,9820954.82,9206047.05,9802387.7,10430091.33,7856763.86,2.9
DC-3308,21.96,air-cooled,80.6,0.1293,166.93,1.545,10987854.12,12.24,2.688,11267336.42,5384494.08,8325915.25,8016881.98,8564534.36,9076141.15,6660732.2,3.0
DC-3309,67.29,air-cooled,48.6,0.1065,191.3,1.592,11713185.08,13.14,8.842,36147603.55,20297695.2,28222649.38,25050626.66,26728178.78,28498149.32,22578119.5,2.7
DC-3310,16.44,hybrid,70.9,0.1439,166.58,1.24,13080189.77,8.38,1.378,6159395.7,2754566.88,4456981.29,4323472.83,4836981.1,5355652.06,3565585.03,4.1
DC-3311,6.39,hybrid,85.3,0.1217,166.0,1.265,13517313.66,8.43,0.539,2345972.63,1073688.0,1709830.32,1627199.59,1805295.11,1992356.36,1367864.26,4.2
DC-3312,23.56,air-cooled,65.4,0.1349,185.85,1.562,11023496.3,12.76,3.006,12912329.31,6703981.2,9808155.26,9075928.12,9631540.89,10174101.54,7846524.21,2.7
DC-3313,87.26,hybrid,53.9,0.1506,168.2,1.226,12290606.56,9.51,8.298,36085128.88,16748683.2,26416906.04,23656713.75,26010769.49,28704089.7,21133524.83,3.7
DC-3314,7.3,air-cooled,73.8,0.1424,182.0,1.498,11214440.04,12.43,0.907,3955190.22,1980888.0,2968039.11,2826805.65,3007180.32,3189080.4,2374431.29,2.8
DC-3315,12.32,air-cooled,64.7,0.1424,173.5,1.554,11473952.92,12.25,1.509,6772790.69,3141738.0,4957264.35,4704169.39,5003713.2,5334458.68,3965811.48,2.8
DC-3316,22.95,air-cooled,79.6,0.1239,171.08,1.634,11589189.49,12.27,2.816,12246390.37,5781135.36,9013762.86,8367123.91,8943119.32,9497928.67,7211010.29,2.9
DC-3317,15.75,air-cooled,61.4,0.1359,152.47,1.594,11098216.04,12.92,2.035,8880540.01,3723317.4,6301928.7,5690018.38,6046742.67,6462906.94,5041542.96,2.8
DC-3318,7.49,air-cooled,62.7,0.1243,186.09,1.565,10811716.45,12.74,0.954,3917774.7,2130358.32,3024066.51,2801746.92,2988979.65,3178836.85,2419253.21,2.8
DC-3319,40.35,air-cooled,47.7,0.0958,165.29,1.667,11134704.49,12.76,5.149,19943819.99,10212938.52,15078379.26,14070215.96,14990080.55,15980362.68,12062703.41,3.0
DC-3320,105.22,hybrid,74.0,0.1261,181.48,1.235,13603998.1,8.63,9.08,39837012.24,19774060.8,29805536.52,28138621.12,30936524.5,34051549.28,23844429.22,4.0
DC-3321,19.24,liquid-cooled,70.1,0.1251,176.32,1.05,18011704.67,4.34,0.835,4302981.15,1766726.4,3034853.78,1593536.97,2460516.55,3288699.19,2427883.02,7.1
DC-3322,7.98,air-cooled,57.7,0.1317,180.9,1.577,10264278.06,12.06,0.962,3944510.69,2088309.6,3016410.14,3017205.33,3201473.12,3405125.61,2413128.11,3.0
DC-3323,4.76,hybrid,74.3,0.1174,181.75,1.219,13367959.5,10.0,0.476,2010769.9,1038156.0,1524462.95,1246036.23,1391952.61,1523432.14,1219570.36,3.5
DC-3324,20.21,hybrid,84.3,0.1048,186.9,1.266,13594263.45,9.81,1.983,8295278.07,4447472.4,6371375.24,5266168.99,5801694.18,6404374.76,5097100.19,3.6
DC-3325,39.77,hybrid,69.4,0.1331,173.08,1.256,13566081.27,8.08,3.213,14391430.11,6673272.48,10532351.3,10654577.07,11688346.22,12792708.63,8425881.04,4.2
DC-3326,24.05,air-cooled,75.2,0.0937,202.64,1.612,11145245.53,12.69,3.052,11597203.77,7421487.36,9509345.56,8638421.72,9231543.88,9826329.5,7607476.45,2.8
DC-3327,16.41,air-cooled,75.3,0.1492,156.29,1.674,11403333.41,12.89,2.115,9986984.95,3966640.2,6976812.57,6103687.09,6555358.44,6951121.92,5581450.06,2.6
DC-3328,10.26,air-cooled,57.5,0.1154,180.6,1.583,11953368.74,12.52,1.285,5469686.28,2784852.0,4127269.14,3723107.95,3986602.81,4240164.07,3301815.31,2.8
DC-3329,6.86,air-cooled,96.7,0.1249,196.54,1.582,11996765.23,12.03,0.825,3627402.9,1945746.0,2786574.45,2618274.97,2795907.65,2972097.98,2229259.56,2.8
DC-3330,32.07,hybrid,66.3,0.1312,191.15,1.274,13872103.51,9.8,3.143,14290948.05,7209413.4,10750180.73,8814430.57,9677696.3,10606801.7,8600144.58,3.4
DC-3331,34.16,air-cooled,79.9,0.1318,169.38,1.58,10506472.73,12.48,4.263,17729770.78,8664803.28,13197287.03,12655272.61,13458826.79,14268391.92,10557829.62,2.9
DC-3332,4.78,air-cooled,81.2,0.0918,171.88,1.573,11986491.46,12.36,0.591,2321815.03,1218972.96,1770394.0,1609630.22,1719848.94,1838451.48,1416315.2,3.0
DC-3333,58.67,hybrid,70.3,0.1365,168.9,1.264,12842969.42,9.92,5.82,25406677.84,11795976.0,18601326.92,15461466.41,17099398.57,18835139.89,14881061.54,3.5
DC-3334,26.03,hybrid,79.3,0.1261,192.99,1.278,13189275.61,9.08,2.364,10266083.57,5474740.32,7870411.94,7111306.43,7777363.5,8483231.68,6296329.55,3.7
DC-3335,50.38,air-cooled,74.9,0.1073,172.9,1.644,10869307.98,12.32,6.207,24583917.7,12878283.6,18731100.65,17659976.43,18922526.47,20271710.72,14984880.52,3.0
DC-3336,5.62,hybrid,55.0,0.105,187.83,1.291,13510851.55,9.26,0.52,2178734.09,1172059.2,1675396.64,1458783.08,1608253.06,1785986.9,1340317.31,3.8
DC-3337,5.51,air-cooled,68.0,0.1133,187.96,1.593,11229405.87,12.57,0.693,2825006.72,1563075.36,2194041.04,2037211.0,2157234.03,2308690.92,1755232.83,2.8
DC-3338,14.6,air-cooled,64.6,0.094,219.53,1.538,11898228.8,12.49,1.824,7132754.85,4805072.64,5968913.74,5469722.69,5825144.46,6175674.31,4775130.99,2.8
DC-3339,24.59,air-cooled,66.5,0.1544,188.7,1.547,11510548.25,12.39,3.047,14169418.94,6899626.8,10534522.87,9903855.22,10532072.4,11157907.14,8427618.3,2.6
DC-3340,69.21,hybrid,56.4,0.1497,171.83,1.252,12858459.53,9.24,6.395,28772852.08,13186234.2,20979543.14,18805439.95,20825679.62,22830099.6,16783634.51,3.7
DC-3341,28.93,liquid-cooled,85.5,0.129,162.1,1.107,17249495.95,2.76,0.798,4057172.13,1552269.6,2804720.86,2332034.32,3634056.69,4737590.01,2243776.69,11.6
DC-3342,13.54,air-cooled,91.2,0.1155,179.86,1.522,11934286.52,12.29,1.664,6975476.07,3591444.48,5283460.28,4912767.49,5235781.1,5576225.28,4226768.22,2.9
DC-3343,7.23,air-cooled,83.7,0.1161,182.21,1.625,11894113.16,12.96,0.937,4025183.11,2048769.24,3036976.18,2648752.77,2815739.94,2983378.07,2429580.94,2.7
DC-3344,43.99,air-cooled,87.2,0.1352,150.84,1.593,10750368.63,12.66,5.569,23811058.89,10080335.52,16945697.2,15862427.46,16845078.5,17921774.08,13556557.76,2.9
DC-3345,7.6,air-cooled,67.9,0.1552,173.29,1.578,10950317.18,12.28,0.933,4271998.82,1940154.84,3106076.83,2951679.99,3165109.39,3361326.22,2484861.46,2.8
DC-3346,60.51,air-cooled,64.4,0.1086,188.46,1.659,10979625.16,12.61,7.63,30658737.26,17255397.6,23957067.43,22058990.48,23478176.44,25087215.82,19165653.94,2.8
DC-3347,13.1,air-cooled,62.7,0.0976,176.01,1.584,10668911.1,12.36,1.619,6031019.66,3419522.28,4725270.97,4536591.59,4842831.55,5174678.23,3780216.78,3.1
DC-3348,58.7,hybrid,79.7,0.151,198.53,1.275,14184063.27,8.52,5.001,24197503.84,11914182.36,18055843.1,16767421.41,18562411.82,20328580.61,14444674.48,3.7
DC-3349,28.31,hybrid,74.7,0.0843,160.62,1.253,13785820.8,8.28,2.344,9349785.02,4517919.36,6933852.19,6749223.8,7425341.08,8208442.67,5547081.75,4.6
DC-3350,14.74,air-cooled,71.1,0.0998,194.15,1.591,11144321.95,12.66,1.866,7216651.54,4347406.8,5782029.17,5306996.33,5655518.98,6030124.31,4625623.34,2.9
DC-3351,10.85,air-cooled,87.5,0.1151,197.71,1.6,10950112.71,12.55,1.362,5511469.17,3231372.24,4371420.7,4076923.28,4338997.76,4634147.59,3497136.56,2.8
DC-3352,12.52,air-cooled,76.9,0.0888,198.35,1.486,10424937.85,12.81,1.604,5570041.46,3817840.8,4693941.13,4432058.13,4707872.1,5034964.23,3755152.9,3.0
DC-3353,23.17,air-cooled,61.9,0.1422,160.51,1.586,10311802.21,12.32,2.855,12182705.81,5499072.6,8840889.2,8575618.56,9207849.05,9796640.73,7072711.36,2.9
DC-3354,17.49,hybrid,63.8,0.1371,188.72,1.303,13559109.18,9.27,1.621,7420991.75,3670981.44,5545986.6,4787292.07,5302451.34,5841674.53,4436789.28,3.5
DC-3355,10.23,liquid-cooled,80.2,0.1085,173.97,1.053,17886987.68,4.4,0.45,2239074.24,939438.0,1589256.12,830616.14,1258063.93,1667353.89,1271404.9,7.2
DC-3356,14.4,air-cooled,84.5,0.1456,162.91,1.52,11216535.61,12.88,1.855,8219980.97,3626376.6,5923178.78,5391604.0,5758785.29,6092113.22,4738543.02,2.7
DC-3357,17.51,air-cooled,78.6,0.149,177.79,1.669,10590022.58,12.25,2.145,9720676.49,4576314.6,7148495.54,6862696.84,7253903.22,7710266.82,5718796.43,2.8
DC-3358,3.0,hybrid,94.8,0.1177,170.43,1.271,12929223.92,9.09,0.273,1142130.43,558328.68,850229.56,772778.04,857610.56,946768.09,680183.65,4.0
DC-3359,23.73,air-cooled,91.6,0.111,197.81,1.624,11023129.84,12.63,2.997,12074005.06,7114038.84,9594021.95,8843095.98,9385778.6,9951388.54,7675217.56,2.8
DC-3360,7.51,hybrid,77.3,0.1652,191.7,1.179,13201028.41,9.71,0.729,3382380.72,1676991.6,2529686.16,2169583.06,2390583.88,2628870.93,2023748.93,3.3
DC-3361,6.54,air-cooled,61.9,0.1344,166.71,1.558,11172222.21,12.55,0.821,3544271.78,1642426.92,2593349.35,2407676.99,2571951.85,2733560.22,2074679.48,2.8
DC-3362,4.26,hybrid,56.3,0.1251,173.14,1.217,13929070.83,8.01,0.341,1510299.29,708488.88,1109394.08,1117961.41,1238753.28,1361293.98,887515.26,4.3
DC-3363,3.92,air-cooled,67.4,0.1473,178.29,1.515,11293286.18,12.27,0.481,2147422.75,1029089.88,1588256.32,1526052.69,1618950.75,1723003.04,1270605.06,2.8
DC-3364,5.56,hybrid,81.0,0.126,182.91,1.27,13830246.42,8.81,0.49,2192830.01,1075510.8,1634170.4,1492550.3,1630678.34,1803464.79,1307336.32,3.8
DC-3365,9.33,hybrid,93.9,0.1099,199.1,1.3,13290464.25,9.73,0.908,3818119.75,2169393.6,2993756.68,2511150.68,2755090.27,3026256.29,2395005.34,3.5
DC-3366,78.46,air-cooled,77.0,0.1216,194.36,1.636,10980004.08,12.19,9.564,40003288.11,22306308.48,31154798.3,29869525.54,31649991.36,33892684.73,24923838.64,2.8
DC-3367,10.8,hybrid,86.0,0.1408,184.77,1.25,14338529.04,8.15,0.88,4160727.81,1951171.2,3055949.5,2966706.71,3284027.82,3625771.26,2444759.6,4.0
DC-3368,18.96,hybrid,69.1,0.0802,180.09,1.226,13310772.07,8.22,1.559,5954254.56,3369123.72,4661689.14,4672240.52,5148083.17,5639844.5,3729351.31,4.6
DC-3369,22.66,air-cooled,79.5,0.1142,157.4,1.572,10145660.86,12.24,2.774,10616673.68,5239531.2,7928102.44,7799320.08,8331719.05,8882256.91,6342481.95,3.2
DC-3370,18.26,air-cooled,81.9,0.1477,203.38,1.6,10277839.41,12.42,2.268,9875161.2,5535190.08,7705175.64,7481118.98,7906437.57,8362802.88,6164140.51,2.7
DC-3371,15.46,air-cooled,48.2,0.1098,177.29,1.514,12087898.78,12.97,2.005,8305587.39,4265597.4,6285592.4,5682519.75,6025171.76,6407321.35,5028473.92,2.8
DC-3372,6.32,air-cooled,67.0,0.1509,207.32,1.598,11426555.6,12.37,0.782,3637555.27,1945490.88,2791523.08,2595814.71,2778432.62,2930222.44,2233218.46,2.5
DC-3373,52.5,air-cooled,83.4,0.1483,186.94,1.615,11046624.64,12.32,6.468,29447930.14,14509535.04,21978732.59,20830356.71,22107535.99,23332712.09,17582986.07,2.7
DC-3374,69.81,hybrid,75.3,0.1187,214.38,1.216,13022914.25,9.78,6.827,28389344.49,17562867.12,22976105.8,19606180.99,21550158.85,23716291.52,18380884.64,3.4
DC-3375,4.28,air-cooled,57.6,0.1086,193.09,1.571,12272704.88,12.83,0.549,2317777.32,1272076.92,1794927.12,1563018.22,1672452.29,1773699.83,1435941.7,2.7
DC-3376,7.25,liquid-cooled,42.8,0.1143,162.52,1.061,18171019.48,4.75,0.344,1754520.29,670882.56,1212701.42,949290.84,1215243.57,1537674.92,970161.14,6.7
DC-3377,13.15,air-cooled,67.6,0.1733,174.78,1.505,11329324.04,12.41,1.632,7837484.33,3422891.52,5630187.92,5342789.93,5693125.19,6057064.19,4504150.34,2.6
DC-3378,7.6,air-cooled,71.1,0.1575,181.46,1.498,11441209.98,12.98,0.986,4544751.76,2147034.72,3345893.24,3048151.98,3235134.36,3427192.39,2676714.59,2.6
DC-3379,24.65,air-cooled,61.4,0.1225,170.89,1.633,10005505.28,12.57,3.099,12321059.73,6355057.32,9338058.52,8941250.15,9532934.75,10132318.88,7470446.82,3.0
DC-3380,9.18,air-cooled,73.7,0.1078,178.34,1.644,11599136.54,12.8,1.175,4852821.83,2514594.0,3683707.92,3269229.48,3478424.12,3726429.71,2946966.34,2.8
DC-3381,92.95,air-cooled,78.1,0.1223,163.5,1.528,10607645.91,12.98,12.065,48190920.52,23671530.0,35931225.26,33143350.93,35469703.72,37737005.69,28744980.21,2.9
DC-3382,42.62,air-cooled,80.0,0.1249,184.09,1.511,10951944.52,12.65,5.391,22032945.91,11909150.28,16971048.1,15999687.91,16971372.75,17946480.4,13576838.48,2.8
DC-3383,19.49,air-cooled,43.7,0.0951,187.56,1.566,11977075.09,13.98,2.725,10807811.23,6133212.0,8470511.62,7584479.46,8071370.12,8547407.72,6776409.3,2.6
DC-3384,37.4,hybrid,56.2,0.1216,168.94,1.232,12575146.32,8.58,3.209,13178795.24,6505541.52,9842168.38,9664832.6,10712781.32,11761901.45,7873734.7,4.3
DC-3385,39.83,hybrid,68.3,0.1464,213.1,1.214,14209861.68,8.4,3.346,15775246.79,8556391.2,12165819.0,11603188.6,12829756.85,14011828.75,9732655.2,3.7
DC-3386,10.47,air-cooled,78.9,0.084,184.95,1.57,10776156.68,12.69,1.329,4717910.51,2949582.6,3833746.56,3568123.08,3817696.23,4064043.07,3066997.25,3.1
DC-3387,8.56,hybrid,77.9,0.1365,171.75,1.264,13789877.05,9.94,0.851,3894033.44,1753911.0,2823972.22,2288810.18,2525606.34,2775853.27,2259177.78,3.4
DC-3388,17.51,hybrid,77.7,0.1475,159.56,1.271,13253762.84,8.4,1.471,6748270.95,2816553.12,4782412.04,4659420.03,5184408.83,5677049.65,3825929.63,4.1
DC-3389,32.76,air-cooled,67.4,0.1088,184.9,1.632,10880247.36,12.76,4.18,16608278.48,9274584.0,12941431.24,11813308.15,12664161.83,13473656.11,10353144.99,2.8
DC-3390,18.38,liquid-cooled,68.1,0.1539,180.09,1.066,17654555.3,3.14,0.577,3092937.72,1246943.16,2169940.44,1578616.08,2414198.05,3228767.64,1735952.35,9.5
DC-3391,4.66,hybrid,63.3,0.1062,195.75,1.237,14262575.22,9.08,0.423,1827468.75,993627.0,1410547.88,1241845.26,1372691.51,1506259.49,1128438.3,3.7
DC-3392,8.65,air-cooled,81.2,0.1288,181.85,1.581,10490667.87,12.41,1.073,4415483.9,2341500.6,3378492.25,3236339.25,3471761.36,3670581.3,2702793.8,2.9
DC-3393,15.5,air-cooled,61.0,0.1139,166.09,1.63,10865577.66,12.39,1.92,7758582.02,3826713.6,5792647.81,5422046.7,5801882.55,6206201.84,4634118.25,3.0
DC-3394,15.48,air-cooled,82.2,0.1139,209.06,1.554,10535802.89,12.12,1.876,7301044.54,4706358.72,6003701.63,5921713.58,6261635.36,6653582.16,4802961.3,2.9
DC-3395,79.68,air-cooled,74.5,0.1077,190.53,1.559,10087813.54,12.97,10.334,38365781.16,23627244.24,30996512.7,29037866.22,31001830.55,33063625.47,24797210.16,2.9
DC-3396,5.43,hybrid,71.5,0.134,180.19,1.256,13442189.43,8.74,0.475,2119210.72,1027083.0,1573146.86,1461934.62,1626654.12,1786194.17,1258517.49,3.9
DC-3397,24.64,air-cooled,64.1,0.137,186.47,1.605,11478077.33,12.95,3.191,14285712.75,7140309.24,10713011.0,9548979.91,10119712.58,10786048.8,8570408.8,2.6
DC-3398,54.12,hybrid,55.7,0.1187,191.11,1.255,14055577.41,8.89,4.811,21305156.08,11033162.52,16169159.3,14518339.2,16056936.62,17608522.17,12935327.44,3.8
DC-3399,101.21,hybrid,64.2,0.0928,162.57,1.246,13783574.16,8.03,8.127,33125040.6,15854476.68,24489758.64,24569830.82,27281008.97,30083425.13,19591806.91,4.6
DC-3400,11.9,hybrid,68.0,0.1281,186.37,1.247,12729727.57,9.25,1.101,4655200.73,2462320.44,3558760.58,3201442.63,3555351.96,3899669.08,2847008.46,3.8
DC-3401,24.36,hybrid,43.6,0.1284,177.25,1.223,14721035.04,9.91,2.414,11217742.01,5134578.0,8176160.0,7439470.43,8125860.6,8938729.44,6540928.0,3.4
DC-3402,25.94,air-cooled,69.6,0.1157,191.61,1.596,10864865.43,12.94,3.357,13535462.98,7718817.24,10627140.11,9689294.94,10275648.16,10974062.11,8501712.09,2.7
DC-3403,19.23,air-cooled,83.1,0.1573,172.9,1.597,11450951.87,12.03,2.313,10975737.64,4799012.4,7887375.02,7574200.3,8029002.51,8560195.8,6309900.02,2.7
DC-3404,15.19,hybrid,78.8,0.0887,174.93,1.287,12600396.89,8.05,1.223,4647525.53,2567272.68,3607399.11,3740667.97,4148574.63,4553137.72,2885919.29,4.7
DC-3405,23.31,air-cooled,66.0,0.0757,208.94,1.556,10024438.44,12.45,2.902,9459029.47,7276126.56,8367578.02,8277642.64,8741111.93,9267065.64,6694062.42,3.1
DC-3406,2.17,air-cooled,72.6,0.1054,202.46,1.624,10392016.36,12.72,0.276,1051224.02,670547.52,860885.77,808093.22,856167.61,909602.12,688708.62,2.8
DC-3407,28.38,liquid-cooled,65.3,0.1342,134.57,1.066,18438843.57,2.52,0.715,3825751.83,1154610.6,2490181.22,2223200.19,3392285.33,4529030.94,1992144.98,12.8
DC-3408,18.19,hybrid,73.8,0.0989,201.35,1.249,12876027.7,9.9,1.801,7102114.05,4351576.2,5726845.12,4845183.3,5351784.67,5864802.37,4581476.1,3.6
DC-3409,13.76,air-cooled,90.5,0.1004,182.9,1.595,11411120.8,12.17,1.675,6597177.61,3676290.0,5136733.8,4852808.62,5179955.19,5519882.18,4109387.04,3.0
DC-3410,84.56,hybrid,83.6,0.139,173.38,1.237,13095997.97,9.07,7.67,33874113.6,15957895.2,24916004.4,22866050.06,25117476.38,27563453.08,19932803.52,3.8
DC-3411,9.58,hybrid,78.2,0.1293,168.89,1.267,12387426.28,8.38,0.803,3362844.96,1627424.04,2495134.5,2502229.28,2759764.0,3033987.01,1996107.6,4.3
DC-3412,11.91,air-cooled,66.1,0.1275,169.76,1.599,10340583.82,12.25,1.459,5958308.87,2972158.08,4465233.47,4364103.38,4652055.73,4931434.63,3572186.78,3.0
DC-3413,80.9,air-cooled,81.0,0.1356,173.8,1.653,10917044.88,12.81,10.363,45488760.96,21613072.8,33550916.88,30491261.0,32413703.44,34361846.3,26840733.5,2.7
DC-3414,8.45,liquid-cooled,51.8,0.1115,167.09,1.081,17380595.93,4.48,0.379,1864001.81,759925.32,1311963.56,694856.57,1020124.94,1379966.3,1049570.85,7.2
DC-3415,10.59,air-cooled,69.0,0.1124,163.68,1.602,10748893.29,12.72,1.347,5342216.28,2645723.52,3993969.9,3679218.92,3946570.82,4189144.69,3195175.92,3.0
DC-3416,14.62,air-cooled,79.0,0.1362,168.39,1.508,11720877.16,12.19,1.782,7847664.74,3600851.76,5724258.25,5448144.11,5801960.51,6150006.97,4579406.6,2.9
DC-3417,32.22,air-cooled,80.9,0.0931,188.85,1.608,10729689.32,12.92,4.163,15385571.49,9434190.6,12409881.04,11316706.37,12032728.28,12947449.53,9927904.83,2.9
DC-3418,19.42,hybrid,80.0,0.0771,184.75,1.233,13687431.48,9.63,1.87,7245155.5,4145790.0,5695472.75,4765583.63,5271018.45,5819308.34,4556378.2,3.8
DC-3419,5.85,air-cooled,75.5,0.1113,192.34,1.622,11015666.33,12.28,0.718,2893077.89,1657201.44,2275139.66,2164322.2,2298401.66,2448704.46,1820111.73,2.9
DC-3420,10.74,air-cooled,69.7,0.1386,183.0,1.549,11967832.72,12.55,1.348,6120209.88,2960208.0,4540208.94,4129872.93,4391685.78,4678204.13,3632167.15,2.7
DC-3421,10.12,air-cooled,78.5,0.1251,164.4,1.518,10417285.59,12.84,1.299,5168061.27,2562667.2,3865364.24,3642476.52,3902650.02,4143380.59,3092291.39,2.9
DC-3422,15.46,liquid-cooled,60.6,0.1371,191.42,1.084,18276494.35,4.61,0.713,3824049.19,1637789.52,2730919.36,1342231.45,1987070.97,2728044.34,2184735.49,6.4
DC-3423,23.12,air-cooled,61.9,0.0797,168.93,1.537,10958617.79,12.29,2.841,9967190.42,5759161.56,7863175.99,7516463.43,8026346.66,8564906.89,6290540.79,3.3
DC-3424,22.98,hybrid,72.7,0.1263,193.7,1.275,13380387.32,8.65,1.988,8715519.44,4620907.2,6668213.32,6290021.79,6953606.25,7634113.39,5334570.66,3.9
DC-3425,3.97,liquid-cooled,74.1,0.1331,166.51,1.048,17692992.83,2.34,0.093,479293.92,185825.16,332559.54,328755.73,499361.05,667918.69,266047.63,13.4
DC-3426,38.52,air-cooled,50.1,0.093,173.69,1.563,10336238.29,12.08,4.653,16612543.93,9698154.84,13155349.38,13128190.99,14053100.24,14965217.2,10524279.5,3.3
DC-3427,20.13,liquid-cooled,77.5,0.1372,178.58,1.112,19229688.03,4.51,0.908,5093649.07,1945807.68,3519728.38,1709291.77,2578400.4,3449993.09,2815782.7,6.4
DC-3428,49.78,liquid-cooled,81.3,0.1178,194.12,1.073,17072132.17,4.73,2.355,11542010.18,5485831.2,8513920.69,4187416.23,6321964.42,8564690.47,6811136.55,6.6
DC-3429,23.46,liquid-cooled,71.1,0.1814,186.64,1.086,16523434.33,3.82,0.896,4836247.63,2006753.28,3421500.46,2167509.97,3217349.88,4305668.9,2737200.37,7.7
DC-3430,39.69,air-cooled,98.0,0.0765,184.3,1.554,10423703.79,12.69,5.037,16913118.62,11139829.2,14026473.91,13266103.53,14161833.71,15213682.17,11221179.13,3.2
DC-3431,23.88,hybrid,63.8,0.1474,212.29,1.213,13412026.34,9.51,2.271,10325567.08,5785327.08,8055447.08,6980304.82,7659483.32,8572775.74,6444357.66,3.3
DC-3432,48.28,hybrid,67.7,0.1121,156.45,1.259,12303459.85,9.66,4.664,18518109.56,8756193.6,13637151.58,12021007.83,13226638.2,14685814.08,10909721.26,4.0
DC-3433,24.97,liquid-cooled,67.3,0.0877,168.42,1.091,17090342.43,2.56,0.639,2962414.74,1291444.56,2126929.65,1961528.93,3038500.02,3982878.66,1701543.72,13.2
DC-3434,15.21,air-cooled,71.1,0.1095,167.78,1.606,9919035.26,12.98,1.974,7392111.58,3974372.64,5683242.11,5303957.81,5668637.93,6042614.15,4546593.69,3.0
DC-3435,101.29,hybrid,68.1,0.1255,157.44,1.262,12662227.44,8.95,9.065,38084293.9,17126323.2,27605308.55,25687518.9,28367844.64,31222885.98,22084246.84,4.1
DC-3436,33.49,air-cooled,55.1,0.1407,173.21,1.573,11408117.64,12.25,4.103,18356453.1,8528167.56,13442310.33,12770563.08,13520748.11,14405941.55,10753848.26,2.8
DC-3437,26.02,air-cooled,65.4,0.1544,194.32,1.58,11035762.13,12.61,3.281,15057857.83,7650767.04,11354312.44,10609258.01,11258624.21,11960340.83,9083449.95,2.6
DC-3438,5.92,air-cooled,70.8,0.1484,175.13,1.712,11426327.93,12.5,0.74,3525919.88,1555154.4,2540537.14,2287172.67,2440673.11,2573649.34,2032429.71,2.6
DC-3439,5.87,hybrid,86.7,0.1007,179.0,1.228,13128981.92,9.06,0.532,2128430.73,1142736.0,1635583.36,1490254.89,1646966.08,1835480.02,1308466.69,4.0
DC-3440,20.78,air-cooled,98.0,0.1426,158.16,1.72,11632721.02,12.35,2.566,12146499.29,4870062.72,8508281.0,7704291.68,8226565.45,8698859.5,6806624.8,2.7
DC-3441,18.47,air-cooled,88.0,0.1278,172.05,1.585,10781312.34,12.26,2.264,9441557.09,4674254.4,7057905.74,6731138.47,7199621.66,7679192.08,5646324.59,2.9
DC-3442,10.06,liquid-cooled,62.7,0.1069,177.07,1.062,17955434.38,3.54,0.356,1774517.62,756443.04,1265480.33,824057.53,1255848.18,1654791.69,1012384.26,8.9
DC-3443,18.41,air-cooled,63.7,0.1158,193.64,1.629,10789078.55,12.16,2.239,9068047.72,5202719.52,7135383.62,6866671.23,7345698.4,7797076.74,5708306.9,2.9
DC-3444,58.61,hybrid,70.1,0.1058,158.88,1.232,11862601.96,9.64,5.65,21345480.92,10772064.0,16058772.46,14415236.26,15939938.22,17691707.5,12847017.97,4.1
DC-3445,28.68,air-cooled,93.4,0.1207,177.17,1.609,10907069.03,12.96,3.717,15332774.81,7902490.68,11617632.74,10525020.24,11190135.2,11928838.21,9294106.19,2.8
DC-3446,6.6,air-cooled,70.0,0.1054,200.3,1.667,11275402.04,12.44,0.821,3320774.78,1973355.6,2647065.19,2435313.47,2593397.88,2748269.63,2117652.15,2.8
DC-3447,15.04,hybrid,56.1,0.0994,177.32,1.2,13693611.92,8.74,1.314,5371523.82,2795981.76,4083752.79,3780128.74,4192922.15,4621246.34,3267002.23,4.1
DC-3448,8.64,liquid-cooled,66.0,0.1296,152.27,1.09,16925260.52,3.66,0.316,1579570.76,577407.84,1078489.3,680139.94,1038577.42,1393171.31,862791.44,9.0
DC-3449,12.06,air-cooled,81.1,0.1326,203.19,1.558,10690616.03,12.95,1.562,6537638.32,3808593.36,5173115.84,4763141.33,5058445.62,5378613.07,4138492.67,2.6
DC-3450,11.81,hybrid,80.3,0.1162,195.02,1.272,13665410.7,9.79,1.156,5007262.55,2705317.44,3856290.0,3174775.65,3512055.65,3875816.03,3085032.0,3.4
DC-3451,11.22,air-cooled,69.6,0.1474,197.04,1.589,10880102.66,12.25,1.374,6141169.29,3248795.52,4694982.4,4511714.55,4812111.77,5113355.77,3755985.92,2.7
DC-3452,6.02,air-cooled,80.2,0.1148,157.84,1.522,11968363.75,12.17,0.733,3071440.53,1388360.64,2229900.58,2077800.19,2235122.82,2371968.71,1783920.46,3.0
DC-3453,14.85,air-cooled,44.7,0.1139,206.69,1.559,10867904.28,13.94,2.07,8219150.11,5134179.6,6676664.86,6111912.26,6539208.9,6940380.58,5341331.89,2.5
DC-3454,10.5,air-cooled,73.2,0.1332,172.4,1.54,11079312.89,12.08,1.268,5400400.35,2623238.4,4011819.38,3891587.01,4161773.57,4459695.08,3209455.5,2.9
DC-3455,1.58,air-cooled,82.3,0.1174,176.36,1.476,11087935.87,12.22,0.193,768514.34,408449.76,588482.05,571326.35,612066.43,653487.07,470785.64,3.0
DC-3456,84.98,air-cooled,62.0,0.1217,173.46,1.688,11064659.57,12.68,10.775,45884007.15,22428378.0,34156192.58,31085187.11,32983893.22,34877213.82,27324954.06,2.8
DC-3457,39.29,air-cooled,62.0,0.0696,198.2,1.593,10711455.01,12.8,5.029,16855040.82,11960973.6,14408007.21,13492080.52,14259185.75,15200167.06,11526405.77,3.1
DC-3458,12.17,air-cooled,49.6,0.1203,181.3,1.579,10103012.42,12.89,1.569,6133390.9,3413516.4,4773453.65,4528048.08,4813053.37,5120292.86,3818762.92,2.9
DC-3459,16.69,air-cooled,91.1,0.0835,191.23,1.57,10514208.83,12.73,2.125,7405376.49,4876365.0,6140870.74,5778890.37,6162628.3,6570387.0,4912696.59,3.1
DC-3460,6.44,hybrid,63.4,0.0956,185.14,1.318,12885300.65,9.19,0.592,2348562.95,1315234.56,1831898.76,1644380.01,1815137.69,2003417.46,1465519.01,4.0
DC-3461,63.85,liquid-cooled,74.9,0.0933,182.57,1.053,17228005.5,4.83,3.084,14461094.93,6756550.56,10608822.74,5294204.7,7742708.67,10339209.79,8487058.19,6.8
DC-3462,75.03,hybrid,79.2,0.0991,169.8,1.276,12505565.23,9.47,7.105,27615220.29,14477148.0,21046184.14,18527282.05,20640725.17,22788134.53,16836947.31,4.0
DC-3463,18.64,air-cooled,90.1,0.109,211.18,1.625,11644808.2,12.5,2.33,9644685.86,5904592.8,7774639.33,7125200.43,7558909.45,8035216.81,6219711.46,2.7
DC-3464,37.29,liquid-cooled,70.2,0.1103,162.05,1.065,17680786.61,3.94,1.469,7283443.78,2856617.4,5070030.59,3021585.72,4557404.42,5922729.21,4056024.47,8.3
DC-3465,18.92,hybrid,65.5,0.1333,190.18,1.243,13714650.76,9.57,1.811,8147980.95,4132991.76,6140486.36,5169094.52,5739114.63,6334049.53,4912389.09,3.5
DC-3466,5.64,air-cooled,74.1,0.1244,189.65,1.603,10841572.04,12.54,0.707,2938361.19,1608990.6,2273675.9,2137372.15,2264008.13,2392139.45,1818940.72,2.8
DC-3467,11.83,air-cooled,87.4,0.082,201.32,1.585,11359185.96,12.75,1.508,5523503.53,3643086.72,4583295.12,4162772.55,4409729.64,4711177.61,3666636.1,2.9
DC-3468,18.28,hybrid,70.0,0.1217,204.82,1.292,13529895.2,9.63,1.76,7715900.26,4325798.4,6020849.33,5039706.98,5599353.25,6158041.81,4816679.46,3.4
DC-3469,11.43,hybrid,60.5,0.1264,181.94,1.237,14048245.24,9.48,1.084,4868805.34,2366675.52,3617740.43,3058191.19,3405214.67,3705179.46,2894192.34,3.6
DC-3470,13.81,hybrid,53.5,0.1134,191.96,1.283,14310213.63,9.5,1.312,5844381.6,3022218.24,4433299.92,3673749.13,4107292.66,4519551.1,3546639.94,3.5
DC-3471,15.29,hybrid,57.3,0.1188,210.47,1.246,12970953.09,8.0,1.223,5111077.54,3088857.72,4099967.63,4252567.32,4714961.46,5174130.3,3279974.1,4.2
DC-3472,15.41,hybrid,82.4,0.1238,183.02,1.263,13630673.1,9.14,1.408,6193435.51,3092305.92,4642870.72,4120641.66,4573817.57,4981621.88,3714296.58,3.7
DC-3473,17.15,liquid-cooled,68.2,0.1353,168.0,1.079,18143286.85,2.94,0.504,2676594.08,1016064.0,1846329.04,1468746.2,2163129.84,2882968.89,1477063.23,10.4
DC-3474,7.04,air-cooled,64.7,0.0885,178.23,1.593,10845303.71,12.65,0.891,3247745.49,1905635.16,2576690.33,2409156.42,2560515.4,2740999.05,2061352.26,3.1
DC-3475,9.27,air-cooled,63.4,0.1151,164.43,1.604,10948639.47,12.86,1.192,4827964.39,2352006.72,3589985.56,3273859.01,3474278.04,3699486.19,2871988.45,2.9
DC-3476,5.88,hybrid,73.0,0.1502,189.58,1.309,13443571.21,8.33,0.49,2307792.02,1114730.4,1711261.21,1665474.25,1833911.91,2013094.93,1369008.97,3.9
DC-3477,35.95,air-cooled,69.1,0.1483,199.97,1.579,10506413.74,12.03,4.325,18969666.86,10378443.0,14674054.93,14552717.35,15418087.62,16375393.13,11739243.94,2.8
DC-3478,3.05,hybrid,68.7,0.137,182.18,1.287,13367955.13,8.17,0.249,1124287.57,544353.84,834320.7,829056.57,917926.47,1012378.57,667456.56,4.1
DC-3479,41.38,liquid-cooled,88.2,0.1307,159.69,1.064,16729983.95,3.75,1.552,7660643.84,2974066.56,5317355.2,3346634.59,5086781.9,6916129.75,4253884.16,8.8
DC-3480,49.85,hybrid,90.5,0.1531,199.32,1.226,14164066.79,8.02,3.998,19157726.96,9562576.32,14360151.64,14419135.36,15766647.67,17331889.95,11488121.31,3.9
DC-3481,12.91,hybrid,52.7,0.1584,157.36,1.281,13284151.81,9.78,1.263,5973394.93,2384948.16,4179171.54,3471380.71,3864605.53,4224795.27,3343337.23,3.5
DC-3482,2.05,air-cooled,75.9,0.1174,160.81,1.635,10953422.37,12.24,0.251,1033007.34,484359.72,758683.53,720404.44,765620.1,816149.34,606946.82,3.0
DC-3483,12.32,air-cooled,62.7,0.1006,181.32,1.514,11666084.06,12.86,1.584,6219868.58,3446530.56,4833199.57,4325062.07,4630240.22,4921517.28,3866559.66,2.9
DC-3484,15.62,air-cooled,69.0,0.1146,187.78,1.536,10794139.98,12.22,1.909,7522762.0,4301664.24,5912213.12,5776309.52,6138090.28,6507131.21,4729770.5,3.0
DC-3485,7.33,hybrid,75.7,0.1819,190.33,1.207,13846227.46,9.81,0.719,3595162.74,1642167.24,2618664.99,2160099.41,2400234.72,2634352.53,2094931.99,3.1
DC-3486,10.89,hybrid,69.4,0.0886,183.01,1.237,12485131.1,9.31,1.014,3786837.56,2226865.68,3006851.62,2709989.25,3005665.28,3302774.22,2405481.3,4.1
DC-3487,55.93,hybrid,74.8,0.1106,210.4,1.246,13822084.27,9.45,5.285,22613293.42,13343568.0,17978430.71,15243348.93,16948291.76,18643316.27,14382744.57,3.5
DC-3488,27.99,air-cooled,80.1,0.0917,184.98,1.653,11328523.25,12.82,3.588,13796905.13,7964498.88,10880702.0,9722308.39,10378202.16,11066355.59,8704561.6,2.9
DC-3489,7.85,air-cooled,75.5,0.1225,199.52,1.542,10518759.34,12.31,0.966,3856486.72,2312835.84,3084661.28,3031916.34,3208012.93,3405671.12,2467729.02,2.9
DC-3490,4.58,hybrid,64.2,0.0959,195.8,1.209,12393774.01,8.01,0.367,1383528.92,862303.2,1122916.06,1192223.63,1314578.65,1445258.77,898332.85,4.6
DC-3491,12.66,air-cooled,64.4,0.1178,164.61,1.574,10694476.59,12.69,1.607,6429293.67,3174339.24,4801816.46,4448076.53,4794321.13,5107020.11,3841453.17,3.0
DC-3492,13.86,air-cooled,54.7,0.081,181.45,1.587,11613744.26,12.83,1.778,6590874.92,3871417.2,5231146.06,4653218.58,4949004.16,5277207.93,4184916.85,3.0
DC-3493,24.46,hybrid,61.8,0.1324,215.85,1.243,13383841.89,9.89,2.419,10681937.09,6265693.8,8473815.44,7044750.52,7747680.71,8482673.27,6779052.35,3.2
DC-3494,10.72,hybrid,95.5,0.1444,176.43,1.276,12961877.88,8.73,0.936,4206838.76,1981661.76,3094250.26,2926919.58,3235191.31,3549076.49,2475400.21,3.9
DC-3495,24.76,air-cooled,62.5,0.1123,173.88,1.496,10818628.08,12.47,3.088,11968552.48,6443297.28,9205924.88,8768197.32,9404825.63,10065463.62,7364739.9,3.0
DC-3496,77.33,liquid-cooled,57.7,0.1173,186.56,1.055,16994195.48,4.96,3.836,18645073.73,8587729.92,13616401.82,6617752.38,9786115.66,13062518.38,10893121.46,6.4
DC-3497,31.58,air-cooled,75.8,0.1167,176.97,1.575,10083942.02,12.24,3.865,14884060.52,8207868.6,11545964.56,11392436.18,12165844.08,13040506.57,9236771.65,3.1
DC-3498,15.82,liquid-cooled,70.7,0.1236,172.09,1.099,17016093.59,2.8,0.443,2202277.48,914830.44,1558553.96,1273634.44,1936246.25,2658370.35,1246843.17,11.4
DC-3499,14.2,air-cooled,69.7,0.1192,176.75,1.664,10752943.54,12.77,1.813,7482393.31,3845373.0,5663883.15,5165288.99,5505281.36,5860374.55,4531106.52,2.8
DC-3500,12.36,air-cooled,88.9,0.1354,205.48,1.536,10924735.95,12.08,1.493,6344615.24,3681379.68,5012997.46,4934201.68,5260466.05,5538770.58,4010397.97,2.8
DC-3501,42.29,liquid-cooled,78.6,0.1447,181.95,1.094,17321542.11,4.42,1.869,9786000.55,4080774.6,6933387.58,3674507.78,5463540.42,7457619.46,5546710.06,6.9
DC-3502,9.96,air-cooled,65.6,0.1037,164.08,1.569,12017209.75,12.21,1.216,4980480.01,2394255.36,3687367.68,3419910.97,3640033.52,3890646.19,2949894.14,3.0
DC-3503,17.05,hybrid,66.9,0.1138,161.32,1.229,13945432.13,8.06,1.374,5941396.21,2659844.16,4300620.19,4289470.63,4752872.25,5212262.7,3440496.15,4.5
DC-3504,17.13,hybrid,66.0,0.138,217.1,1.235,13713941.37,9.24,1.583,7187626.26,4124031.6,5655828.93,4937080.98,5479689.6,6016443.25,4524663.14,3.4
DC-3505,11.01,liquid-cooled,82.5,0.0916,180.65,1.087,17018512.61,4.79,0.527,2452720.12,1142430.6,1797575.36,888905.19,1336924.84,1774881.79,1438060.29,6.9
DC-3506,5.49,liquid-cooled,68.3,0.0806,190.52,1.051,18314878.13,4.46,0.245,1178949.25,560128.8,869539.02,445117.22,686429.1,906137.9,695631.22,7.1
DC-3507,21.29,air-cooled,50.5,0.1245,172.43,1.604,11160475.9,12.12,2.58,10912007.41,5338432.8,8125220.1,7759220.58,8266250.49,8784131.52,6500176.08,2.9
DC-3508,15.66,hybrid,71.4,0.1299,188.81,1.245,13165329.04,8.12,1.272,5523461.64,2881995.84,4202728.74,4252204.07,4721992.84,5190913.06,3362182.99,4.2
DC-3509,24.54,air-cooled,53.6,0.1056,205.89,1.616,11469983.07,12.31,3.021,12216246.15,7463924.28,9840085.22,9190679.74,9782303.89,10356638.97,7872068.18,2.8
DC-3510,10.73,air-cooled,98.0,0.1084,174.22,1.609,11629849.02,12.6,1.352,5559818.18,2826545.28,4193181.73,3790554.69,4025573.94,4303179.13,3354545.38,2.9
DC-3511,43.67,hybrid,60.4,0.1048,190.88,1.263,14078375.38,8.8,3.843,16478870.42,8802622.08,12640746.25,11518865.01,12666101.51,13875964.58,10112597.0,3.9
DC-3512,8.15,air-cooled,70.1,0.1027,162.91,1.535,10883848.39,12.27,1.0,3799598.8,1954920.0,2877259.4,2782182.67,2954048.35,3164763.14,2301807.52,3.2
DC-3513,64.69,hybrid,75.1,0.1339,214.34,1.226,13881407.63,9.35,6.049,27358484.44,15558511.92,21458498.18,18551798.35,20610264.1,22620186.79,17166798.54,3.4
DC-3514,4.06,air-cooled,68.5,0.0964,188.03,1.547,11098758.15,12.26,0.498,1878842.7,1123667.28,1501254.99,1439376.23,1527968.69,1637566.44,1201003.99,3.0
DC-3515,23.29,hybrid,68.5,0.1147,177.81,1.301,12923385.21,8.58,1.998,8349785.36,4263172.56,6306478.96,6003375.66,6659438.63,7342833.0,5045183.17,4.2
DC-3516,24.06,liquid-cooled,77.1,0.1019,179.53,1.068,18491201.32,3.26,0.784,3968999.72,1689018.24,2829008.98,1915773.26,2905266.02,3935955.85,2263207.18,9.6
DC-3517,8.7,air-cooled,90.3,0.0909,176.35,1.527,12291680.56,12.65,1.101,4346098.67,2329936.2,3338017.44,2963679.65,3192897.7,3391539.4,2670413.95,2.9
DC-3518,23.09,hybrid,81.2,0.1374,177.12,1.24,13377684.36,9.76,2.254,10064814.39,4790741.76,7427778.08,6187308.85,6814347.67,7516581.42,5942222.46,3.5
DC-3519,45.77,liquid-cooled,89.7,0.1096,147.29,1.105,18456081.58,3.26,1.492,7702088.25,2637080.16,5169584.2,3447802.82,5207450.91,7234563.65,4135667.36,10.0
DC-3520,2.79,air-cooled,59.4,0.1238,182.53,1.564,10714510.49,12.79,0.357,1455539.54,781958.52,1118749.03,1037896.89,1111205.61,1172348.09,894999.22,2.8
DC-3521,24.59,air-cooled,75.8,0.0898,181.9,1.6,11088977.07,12.2,3.0,11168561.78,6548400.0,8858480.89,8437470.75,9034471.37,9715007.86,7086784.71,3.1
DC-3522,2.24,hybrid,73.9,0.1052,191.33,1.27,12988773.0,9.0,0.202,819466.54,463783.92,641625.23,585864.96,647087.68,719132.23,513300.18,3.9
DC-3523,7.59,air-cooled,76.2,0.1351,176.15,1.568,10095200.79,12.23,0.928,3803935.4,1961606.4,2882770.9,2864422.56,3048812.0,3242230.95,2306216.72,3.0
DC-3524,60.54,air-cooled,88.5,0.1717,172.43,1.556,10975222.51,12.96,7.846,37498430.86,16234629.36,26866530.11,24435445.89,26102597.39,27687549.43,21493224.09,2.5
DC-3525,10.33,hybrid,69.4,0.0805,183.88,1.276,13523238.33,8.9,0.919,3588670.88,2027828.64,2808249.76,2547063.66,2826063.6,3112071.34,2246599.81,4.1
DC-3526,6.43,air-cooled,67.1,0.116,159.81,1.549,10839030.24,12.27,0.789,3142354.42,1513081.08,2327717.75,2255239.39,2401041.58,2558834.73,1862174.2,3.1
DC-3527,14.04,liquid-cooled,78.4,0.1282,186.15,1.079,16361681.82,2.78,0.39,1890595.52,871182.0,1380888.76,1211821.69,1826793.45,2420885.41,1104711.01,11.4
DC-3528,86.0,hybrid,50.7,0.1077,156.07,1.219,13892310.83,9.13,7.852,33270872.64,14705539.68,23988206.16,20954052.36,23363991.44,25618385.59,19190564.93,4.0
DC-3529,3.8,hybrid,69.2,0.137,200.81,1.294,13663141.53,8.67,0.329,1509849.75,792797.88,1151323.82,1063517.25,1168868.38,1291463.71,921059.06,3.7
DC-3530,7.09,air-cooled,70.4,0.1027,194.26,1.611,11099286.21,12.13,0.86,3367628.78,2004763.2,2686195.99,2586299.76,2746123.67,2921488.78,2148956.79,3.0
DC-3531,54.49,air-cooled,61.0,0.1231,170.11,1.565,11325775.9,12.52,6.822,28682868.61,13925885.04,21304376.82,19654078.9,21034563.28,22411759.66,17043501.46,2.9
DC-3532,72.69,air-cooled,84.7,0.1096,193.92,1.552,11196954.28,12.03,8.745,34790067.82,20349964.8,27570016.31,26698956.76,28516151.82,30447226.78,22056013.05,3.0
DC-3533,15.14,liquid-cooled,59.3,0.1444,185.67,1.081,17940754.6,4.95,0.749,4010324.88,1668801.96,2839563.42,1315080.96,1972518.65,2646622.41,2271650.74,6.0
DC-3534,6.1,air-cooled,70.4,0.1065,168.86,1.542,11329279.89,12.86,0.784,3101669.61,1588634.88,2345152.24,2122070.41,2265170.37,2417799.84,1876121.79,2.9
DC-3535,87.94,air-cooled,75.5,0.113,153.66,1.571,11289841.93,12.1,10.641,43244547.73,19621152.72,31432850.22,30017503.71,32081821.44,34165224.1,25146280.18,3.1
DC-3536,58.88,air-cooled,88.2,0.1389,188.75,1.573,10980600.21,12.77,7.519,32738501.6,17030535.0,24884518.3,22881211.63,24288387.81,25855963.16,19907614.64,2.7
DC-3537,28.31,air-cooled,71.9,0.0994,172.09,1.621,11847200.29,12.21,3.457,13980755.15,7138981.56,10559868.36,9721904.02,10423689.82,11105883.72,8447894.69,3.0
DC-3538,8.59,air-cooled,83.2,0.1214,200.42,1.526,11013117.38,12.11,1.04,4233013.7,2501241.6,3367127.65,3305222.46,3515839.05,3704483.36,2693702.12,2.9
DC-3539,15.81,hybrid,80.4,0.0835,184.21,1.214,12548682.42,9.24,1.461,5371495.85,3229569.72,4300532.78,3949527.74,4361575.68,4800699.22,3440426.22,4.1
DC-3540,14.46,air-cooled,73.5,0.0982,173.51,1.634,11465640.71,12.25,1.771,7001718.0,3687434.52,5344576.26,4990030.32,5340300.76,5686214.24,4275661.01,3.0
DC-3541,21.43,air-cooled,58.9,0.1276,210.97,1.622,9621944.43,12.44,2.666,10534012.63,6749352.24,8641682.44,8512509.91,9011712.82,9505708.55,6913345.95,2.8
DC-3542,52.5,air-cooled,54.8,0.1002,192.65,1.548,10225789.89,12.13,6.368,23123213.19,14721542.4,18922377.8,18921556.56,20118472.81,21413787.2,15137902.24,3.1
DC-3543,33.23,hybrid,73.3,0.1091,129.17,1.259,13697253.99,9.94,3.303,14028107.44,5119782.12,9573944.78,7738004.81,8579398.12,9504848.73,7659155.82,3.9
DC-3544,6.95,hybrid,65.5,0.1299,176.7,1.248,14007795.56,8.16,0.567,2570195.47,1202266.8,1886231.14,1833053.55,2042568.92,2234641.13,1508984.91,4.1
DC-3545,49.46,air-cooled,83.0,0.1084,163.24,1.569,10747037.86,12.06,5.965,23133033.11,11684719.2,17408876.16,17018257.0,18204802.42,19366562.23,13927100.93,3.2
DC-3546,21.13,hybrid,81.0,0.1365,172.0,1.2,13318009.67,9.83,2.077,9127263.73,4286928.0,6707095.86,5611160.61,6241642.05,6844411.53,5365676.69,3.5
DC-3547,28.49,air-cooled,69.8,0.1243,181.83,1.559,12034225.9,12.87,3.667,16031455.27,8001247.32,12016351.3,10649275.62,11319580.44,12042850.26,9613081.04,2.7
DC-3548,53.16,liquid-cooled,58.1,0.1287,189.31,1.055,17864443.09,2.79,1.483,7651235.82,3368960.76,5510098.29,4557966.23,6932406.01,9246311.77,4408078.63,10.9
DC-3549,6.76,air-cooled,78.1,0.1448,187.92,1.54,10670187.23,12.51,0.846,3658579.99,1907763.84,2783171.92,2661491.34,2817364.47,2988614.9,2226537.54,2.7
DC-3550,15.98,hybrid,59.8,0.1264,200.17,1.254,12990406.52,8.09,1.293,5527919.02,3105837.72,4316878.37,4415159.88,4924397.36,5360312.94,3453502.7,4.2
DC-3551,10.75,liquid-cooled,62.9,0.1508,193.55,1.072,17396851.19,4.5,0.484,2556530.35,1124138.4,1840334.38,941647.63,1432093.23,1949345.51,1472267.5,6.6
DC-3552,4.69,hybrid,60.2,0.1382,192.62,1.272,13719476.63,8.18,0.384,1762059.45,887592.96,1324826.2,1307502.31,1436476.58,1570263.03,1059860.96,4.0
DC-3553,21.7,air-cooled,70.3,0.1095,187.02,1.57,11270003.67,12.11,2.628,10539385.49,5897862.72,8218624.1,7970169.88,8455793.13,9020191.68,6574899.28,3.0
DC-3554,122.64,air-cooled,86.0,0.1459,203.3,1.569,11192838.55,12.68,15.551,69864597.56,37938219.6,53901408.58,50078951.6,53129605.06,56218431.05,43121126.86,2.6
DC-3555,3.77,hybrid,71.9,0.1253,179.26,1.201,13139372.06,9.07,0.342,1449434.2,735683.04,1092558.62,1002657.36,1099196.69,1217341.4,874046.9,3.9
DC-3556,16.03,air-cooled,66.7,0.1121,179.65,1.583,10736715.54,12.99,2.082,8203988.7,4488375.6,6346182.15,5780068.17,6150757.32,6557944.85,5076945.72,2.8
DC-3557,27.45,hybrid,53.7,0.1256,155.42,1.222,13749107.19,9.67,2.654,11677254.94,4949816.16,8313535.55,6977672.86,7755368.94,8504707.36,6650828.44,3.7
DC-3558,18.15,hybrid,78.6,0.1422,199.84,1.294,13854562.79,9.06,1.644,7711496.5,3942443.52,5826970.01,5151179.49,5640134.09,6255668.52,4661576.01,3.5
DC-3559,15.02,hybrid,62.6,0.1291,182.85,1.248,13227604.57,8.34,1.253,5451616.12,2749332.6,4100474.36,4056614.42,4454638.7,4905032.76,3280379.49,4.1
DC-3560,5.82,air-cooled,73.4,0.1564,228.0,1.544,10135457.89,12.38,0.721,3149113.71,1972656.0,2560884.86,2510584.62,2671030.45,2831671.72,2048707.89,2.6
DC-3561,19.81,hybrid,67.7,0.1417,177.92,1.247,12873537.64,9.38,1.858,8191322.36,3966904.32,6079113.34,5358167.51,5953371.96,6557812.21,4863290.67,3.7
DC-3562,8.98,hybrid,82.1,0.1305,185.33,1.214,13216577.14,8.72,0.783,3386347.89,1741360.68,2563854.28,2437696.92,2702465.06,2969276.36,2051083.42,3.9
DC-3563,2.85,hybrid,70.1,0.0995,192.2,1.258,13534975.53,8.4,0.239,980920.6,551229.6,766075.1,740605.35,817512.04,904562.85,612860.08,4.2
DC-3564,42.76,air-cooled,71.3,0.1164,167.47,1.567,10330912.22,12.67,5.418,21095371.79,10888229.52,15991800.66,15111267.6,16160749.94,17303677.1,12793440.53,3.0
DC-3565,35.4,air-cooled,77.8,0.1214,189.38,1.573,12123864.6,12.47,4.414,19276030.72,10031079.84,14653555.28,13300873.94,14116584.76,14973134.57,11722844.22,2.7
DC-3566,17.14,air-cooled,97.3,0.1339,184.52,1.563,10711538.5,12.81,2.196,9253251.43,4862471.04,7057861.24,6515545.11,6994722.27,7453163.24,5646288.99,2.7
DC-3567,19.75,air-cooled,82.7,0.1327,179.44,1.589,11113367.04,12.61,2.49,10748765.64,5361667.2,8055216.42,7469522.3,7944646.25,8423236.23,6444173.14,2.8
DC-3568,38.84,hybrid,70.9,0.1234,201.59,1.244,12766237.4,9.22,3.581,14974616.63,8662725.48,11818671.06,10702635.52,11870516.3,12974856.37,9454936.85,3.7
DC-3569,19.68,liquid-cooled,72.0,0.1224,170.44,1.06,17704550.59,4.89,0.962,4878207.74,1967559.36,3422883.55,1622673.86,2533387.75,3291478.26,2738306.84,6.5
DC-3570,33.89,air-cooled,65.7,0.1344,188.12,1.611,10548897.38,12.13,4.111,17434342.37,9280335.84,13357339.1,12984508.7,13882674.03,14725605.99,10685871.28,2.9
DC-3571,12.96,hybrid,60.6,0.1028,205.82,1.255,14116699.46,9.01,1.168,4984097.73,2884773.12,3934435.42,3501345.81,3821961.07,4223051.03,3147548.34,3.7
DC-3572,46.97,air-cooled,65.4,0.1539,173.4,1.573,11142576.19,12.77,5.998,27571546.5,12480638.4,20026092.45,18313914.75,19488376.5,20749449.51,16020873.96,2.6
DC-3573,21.26,air-cooled,62.7,0.0791,179.55,1.644,11013488.93,12.32,2.619,9393294.63,5642897.4,7518096.02,7092310.42,7534783.55,8051487.62,6014476.82,3.2
DC-3574,19.21,air-cooled,79.8,0.1491,219.18,1.616,10137750.79,12.13,2.33,10166994.53,6128272.8,8147633.66,8117331.12,8608870.08,9060144.42,6518106.93,2.7
DC-3575,5.95,air-cooled,59.1,0.1191,191.12,1.668,11103411.67,12.42,0.739,3109472.49,1694852.16,2402162.33,2224192.04,2365877.12,2532228.05,1921729.86,2.8
DC-3576,20.69,liquid-cooled,88.0,0.1401,176.41,1.079,16703954.78,3.84,0.794,3998759.28,1680834.48,2839796.88,1688481.88,2581251.45,3530708.15,2271837.5,8.2
DC-3577,8.45,air-cooled,81.0,0.1273,196.04,1.56,11358597.17,12.92,1.092,4656029.83,2568908.16,3612469.0,3257209.4,3476031.28,3675942.9,2889975.2,2.6
DC-3578,9.87,hybrid,72.2,0.1269,175.48,1.277,13612948.73,8.3,0.819,3640184.0,1724617.44,2682400.72,2585675.56,2866965.18,3139738.32,2145920.58,4.1
DC-3579,8.57,air-cooled,72.0,0.1311,160.53,1.549,11601568.66,12.39,1.062,4627191.06,2045794.32,3336492.69,3112993.41,3323424.35,3542024.36,2669194.15,2.9
DC-3580,7.01,liquid-cooled,65.3,0.1362,204.59,1.081,16244063.77,3.67,0.257,1259183.33,630955.56,945069.44,606192.73,948039.69,1248781.07,756055.55,8.3
DC-3581,90.0,air-cooled,75.2,0.1134,167.45,1.588,10257201.43,12.55,11.295,43563367.97,22696173.0,33129770.48,31740618.41,33921065.92,36356335.66,26503816.38,3.1
DC-3582,47.71,air-cooled,85.1,0.1407,220.78,1.685,11099563.79,12.87,6.14,27896390.97,16267070.4,22081730.68,19770500.49,20958332.9,22174619.78,17665384.54,2.4
DC-3583,76.42,air-cooled,63.6,0.0983,176.66,1.619,11348353.82,12.66,9.675,37887205.73,20510226.0,29198715.86,26590845.8,28295345.42,30158215.67,23358972.69,2.9
DC-3584,6.18,air-cooled,53.6,0.1199,216.0,1.594,10107098.69,12.24,0.756,2963700.22,1959552.0,2461626.11,2436825.09,2586896.28,2739950.12,1969300.89,2.8
DC-3585,17.41,air-cooled,80.4,0.1367,163.47,1.573,11543437.78,12.38,2.155,9587300.44,4227334.2,6907317.32,6460209.53,6878420.02,7312734.14,5525853.86,2.8
DC-3586,5.84,liquid-cooled,75.9,0.1399,199.38,1.085,17686791.37,3.72,0.217,1141439.88,519185.52,830312.7,499418.06,775228.67,1037103.72,664250.16,7.9
DC-3587,9.43,hybrid,58.6,0.1292,191.5,1.193,14386979.73,8.17,0.77,3501447.54,1769460.0,2635453.77,2565919.29,2859524.26,3121242.5,2108363.02,4.0
DC-3588,7.89,hybrid,63.2,0.1121,196.57,1.209,13892819.1,8.21,0.648,2769893.04,1528528.32,2149210.68,2112166.77,2328327.82,2556587.82,1719368.54,4.1
DC-3589,44.33,air-cooled,61.7,0.1379,198.52,1.584,11199436.14,12.86,5.701,25097181.2,13581150.24,19339165.72,17553385.75,18694137.62,19789126.23,15471332.58,2.6
DC-3590,11.98,air-cooled,63.3,0.1066,176.53,1.653,10830855.84,12.14,1.454,5743961.14,3080095.44,4412028.29,4254008.9,4546437.46,4824687.28,3529622.63,3.1
DC-3591,38.66,air-cooled,68.1,0.155,164.37,1.711,10530380.65,12.51,4.836,22551623.96,9538719.84,16045171.9,14964398.34,15934999.84,16861072.49,12836137.52,2.7
DC-3592,26.66,liquid-cooled,68.8,0.1183,183.24,1.098,18532688.11,3.54,0.944,4961891.81,2075742.72,3518817.26,2216401.55,3359490.89,4461473.25,2815053.81,8.5
DC-3593,103.85,hybrid,64.2,0.0892,187.35,1.226,14236623.0,8.49,8.817,36340857.78,19822379.4,28081618.59,26485013.52,28977064.71,32081885.77,22465294.87,4.2
DC-3594,5.04,liquid-cooled,62.9,0.0961,176.92,1.112,16621595.22,3.71,0.187,865774.37,397008.48,631391.43,403317.14,611462.36,827454.41,505113.14,9.0
DC-3595,45.03,hybrid,69.3,0.1209,188.16,1.265,12685257.92,9.78,4.404,18314859.6,9943879.68,14129369.64,12128687.58,13308712.8,14568204.69,11303495.71,3.6
DC-3596,41.15,air-cooled,74.0,0.1228,188.94,1.661,11291859.95,12.22,5.029,21605018.61,11402151.12,16503584.86,15541433.84,16496059.01,17565930.47,13202867.89,2.8
DC-3597,7.55,air-cooled,68.2,0.1594,170.35,1.67,10887162.35,12.39,0.935,4442431.74,1911327.0,3176879.37,2987595.38,3163450.76,3339731.68,2541503.5,2.7
DC-3598,36.81,air-cooled,85.9,0.0992,189.92,1.558,10556833.72,12.85,4.73,17500302.73,10779859.2,14140080.96,13134068.57,13974537.06,14892357.47,11312064.77,2.9
DC-3599,21.52,air-cooled,78.1,0.1208,179.99,1.62,10310184.27,12.88,2.772,11103104.68,5987187.36,8545146.02,7859100.31,8391384.69,8916609.08,6836116.82,2.8
DC-3600,13.71,air-cooled,52.9,0.0988,173.5,1.508,11150230.99,12.39,1.699,6427291.54,3537318.0,4982304.77,4729864.82,5032993.9,5400471.67,3985843.82,3.1
DC-3601,8.51,air-cooled,78.3,0.1101,195.81,1.578,11365844.78,12.03,1.024,4144830.89,2406113.28,3275472.08,3169808.78,3360650.89,3585067.19,2620377.66,2.9
DC-3602,9.25,hybrid,79.3,0.1537,172.35,1.25,13869117.36,9.73,0.9,4288536.97,1861380.0,3074958.48,2527595.23,2802921.23,3066072.63,2459966.78,3.4
DC-3603,84.76,liquid-cooled,66.8,0.0973,177.15,1.101,16421709.48,4.27,3.619,16602900.49,7693270.2,12148085.34,6526169.0,10449575.11,13822393.74,9718468.27,7.8
DC-3604,16.45,hybrid,54.1,0.1317,185.08,1.2,12909746.98,9.85,1.62,6890286.16,3597955.2,5244120.68,4427100.09,4919568.37,5387649.17,4195296.54,3.5
DC-3605,30.74,liquid-cooled,72.1,0.1279,204.61,1.024,17331925.63,3.06,0.941,4703901.59,2310456.12,3507178.86,2705160.17,4185535.56,5533159.26,2805743.09,9.9
DC-3606,8.73,air-cooled,71.9,0.1195,186.89,1.61,10788862.9,12.72,1.11,4532024.87,2489374.8,3510699.84,3238114.35,3447009.31,3677289.95,2808559.87,2.8
DC-3607,8.81,air-cooled,58.5,0.1304,191.92,1.57,10971392.89,12.23,1.077,4557330.44,2480374.08,3518852.26,3371623.08,3614156.13,3851251.85,2815081.81,2.8
DC-3608,39.08,hybrid,54.6,0.0968,179.54,1.273,12167339.19,9.09,3.552,13438339.91,7652712.96,10545526.44,9930965.1,10914713.43,12015913.64,8436421.15,4.2
DC-3609,5.59,air-cooled,70.9,0.1531,182.82,1.565,11055590.11,12.73,0.712,3243663.34,1562014.08,2402838.71,2210041.14,2365447.74,2505668.17,1922270.97,2.6
DC-3610,11.8,air-cooled,69.2,0.1585,183.27,1.553,11315028.64,12.96,1.529,7141544.93,3362637.96,5252091.44,4729722.22,5034548.72,5330937.5,4201673.15,2.5
DC-3611,16.9,air-cooled,67.0,0.1209,188.4,1.632,11024890.84,12.42,2.099,8770463.34,4745419.2,6757941.27,6341238.51,6728261.47,7149498.98,5406353.02,2.8
DC-3612,17.98,air-cooled,71.0,0.1685,179.56,1.541,10956965.19,12.88,2.316,10907177.94,4990331.52,7948754.73,7357378.2,7804194.53,8256156.53,6359003.78,2.5
DC-3613,14.25,air-cooled,58.8,0.112,204.1,1.584,10911295.75,12.15,1.731,6887348.62,4239565.2,5563456.91,5392549.24,5724630.24,6100593.09,4450765.53,2.9
DC-3614,22.57,air-cooled,66.8,0.128,178.4,1.586,10812874.52,12.11,2.733,11427249.89,5850806.4,8639028.14,8434983.54,8953116.06,9496582.07,6911222.51,2.9
DC-3615,28.63,air-cooled,78.4,0.1486,158.39,1.512,11856873.15,12.47,3.57,16433015.35,6785427.6,11609221.48,10784351.94,11492343.53,12215243.21,9287377.18,2.8
DC-3616,29.6,hybrid,67.8,0.1108,225.14,1.288,13649775.13,9.92,2.936,12576140.11,7932132.48,10254136.3,8256662.57,9096141.08,10111549.17,8203309.04,3.2
DC-3617,7.47,air-cooled,51.9,0.0924,179.09,1.541,10161580.97,12.58,0.94,3295124.4,2020135.2,2657629.8,2557453.03,2747441.0,2927440.2,2126103.84,3.2
DC-3618,13.1,air-cooled,66.3,0.0878,203.7,1.535,11439625.52,12.94,1.695,6310062.07,4143258.0,5226660.04,4696243.6,4990589.21,5317745.07,4181328.03,2.8
DC-3619,42.77,air-cooled,59.2,0.1612,205.07,1.544,11464266.7,12.2,5.218,24670264.38,12840663.12,18755463.75,18016477.21,19120432.69,20180689.83,15004371.0,2.6
DC-3620,33.64,air-cooled,75.2,0.1094,198.18,1.684,11012278.12,12.26,4.124,16747663.85,9807531.84,13277597.84,12487185.5,13305912.31,14171562.41,10622078.27,2.9
DC-3621,5.48,hybrid,75.8,0.1163,181.03,1.254,13628466.48,9.19,0.504,2170278.56,1094869.44,1632574.0,1440241.38,1581033.0,1741593.24,1306059.2,3.8
DC-3622,21.78,hybrid,52.1,0.0977,188.3,1.19,12345112.28,8.83,1.923,7233984.02,4345210.8,5789597.41,5603054.88,6262679.54,6878767.86,4631677.93,4.2
DC-3623,3.38,hybrid,81.1,0.139,164.88,1.272,14431112.66,8.85,0.299,1421969.85,591589.44,1006779.64,897182.0,1000654.64,1093796.44,805423.71,3.8
DC-3624,17.07,air-cooled,58.7,0.1044,213.85,1.597,10202932.34,12.07,2.06,7679360.84,5286372.0,6482866.42,6441991.98,6873118.81,7288328.04,5186293.14,3.0
DC-3625,75.05,hybrid,90.7,0.1102,171.22,1.257,13124171.08,8.56,6.424,26530669.85,13199007.36,19864838.6,18953118.74,20958274.56,23083702.15,15891870.88,4.3
DC-3626,7.7,hybrid,71.4,0.126,180.19,1.196,13432374.88,9.72,0.748,3220191.73,1617385.44,2418788.58,2035981.64,2241435.51,2484133.41,1935030.86,3.6
DC-3627,8.44,air-cooled,57.0,0.0987,185.48,1.625,11348488.13,12.84,1.084,4256738.73,2412723.84,3334731.28,2956533.43,3181550.0,3408299.86,2667785.02,2.8
DC-3628,30.3,air-cooled,58.3,0.1164,182.39,1.486,11618012.83,12.47,3.778,15478471.04,8268833.04,11873652.04,11066746.66,11796578.0,12549672.33,9498921.63,2.9
DC-3629,4.79,air-cooled,76.2,0.148,174.15,1.556,10837507.42,12.75,0.611,2704076.95,1276867.8,1990472.38,1852582.71,1974357.35,2093903.37,1592377.9,2.7
DC-3630,9.91,hybrid,67.3,0.1286,204.92,1.232,13978757.2,8.27,0.82,3685311.93,2016412.8,2850862.36,2766522.99,3056687.01,3372663.9,2280689.89,3.9
DC-3631,26.5,hybrid,70.8,0.1226,198.25,1.261,12732317.56,9.14,2.422,10132891.46,5761938.0,7947414.73,7273621.37,7981400.98,8850887.7,6357931.78,3.8
DC-3632,9.9,air-cooled,91.4,0.1243,188.83,1.6,12080551.34,12.3,1.218,5391788.52,2759939.28,4075863.9,3742850.37,3972206.49,4214319.61,3260691.12,2.7
DC-3633,13.62,hybrid,63.6,0.1122,178.01,1.238,13713231.82,9.75,1.328,5662831.55,2836767.36,4249799.46,3536735.14,3883565.62,4271367.31,3399839.57,3.6
DC-3634,29.83,air-cooled,72.7,0.1599,199.96,1.553,11471115.84,12.99,3.875,18307287.25,9298140.0,13802713.62,12360558.45,13153788.6,13939638.05,11042170.9,2.4
DC-3635,23.04,air-cooled,89.0,0.1038,177.03,1.503,10907869.07,12.2,2.811,10655463.09,5971575.96,8313519.52,8113223.57,8662819.94,9180137.75,6650815.62,3.1
DC-3636,20.36,liquid-cooled,75.2,0.1242,207.56,1.085,18276807.14,2.13,0.434,2275021.06,1080972.48,1677996.77,1790140.24,2660112.12,3533408.95,1342397.42,13.7
DC-3637,12.54,liquid-cooled,52.7,0.1223,185.67,1.087,18339708.06,3.93,0.493,2583342.66,1098423.72,1840883.19,1051953.61,1562072.33,2115729.9,1472706.55,7.7
DC-3638,22.11,air-cooled,78.1,0.1402,202.45,1.54,9976348.38,12.91,2.854,11725146.38,6933507.6,9329326.99,8844571.86,9407164.37,10035784.02,7463461.59,2.7
DC-3639,14.89,air-cooled,58.0,0.1421,182.29,1.573,10789214.64,12.33,1.836,7997005.27,4016213.28,6006609.28,5808140.52,6163979.03,6514524.24,4805287.42,2.8
DC-3640,23.72,air-cooled,88.9,0.1194,185.07,1.646,11221827.35,12.65,3.001,12650305.07,6664740.84,9657522.96,8744106.78,9323013.27,9923952.07,7726018.37,2.8
DC-3641,11.05,air-cooled,62.1,0.1258,202.38,1.656,11810743.81,12.97,1.433,6376183.63,3480126.48,4928155.06,4297117.53,4577461.75,4866907.59,3942524.05,2.5
DC-3642,14.21,hybrid,98.0,0.1266,216.91,1.309,12614748.74,9.61,1.366,5812301.92,3555588.72,4683945.32,4044911.83,4466636.85,4868076.8,3747156.26,3.4
DC-3643,7.45,liquid-cooled,89.6,0.0746,207.41,1.083,17782960.22,2.57,0.191,889965.48,475383.72,682674.6,606030.32,895096.65,1228755.77,546139.68,12.3
DC-3644,15.99,hybrid,62.4,0.0882,197.16,1.23,13272540.99,9.65,1.543,6017377.38,3650614.56,4833995.97,4087752.15,4595587.19,4997953.07,3867196.78,3.7
DC-3645,8.6,air-cooled,72.2,0.1079,192.84,1.577,11270659.62,12.54,1.078,4306801.6,2494578.24,3400689.92,3147876.2,3356356.53,3566546.77,2720551.94,2.8
DC-3646,6.74,hybrid,81.0,0.1088,176.4,1.238,13489165.66,9.19,0.619,2585881.98,1310299.2,1948090.59,1716588.83,1900308.66,2110520.07,1558472.47,3.9
DC-3647,20.23,air-cooled,81.4,0.096,188.43,1.577,11228680.48,12.74,2.577,9847892.76,5827009.32,7837451.04,7171439.95,7654548.48,8119725.47,6269960.83,2.9
DC-3648,19.5,liquid-cooled,77.3,0.135,170.3,1.125,17314898.21,3.35,0.653,3381351.64,1334470.8,2357911.22,1616618.0,2455629.63,3324261.92,1886328.98,9.3
DC-3649,30.76,liquid-cooled,87.0,0.12,189.64,1.081,17969841.65,2.2,0.677,3472769.9,1540635.36,2506702.63,2692476.61,3913656.1,5272390.22,2005362.1,13.8
DC-3650,11.65,hybrid,70.5,0.1157,190.6,1.256,14205695.67,9.48,1.104,4890518.47,2525068.8,3707793.64,3078814.09,3391775.8,3783273.61,2966234.91,3.5
DC-3651,22.79,air-cooled,67.6,0.0949,154.59,1.648,11253403.19,12.16,2.771,10725926.44,5140426.68,7933176.56,7482231.24,8004631.7,8472156.88,6346541.25,3.2
DC-3652,25.55,air-cooled,67.8,0.1191,184.58,1.648,11741606.9,12.49,3.191,13812660.71,7067937.36,10440299.04,9408390.55,10040082.28,10698879.13,8352239.23,2.8
DC-3653,23.47,air-cooled,82.3,0.0675,190.22,1.532,10000683.45,12.1,2.84,8884217.79,6482697.6,7683457.69,7854282.03,8314202.85,8870387.37,6146766.15,3.4
DC-3654,8.49,hybrid,76.4,0.1167,182.74,1.231,13448983.01,8.22,0.698,2964478.83,1530630.24,2247554.54,2251978.73,2482425.24,2727735.12,1798043.63,4.2
DC-3655,18.53,air-cooled,75.5,0.1213,189.37,1.572,10764882.46,12.23,2.266,9205816.34,5149349.04,7177582.69,6984171.46,7420769.04,7824890.6,5742066.15,2.9
DC-3656,22.01,air-cooled,81.5,0.1248,163.87,1.566,11972530.57,12.28,2.703,11819107.3,5315287.32,8567197.31,7922342.88,8464561.03,9013968.72,6853757.85,2.9
DC-3657,16.54,air-cooled,47.4,0.0887,172.36,1.588,10576609.25,13.35,2.208,7914029.89,4566850.56,6240440.22,5816291.27,6168589.24,6593919.8,4992352.18,3.0
DC-3658,3.1,hybrid,75.7,0.1245,199.52,1.267,12972248.27,8.01,0.248,1057605.27,593771.52,825688.4,851224.15,946386.16,1029949.47,660550.72,4.2
DC-3659,18.7,air-cooled,74.6,0.0992,184.01,1.504,11765378.41,12.58,2.352,9223350.37,5193498.24,7208424.3,6621074.42,7046262.17,7512417.19,5766739.44,2.9
DC-3660,96.55,liquid-cooled,92.0,0.1038,189.1,1.058,18971095.14,4.98,4.808,24894985.6,10910313.6,17902649.6,7950812.32,12367802.26,16209208.72,14322119.68,6.1
DC-3661,12.33,liquid-cooled,53.7,0.1344,175.8,1.074,17406564.43,2.4,0.296,1519247.49,624441.6,1071844.54,1049530.62,1603068.08,2120838.53,857475.63,12.9
DC-3662,9.18,liquid-cooled,90.7,0.1603,184.29,1.086,18453650.39,3.42,0.314,1766502.08,694404.72,1230453.4,790725.22,1209171.13,1623063.12,984362.72,8.4
DC-3663,22.17,air-cooled,72.9,0.121,149.47,1.567,10682062.31,12.19,2.703,10905926.4,4848208.92,7877067.66,7646130.94,8185233.05,8672171.05,6301654.13,3.2
DC-3664,21.11,air-cooled,77.9,0.1037,196.69,1.593,10619689.12,12.47,2.632,10020106.2,6212256.96,8116181.58,7754254.73,8228224.75,8800075.67,6492945.26,2.9
DC-3665,42.7,air-cooled,92.1,0.1238,211.12,1.506,10677643.36,12.85,5.487,21981188.46,13900985.28,17941086.87,16831311.35,17866988.02,18823791.6,14352869.5,2.7
DC-3666,6.01,air-cooled,78.7,0.1388,168.02,1.563,11087933.13,12.92,0.776,3386788.43,1564602.24,2475695.34,2265812.77,2397998.76,2534821.85,1980556.27,2.7
DC-3667,29.52,air-cooled,76.8,0.1324,169.9,1.664,10559579.85,12.58,3.714,15882996.9,7572103.2,11727550.05,10967190.28,11635930.35,12328731.84,9382040.04,2.8
DC-3668,26.37,hybrid,74.9,0.1749,190.61,1.219,13362432.34,8.78,2.315,11197860.03,5295145.8,8246502.91,7717729.07,8493703.73,9343295.25,6597202.33,3.6
DC-3669,14.68,air-cooled,66.2,0.1057,206.11,1.662,11025377.79,12.61,1.851,7383607.42,4578115.32,5980861.37,5486012.24,5854788.39,6250067.8,4784689.1,2.8
DC-3670,21.56,liquid-cooled,71.7,0.125,183.97,1.072,16310833.57,3.59,0.774,3714015.53,1708713.36,2711364.44,1776349.5,2700945.39,3661071.47,2169091.55,8.9
DC-3671,37.47,air-cooled,63.4,0.151,165.56,1.538,11355201.34,12.26,4.594,20938454.9,9126991.68,15032723.29,14329318.26,15156953.71,16117603.15,12026178.63,2.8
DC-3672,33.04,hybrid,71.5,0.1497,180.87,1.315,13551203.15,9.66,3.192,15116777.84,6928044.48,11022411.16,9178531.51,10121596.59,11195122.86,8817928.93,3.4
DC-3673,6.59,hybrid,44.0,0.081,168.55,1.262,14182160.17,10.34,0.681,2756045.05,1377390.6,2066717.82,1816169.84,1991332.77,2173360.3,1653374.26,3.6
DC-3674,31.69,hybrid,77.1,0.1199,173.97,1.241,13772448.61,8.4,2.662,11616957.94,5557297.68,8587127.81,8263549.97,9194187.38,10113365.28,6869702.25,4.2
DC-3675,15.62,liquid-cooled,70.5,0.1497,179.44,1.123,17739067.25,2.13,0.333,1803090.34,717042.24,1260066.29,1356581.83,2062383.73,2772915.85,1008053.03,13.9
DC-3676,17.43,hybrid,68.0,0.1778,170.06,1.222,14163689.86,9.27,1.616,8162069.93,3297803.52,5729936.72,5005750.14,5506080.33,6042532.12,4583949.38,3.4
DC-3677,17.44,liquid-cooled,74.6,0.1341,172.33,1.082,17349334.1,4.62,0.806,4131918.93,1666775.76,2899347.34,1449020.8,2239857.07,2946573.37,2319477.87,6.8
DC-3678,14.58,air-cooled,54.8,0.1126,185.12,1.614,12352840.54,12.86,1.875,8132037.26,4165200.0,6148618.63,5306903.97,5659524.34,6032585.56,4918894.9,2.7
DC-3679,42.66,air-cooled,95.2,0.0998,187.23,1.611,10690505.32,12.67,5.405,20452959.85,12143737.8,16298348.82,15289964.55,16137225.14,17102167.2,13038679.06,2.9
DC-3680,15.38,air-cooled,70.8,0.1644,162.64,1.54,11050505.52,12.73,1.958,9150692.74,3821389.44,6486041.09,6055804.39,6400427.37,6797808.03,5188832.87,2.7
DC-3681,6.72,air-cooled,70.2,0.1346,189.95,1.528,11069008.81,12.32,0.828,3528471.02,1887343.2,2707907.11,2619464.24,2766100.0,2940270.19,2166325.69,2.8
DC-3682,12.0,air-cooled,60.4,0.103,178.27,1.543,10562603.24,12.51,1.501,5612934.27,3210999.24,4411966.76,4234881.97,4493759.08,4779496.39,3529573.41,3.1
DC-3683,18.97,air-cooled,72.3,0.1159,194.8,1.517,10647029.34,12.42,2.356,9202989.17,5507385.6,7355187.38,7125768.97,7569862.93,8055359.52,5884149.9,2.9
DC-3684,43.96,air-cooled,88.6,0.1262,195.71,1.623,10986372.6,12.46,5.477,23198721.37,12862844.04,18030782.7,16851850.64,18026760.23,19041255.13,14424626.16,2.7
DC-3685,26.64,air-cooled,84.4,0.1309,175.83,1.529,11473484.07,12.73,3.391,14591279.58,7154874.36,10873076.97,9921797.71,10602620.58,11249842.71,8698461.58,2.8
DC-3686,8.33,air-cooled,82.3,0.102,193.21,1.628,11648906.87,12.43,1.035,4184811.91,2399668.2,3292240.06,3034583.07,3219711.58,3422660.98,2633792.05,2.8
DC-3687,120.08,liquid-cooled,78.6,0.1077,171.45,1.086,16980816.2,3.56,4.275,20511892.82,8795385.0,14653638.91,9421512.83,14314653.07,19065204.52,11722911.13,9.2
DC-3688,20.32,air-cooled,67.7,0.0869,203.86,1.567,10969821.37,13.0,2.642,9592064.83,6463177.44,8027621.14,7290939.91,7748548.01,8235160.28,6422096.91,2.8
DC-3689,45.62,hybrid,54.6,0.1408,172.01,1.255,14273526.4,8.51,3.882,18322348.21,8012913.84,13167631.02,12186704.41,13483543.51,14895637.16,10534104.82,3.9
DC-3690,14.57,air-cooled,69.6,0.1132,189.29,1.584,10793054.45,12.14,1.769,7021517.69,4018248.12,5519882.9,5365934.34,5690923.75,6101451.94,4415906.32,3.0
DC-3691,25.2,liquid-cooled,69.2,0.1293,181.19,1.04,17685317.44,4.35,1.096,5598417.61,2383010.88,3990714.24,2153486.51,3273266.71,4310039.74,3192571.39,7.1
DC-3692,32.19,liquid-cooled,84.6,0.1484,168.75,1.106,18412900.27,4.98,1.603,8863849.29,3246075.0,6054962.14,2662624.5,4034431.78,5607829.39,4843969.71,6.0
DC-3693,43.58,hybrid,75.7,0.1244,197.51,1.233,13287448.86,9.27,4.04,17357539.89,9575284.8,13466412.34,11911574.51,13264311.75,14505695.02,10773129.87,3.6
DC-3694,38.32,hybrid,91.3,0.1177,174.79,1.243,14505088.71,8.2,3.142,14154555.05,6590282.16,10372418.6,10000629.71,10991287.65,12108653.79,8297934.88,4.2
DC-3695,33.04,air-cooled,86.4,0.1239,158.5,1.503,10856266.97,12.47,4.12,16660480.16,7836240.0,12248360.08,11764058.13,12525585.13,13340367.54,9798688.06,3.0
DC-3696,12.78,liquid-cooled,66.5,0.1213,140.77,1.093,17509474.01,4.0,0.511,2581777.89,863201.64,1722489.76,971418.44,1541915.47,2009653.51,1377991.81,8.3
DC-3697,10.41,liquid-cooled,50.5,0.1449,170.87,1.086,18092237.82,2.7,0.281,1517114.27,576173.64,1046643.96,869404.8,1290885.1,1768982.34,837315.17,11.2
DC-3698,21.46,liquid-cooled,88.6,0.1262,204.64,1.095,16909411.12,2.53,0.543,2697723.13,1333434.24,2015578.68,1809556.69,2745202.51,3710439.86,1612462.94,12.0
DC-3699,34.69,hybrid,88.3,0.1091,202.87,1.308,14074316.65,8.98,3.115,13636543.13,7583280.6,10609911.86,9390864.87,10326763.86,11422449.83,8487929.49,3.7
DC-3700,13.76,air-cooled,55.6,0.141,173.22,1.554,11070925.13,12.14,1.67,7314005.86,3471328.8,5392667.33,5229118.37,5564115.3,5892944.07,4314133.86,2.9
DC-3701,38.56,liquid-cooled,90.1,0.1446,178.38,1.08,16865893.89,2.11,0.814,4164430.59,1742415.84,2953423.22,3260998.18,4985215.0,6692378.32,2362738.58,14.7
DC-3702,52.57,air-cooled,76.6,0.0932,177.03,1.534,10840210.85,12.33,6.482,23732821.64,13770101.52,18751461.58,18000105.74,19252120.26,20712723.37,15001169.26,3.2
DC-3703,7.9,hybrid,73.9,0.1507,164.0,1.236,13736856.54,9.79,0.773,3620977.77,1521264.0,2571120.88,2119595.67,2359805.55,2615151.3,2056896.7,3.5
DC-3704,8.42,air-cooled,91.4,0.1273,169.77,1.53,10650221.34,12.47,1.05,4276536.91,2139102.0,3207819.46,3082562.31,3275941.73,3488734.5,2566255.57,3.0
DC-3705,14.7,liquid-cooled,88.1,0.1257,198.72,1.093,17746091.42,4.34,0.638,3283858.19,1521400.32,2402629.26,1263321.63,1881756.06,2581794.49,1922103.41,6.9
DC-3706,21.03,air-cooled,79.8,0.1401,191.56,1.601,11000226.51,12.47,2.622,11561351.51,6027243.84,8794297.68,8272696.04,8803784.93,9330770.9,7035438.14,2.7
DC-3707,10.81,air-cooled,77.7,0.1087,188.1,1.572,11218474.33,12.51,1.352,5394306.35,3051734.4,4223020.38,3904798.42,4179368.83,4458561.67,3378416.3,2.9
DC-3708,48.51,hybrid,79.4,0.1391,163.97,1.272,13995225.83,9.94,4.822,22470532.23,9487960.08,15979246.16,12731328.28,14239850.37,15697868.31,12783396.93,3.4
DC-3709,23.09,hybrid,67.2,0.1125,185.51,1.228,13213016.59,9.4,2.17,8997731.2,4830680.4,6914205.8,6026654.52,6754210.76,7381446.49,5531364.64,3.8
DC-3710,16.97,hybrid,71.3,0.0905,149.44,1.285,14212067.42,8.6,1.459,6094183.92,2616395.52,4355289.72,3975169.51,4374167.43,4846453.07,3484231.78,4.4
DC-3711,5.21,air-cooled,61.2,0.1,196.64,1.531,9713024.02,12.14,0.632,2211750.85,1491317.76,1851534.31,1884563.99,2018071.22,2148824.11,1481227.45,3.2
DC-3712,5.74,air-cooled,68.0,0.1313,187.88,1.55,10245882.57,12.24,0.703,2853936.9,1584955.68,2219446.29,2188314.43,2333622.72,2478580.99,1775557.03,2.9
DC-3713,20.59,hybrid,67.6,0.1011,163.82,1.241,12950574.28,8.6,1.771,7043231.0,3481502.64,5262366.82,5084986.17,5623344.89,6209358.19,4209893.46,4.4
DC-3714,2.99,liquid-cooled,64.4,0.1522,208.25,1.036,17131666.99,2.77,0.083,430629.47,207417.0,319023.24,264631.6,401852.85,552935.05,255218.59,10.5
DC-3715,36.97,hybrid,73.6,0.1438,157.06,1.22,12360614.46,8.65,3.198,13699024.99,6027334.56,9863179.78,9676345.29,10677878.74,11887563.75,7890543.82,4.2
DC-3716,14.49,air-cooled,68.1,0.1467,191.95,1.601,11035116.19,12.04,1.745,7869392.18,4019433.0,5944412.59,5790756.07,6130022.16,6512841.13,4755530.07,2.7
DC-3717,220.19,liquid-cooled,78.0,0.1225,192.33,1.071,18730679.27,4.02,8.852,47018843.27,20430061.92,33724452.6,18711764.0,29284405.52,38043626.41,26979562.08,7.3
DC-3718,104.2,air-cooled,52.5,0.1252,165.4,1.639,10439626.72,13.0,13.546,55775568.0,26886100.8,41330834.4,37563854.25,40166597.86,42958504.48,33064667.52,2.8
DC-3719,14.22,air-cooled,70.6,0.0961,183.43,1.548,11059064.13,12.09,1.719,6464698.19,3783794.04,5124246.12,4998818.21,5312517.88,5615157.51,4099396.9,3.1
DC-3720,15.1,air-cooled,73.6,0.1399,159.45,1.584,11201847.99,12.3,1.857,8227493.41,3553183.8,5890338.6,5587589.4,5922805.99,6320305.15,4712270.88,2.9
DC-3721,36.47,air-cooled,68.3,0.1276,141.3,1.587,11211415.2,12.17,4.438,18929561.66,7525072.8,13227317.23,12552619.32,13468526.05,14355876.09,10581853.78,3.1
DC-3722,64.23,hybrid,69.9,0.1313,167.98,1.22,12922046.94,9.28,5.961,25482055.07,12015945.36,18749000.22,16800569.16,18571427.84,20719430.19,14999200.18,3.9
DC-3723,4.44,air-cooled,53.0,0.1538,174.75,1.664,11226478.99,12.11,0.538,2548323.26,1128186.0,1838254.63,1738450.67,1853233.46,1959168.23,1470603.7,2.7
DC-3724,3.94,air-cooled,76.3,0.1079,193.66,1.554,10698592.09,12.28,0.484,1861614.97,1124777.28,1493196.12,1445374.78,1539712.11,1635814.99,1194556.9,3.0
DC-3725,10.0,air-cooled,79.8,0.1175,185.01,1.598,11958722.04,12.0,1.2,5162778.23,2664144.0,3913461.12,3686545.32,3930836.48,4169564.69,3130768.9,2.9
DC-3726,26.21,air-cooled,77.9,0.1265,185.4,1.602,11112020.04,12.39,3.247,13782144.98,7223925.6,10503035.29,9906240.63,10511614.77,11245922.61,8402428.23,2.8
DC-3727,24.47,hybrid,84.5,0.1013,168.78,1.255,13599787.52,9.01,2.205,9119542.51,4465918.8,6792730.65,6084937.09,6753976.05,7436856.19,5434184.52,4.1
DC-3728,38.7,air-cooled,74.4,0.1162,176.05,1.567,11053380.08,12.93,5.004,20273079.44,10571450.4,15422264.92,14046301.76,14955755.21,15893767.94,12337811.94,2.8
DC-3729,6.3,air-cooled,77.7,0.1299,170.05,1.573,11789942.67,12.54,0.79,3483853.95,1612074.0,2547963.98,2319430.74,2467962.18,2621735.99,2038371.18,2.8
DC-3730,2.58,hybrid,73.9,0.1135,165.63,1.205,13092390.75,8.98,0.232,952940.8,461113.92,707027.36,651818.06,722403.17,797992.42,565621.89,4.1
DC-3731,32.67,hybrid,80.3,0.1462,175.09,1.311,13716502.63,9.67,3.159,14932988.28,6637311.72,10785150.0,8953554.45,9873083.73,10832724.7,8628120.0,3.4
DC-3732,8.48,hybrid,53.1,0.0898,185.12,1.242,13535131.24,9.84,0.834,3323343.01,1852680.96,2588011.98,2146036.52,2374277.48,2613521.77,2070409.58,3.7
DC-3733,3.27,air-cooled,61.3,0.1425,175.41,1.607,12250238.16,12.9,0.422,1995339.75,888276.24,1441808.0,1259235.87,1333599.35,1411854.28,1153446.4,2.6
DC-3734,18.47,liquid-cooled,91.0,0.1332,179.15,1.102,16204981.89,4.92,0.909,4442242.96,1954168.2,3198205.58,1567180.49,2417422.11,3200246.01,2558564.46,6.5
DC-3735,31.02,liquid-cooled,42.5,0.1086,194.42,1.084,16988293.86,3.65,1.132,5440872.69,2641001.28,4040936.99,4266429.28,5588015.74,6960965.89,3232749.59,8.6
DC-3736,14.91,hybrid,70.3,0.1015,176.49,1.263,13599929.54,9.93,1.481,6139026.96,3136580.28,4637803.62,3802078.13,4175025.92,4638113.6,3710242.9,3.6
DC-3737,11.4,hybrid,86.1,0.0784,163.99,1.258,13936661.22,9.91,1.13,4475941.41,2223704.4,3349822.9,2704557.0,3006093.42,3288737.24,2679858.32,3.8
DC-3738,14.48,air-cooled,70.9,0.1041,192.45,1.529,12369503.52,12.92,1.871,7751736.59,4320887.4,6036312.0,5267311.47,5628121.34,6004402.83,4829049.6,2.7
DC-3739,12.23,liquid-cooled,67.1,0.1409,187.99,1.1,15855602.01,3.52,0.43,2098907.19,970028.4,1534467.8,1050546.19,1603672.29,2144257.93,1227574.24,9.0
DC-3740,5.59,air-cooled,73.6,0.1189,188.93,1.617,10088777.7,12.1,0.676,2654083.88,1532600.16,2093342.02,2070886.59,2211442.2,2346795.66,1674673.62,3.0
DC-3741,9.28,air-cooled,67.8,0.1433,193.39,1.597,10656448.95,12.74,1.182,5168681.09,2743043.76,3955862.42,3682699.75,3916449.19,4145270.44,3164689.94,2.6
DC-3742,24.95,air-cooled,72.4,0.1076,190.85,1.569,11741021.61,12.47,3.111,12717822.93,7124812.2,9921317.56,9066633.83,9724799.96,10255893.78,7937054.05,2.8
DC-3743,21.27,air-cooled,63.8,0.1341,184.43,1.614,10470497.13,12.26,2.608,11012980.94,5771921.28,8392451.11,8159333.54,8625494.19,9180240.05,6713960.89,2.9
DC-3744,18.81,liquid-cooled,85.3,0.1057,219.87,1.045,16984379.17,4.39,0.826,3916813.88,2179351.44,3048082.66,1639669.09,2485387.96,3264700.33,2438466.13,6.9
DC-3745,7.42,hybrid,89.1,0.1007,164.73,1.291,12786251.9,9.02,0.669,2662768.33,1322452.44,1992610.38,1809966.29,2012636.7,2249921.58,1594088.3,4.2
DC-3746,14.22,hybrid,70.4,0.1179,175.2,1.179,15041966.67,8.71,1.239,5650255.28,2604873.6,4127564.44,3728477.01,4095457.55,4487362.02,3302051.55,3.9
DC-3747,2.88,hybrid,55.4,0.1067,198.51,1.258,12401950.94,8.58,0.247,971162.41,588383.64,779773.02,763553.86,837873.11,926528.66,623818.42,4.2
DC-3748,18.97,air-cooled,65.7,0.0891,186.14,1.591,11363286.8,12.16,2.307,8690413.17,5153099.76,6921756.46,6560174.1,6981472.25,7451590.49,5537405.17,3.1
DC-3749,51.58,air-cooled,69.8,0.1164,195.37,1.537,11363225.95,12.98,6.695,27398516.84,15696025.8,21547271.32,19349993.29,20601138.55,21913407.9,17237817.06,2.7
DC-3750,5.06,hybrid,78.1,0.1221,186.55,1.24,13512270.78,8.38,0.424,1835506.97,949166.4,1392336.68,1352729.1,1494260.51,1640364.04,1113869.34,4.1
DC-3751,10.29,hybrid,59.9,0.1454,204.61,1.201,14039887.85,8.56,0.881,4096380.05,2163136.92,3129758.48,2940444.64,3243245.23,3562455.18,2503806.78,3.7
DC-3752,21.4,air-cooled,62.8,0.1387,168.89,1.597,11687828.18,12.7,2.718,12333385.2,5508516.24,8920950.72,8016826.86,8508153.11,9083744.46,7136760.58,2.7
DC-3753,44.8,hybrid,78.1,0.1444,204.14,1.246,12057031.15,8.01,3.588,15268592.2,8789451.84,12029022.02,12780257.9,14205675.76,15530826.78,9623217.62,4.2
DC-3754,11.49,air-cooled,83.3,0.1344,201.56,1.644,10313237.23,12.05,1.385,5854926.88,3349927.2,4602427.04,4560113.68,4832084.88,5138832.91,3681941.63,2.8
DC-3755,9.45,air-cooled,64.5,0.1267,165.85,1.565,10453584.04,12.71,1.201,4876059.59,2390230.2,3633144.9,3441202.84,3657810.35,3886095.59,2906515.92,2.9
DC-3756,3.4,air-cooled,56.0,0.0954,193.46,1.583,11599218.58,12.77,0.434,1692827.23,1007539.68,1350183.46,1210930.44,1294274.49,1385788.91,1080146.77,2.8
DC-3757,17.86,air-cooled,98.0,0.123,183.35,1.647,11984390.34,12.08,2.157,9572350.59,4745831.4,7159091.0,6631040.52,7077295.57,7564239.23,5727272.8,2.8
DC-3758,84.24,hybrid,81.4,0.1319,174.9,1.222,14097021.65,8.0,6.739,30626221.44,14143813.2,22385017.32,22337259.94,24776970.13,27396978.58,17908013.86,4.2
DC-3759,20.53,hybrid,68.8,0.1491,155.67,1.272,12062399.56,9.85,2.022,8779347.66,3777176.88,6278262.27,5417686.09,6004181.36,6614001.84,5022609.82,3.7
DC-3760,16.15,air-cooled,82.4,0.1337,168.84,1.53,11746618.97,12.17,1.965,8650547.27,3981247.2,6315897.24,5995068.11,6367098.53,6757120.33,5052717.79,2.9
DC-3761,21.28,hybrid,70.5,0.1448,194.62,1.238,13636840.54,8.52,1.813,8341155.46,4234152.72,6287654.09,6040091.41,6659012.75,7286735.06,5030123.27,3.8
DC-3762,16.3,hybrid,82.4,0.0994,196.21,1.254,13484638.5,9.57,1.56,6378058.92,3673051.2,5025555.06,4287205.79,4716626.62,5172875.94,4020444.05,3.6
DC-3763,8.58,air-cooled,73.9,0.1135,180.84,1.588,11348369.5,12.91,1.108,4543625.2,2404448.64,3474036.92,3088326.32,3302757.43,3514365.68,2779229.54,2.8
DC-3764,31.77,air-cooled,73.1,0.1286,196.25,1.556,11089494.98,12.66,4.022,16961667.82,9471810.0,13216738.91,12305447.28,13036667.53,13867751.5,10573391.13,2.7
DC-3765,19.7,liquid-cooled,70.6,0.1432,198.18,1.091,16569465.8,3.2,0.63,3181933.96,1498240.8,2340087.38,1699861.02,2594864.63,3513702.26,1872069.9,9.5
DC-3766,16.68,hybrid,54.6,0.1171,186.32,1.287,13305094.51,9.59,1.6,6843019.39,3577344.0,5210181.7,4394650.89,4885576.62,5377086.63,4168145.36,3.6
DC-3767,7.54,liquid-cooled,95.3,0.1184,173.16,1.073,17500709.28,4.73,0.357,1785694.34,741817.44,1263755.89,610841.92,937969.44,1263503.52,1011004.71,6.7
DC-3768,46.66,air-cooled,60.7,0.1337,190.62,1.595,12214256.7,12.69,5.921,27132167.81,13543932.24,20338050.02,18053047.11,19209858.39,20375682.59,16270440.02,2.6
DC-3769,27.99,hybrid,55.7,0.0975,191.3,1.281,13206746.63,8.51,2.382,9596922.42,5468119.2,7532520.81,7278831.36,7966778.93,8857923.39,6026016.65,4.2
DC-3770,10.57,air-cooled,69.4,0.1521,194.11,1.575,10439441.25,12.99,1.373,6066462.56,3198156.36,4632309.46,4273643.26,4551867.24,4807479.49,3705847.57,2.6
DC-3771,36.65,air-cooled,60.5,0.1024,196.98,1.628,11208145.27,12.23,4.482,17708624.12,10594372.32,14151498.22,13314199.54,14307469.09,15184309.42,11321198.58,2.9
DC-3772,11.04,air-cooled,71.4,0.0816,163.57,1.596,11615695.58,12.82,1.415,5266788.51,2777418.6,4022103.56,3611764.76,3828340.93,4070142.23,3217682.85,3.1
DC-3773,8.8,air-cooled,80.3,0.1202,176.35,1.583,10723433.09,12.69,1.117,4523635.7,2363795.4,3443715.55,3200166.52,3417489.65,3638200.68,2754972.44,2.9
DC-3774,8.96,air-cooled,83.9,0.154,155.52,1.612,10396196.11,12.3,1.102,4942379.95,2056596.48,3499488.22,3362544.65,3601848.75,3848476.02,2799590.58,2.9
DC-3775,3.99,air-cooled,81.8,0.1317,195.2,1.579,11527831.63,12.15,0.485,2125958.71,1136064.0,1631011.36,1551409.28,1645157.3,1757355.89,1304809.09,2.8
DC-3776,23.98,air-cooled,68.3,0.135,180.82,1.475,10769470.4,12.07,2.894,11974071.57,6279516.96,9126794.26,9086730.12,9690611.32,10339676.46,7301435.41,3.0
DC-3777,3.8,hybrid,72.6,0.1208,190.46,1.245,13241941.45,9.78,0.372,1584765.61,850213.44,1217489.52,1022264.64,1120759.91,1240442.19,973991.62,3.5
DC-3778,6.15,air-cooled,76.9,0.117,161.86,1.626,10093443.71,12.72,0.782,3057234.8,1518894.24,2288064.52,2172714.04,2298737.69,2457961.27,1830451.62,3.0
DC-3779,3.13,air-cooled,50.9,0.0891,205.01,1.534,10523477.3,12.92,0.404,1428488.27,993888.48,1211188.38,1129620.02,1198051.83,1280913.74,968950.7,2.9
DC-3780,15.35,air-cooled,78.8,0.0748,166.08,1.527,10508295.34,12.11,1.859,6201141.47,3704912.64,4953027.06,4932182.27,5275353.08,5647596.63,3962421.65,3.5
DC-3781,14.58,air-cooled,54.5,0.1239,195.62,1.52,10721360.37,12.47,1.818,7330681.05,4267645.92,5799163.48,5567632.91,5938157.52,6306585.2,4639330.78,2.8
DC-3782,12.66,hybrid,96.5,0.1463,185.77,1.248,12787383.73,9.43,1.194,5302628.81,2661712.56,3982170.68,3520738.88,3891626.08,4272449.92,3185736.54,3.6
DC-3783,7.14,air-cooled,67.1,0.1269,181.16,1.605,11802806.0,12.22,0.873,3847341.03,1897832.16,2872586.6,2680788.2,2839933.63,3016616.69,2298069.28,2.8
DC-3784,6.44,hybrid,69.8,0.1325,179.95,1.247,13266760.07,9.9,0.638,2804368.43,1377697.2,2091032.82,1727022.15,1901487.69,2102366.38,1672826.26,3.5
DC-3785,23.84,air-cooled,62.8,0.1517,174.43,1.579,10476420.55,12.08,2.88,12748072.1,6028300.8,9388186.45,9322059.2,9883306.64,10464804.45,7510549.16,2.9
DC-3786,10.59,air-cooled,64.4,0.1266,203.43,1.612,11201844.75,12.66,1.341,5735500.75,3273595.56,4504548.16,4121932.12,4389735.57,4652499.07,3603638.53,2.6
DC-3787,21.18,liquid-cooled,98.0,0.1175,184.19,1.06,17101640.7,4.0,0.847,4143034.94,1872107.16,3007571.05,1813530.72,2708893.51,3598525.74,2406056.84,7.9
DC-3788,8.1,hybrid,83.3,0.1036,164.96,1.29,12646071.98,8.79,0.712,2834443.28,1409418.24,2121930.76,1997441.79,2206130.6,2448404.39,1697544.61,4.3
DC-3789,19.01,air-cooled,53.4,0.1604,178.24,1.564,11102984.2,12.15,2.31,10775947.83,4940812.8,7858380.32,7622361.23,8095852.65,8572979.31,6286704.26,2.7
DC-3790,46.65,hybrid,90.1,0.1305,185.93,1.242,13344673.89,9.12,4.254,18655120.0,9491354.64,14073237.32,12597415.17,13934104.11,15376749.92,11258589.86,3.7
DC-3791,26.28,air-cooled,86.3,0.1011,197.47,1.514,10278961.8,12.96,3.406,12346976.97,8070993.84,10208985.41,9626238.43,10257642.84,10878738.4,8167188.33,2.9
DC-3792,11.82,hybrid,68.6,0.0966,174.93,1.251,11845400.46,9.8,1.158,4274093.96,2430827.28,3352460.62,2947045.49,3287936.87,3644055.0,2681968.5,4.0
DC-3793,20.2,hybrid,75.7,0.1451,175.93,1.25,13574004.52,8.48,1.713,7888862.54,3616417.08,5752639.81,5477296.44,6085931.33,6705905.82,4602111.85,4.0
DC-3794,13.56,hybrid,71.8,0.0993,184.35,1.282,14196366.12,9.86,1.337,5708881.44,2957711.4,4333296.42,3449562.39,3828647.26,4253571.78,3466637.14,3.5
DC-3795,16.55,liquid-cooled,95.7,0.1571,197.1,1.088,17294711.19,4.31,0.713,3807826.7,1686387.6,2747107.15,1498639.45,2261799.76,2999976.64,2197685.72,6.8
DC-3796,12.67,air-cooled,62.4,0.0649,163.47,1.567,10691127.58,12.56,1.591,5197293.03,3120969.24,4159131.14,3973429.43,4218187.58,4478859.38,3327304.91,3.4
DC-3797,14.42,hybrid,73.8,0.1485,191.58,1.247,13514470.38,9.57,1.38,6383035.52,3172564.8,4777800.16,4065768.17,4516210.2,4965254.83,3822240.13,3.4
DC-3798,19.49,air-cooled,66.9,0.1297,177.04,1.604,11004040.93,12.66,2.467,10528569.64,5241092.16,7884830.9,7315576.44,7726386.05,8210306.88,6307864.72,2.8
DC-3799,7.43,air-cooled,54.8,0.1224,179.13,1.586,11841645.68,12.87,0.956,4141415.02,2054979.36,3098197.19,2735784.24,2922811.05,3108611.1,2478557.75,2.7
DC-3800,7.3,air-cooled,98.0,0.1165,214.02,1.551,10302118.99,12.62,0.921,3566312.15,2365349.04,2965830.6,2840081.12,3031082.83,3223974.34,2372664.48,2.8
DC-3801,5.41,air-cooled,57.8,0.1578,181.05,1.683,10879657.11,12.97,0.702,3330400.04,1525165.2,2427782.62,2182976.97,2316681.4,2444223.65,1942226.1,2.5
DC-3802,4.57,hybrid,74.6,0.1341,195.32,1.238,12778474.4,8.15,0.372,1597352.89,871908.48,1234630.68,1261628.7,1399156.82,1543427.05,987704.54,4.2
DC-3803,6.21,hybrid,51.1,0.1019,194.78,1.238,13696932.38,9.45,0.587,2435378.49,1372030.32,1903704.41,1633668.06,1795213.45,1982349.48,1522963.53,3.7
DC-3804,18.68,hybrid,67.2,0.0856,166.3,1.3,12733976.0,8.51,1.59,6049290.54,3173004.0,4611147.27,4493570.12,4973027.3,5509413.56,3688917.82,4.6
DC-3805,8.05,air-cooled,77.1,0.1235,156.32,1.624,10644341.03,12.03,0.968,3990434.57,1815813.12,2903123.84,2836345.29,3021530.69,3223548.71,2322499.07,3.1
DC-3806,24.8,air-cooled,62.1,0.12,196.31,1.575,11180943.62,12.88,3.194,13224099.48,7524169.68,10374134.58,9418112.67,9997397.9,10623626.56,8299307.66,2.7
DC-3807,16.91,liquid-cooled,79.0,0.0896,167.75,1.062,17888357.77,3.6,0.609,2928528.85,1225917.0,2077222.92,1280025.81,2004549.4,2672559.47,1661778.34,9.2
DC-3808,3.4,air-cooled,68.8,0.1189,159.04,1.643,10993424.02,12.87,0.438,1819571.47,835914.24,1327742.86,1192823.66,1276310.95,1354416.8,1062194.29,2.9
DC-3809,27.77,hybrid,85.9,0.1085,199.39,1.271,13152407.08,8.39,2.33,9624744.87,5574944.4,7599844.64,7429881.51,8211323.53,8993036.59,6079875.71,4.1
DC-3810,31.46,hybrid,88.3,0.1202,168.71,1.285,12014204.9,8.64,2.718,10934151.5,5502645.36,8218398.43,8079417.3,9067036.89,9924771.99,6574718.74,4.3
DC-3811,7.43,hybrid,65.0,0.1345,172.41,1.251,13235119.61,9.11,0.677,2989016.55,1400658.84,2194837.69,1967419.83,2177945.08,2407799.38,1755870.15,3.8
DC-3812,23.02,air-cooled,72.9,0.1499,213.62,1.614,10432601.43,12.86,2.96,13135704.51,7587782.4,10361743.46,9571211.24,10147973.2,10748558.88,8289394.77,2.5
DC-3813,8.29,liquid-cooled,74.2,0.1382,159.1,1.077,18169343.66,4.3,0.356,1901567.8,679675.2,1290621.5,662211.63,1015381.3,1388616.8,1032497.2,7.2
DC-3814,17.78,air-cooled,79.4,0.1056,165.16,1.599,11182091.04,12.12,2.155,8542578.75,4271037.6,6406808.18,6080868.54,6531619.36,6932925.39,5125446.54,3.1
DC-3815,5.98,liquid-cooled,72.2,0.1274,177.1,1.054,17460659.51,4.65,0.278,1405689.17,590805.6,998247.38,495461.38,743044.91,1009727.25,798597.9,6.7
DC-3816,3.92,air-cooled,74.3,0.1213,180.4,1.522,10908990.65,12.5,0.49,1980324.75,1060752.0,1520538.38,1441060.93,1539019.15,1642881.33,1216430.7,2.9
DC-3817,12.11,air-cooled,69.1,0.0934,170.59,1.582,11491468.61,12.55,1.52,5849000.71,3111561.6,4480281.16,4073182.59,4369697.7,4687675.41,3584224.93,3.0
DC-3818,14.89,air-cooled,73.4,0.128,166.62,1.508,10896103.74,12.94,1.927,7924299.25,3852920.88,5888610.06,5443113.09,5823962.51,6170378.98,4710888.05,2.8
DC-3819,11.96,hybrid,87.6,0.1571,206.65,1.244,13749824.28,8.42,1.007,4800876.86,2497158.6,3649017.73,3532937.5,3866862.94,4257620.12,2919214.18,3.7
DC-3820,6.38,air-cooled,79.8,0.1206,187.94,1.614,11735198.04,12.61,0.805,3471918.13,1815500.4,2643709.26,2393659.46,2537471.81,2706636.42,2114967.41,2.7
DC-3821,11.94,air-cooled,80.4,0.0881,192.78,1.563,11345940.87,12.38,1.478,5509355.59,3419146.08,4464250.84,4178521.51,4441481.0,4750514.89,3571400.67,3.0
DC-3822,20.4,air-cooled,80.7,0.1206,181.94,1.522,11298117.83,12.01,2.45,10090616.27,5349036.0,7719826.14,7513067.58,8012105.04,8537806.05,6175860.91,3.0
DC-3823,15.86,liquid-cooled,70.2,0.0957,188.34,1.076,18576837.87,4.92,0.78,3923580.51,1762862.4,2843221.46,1305861.29,1990925.37,2597742.73,2274577.17,6.3
DC-3824,19.03,hybrid,75.8,0.1373,197.99,1.263,12810556.14,8.5,1.618,7063963.06,3844173.84,5454068.45,5285460.8,5871115.98,6448691.18,4363254.76,3.9
DC-3825,9.62,hybrid,59.0,0.1305,169.06,1.274,13232467.69,8.92,0.858,3772591.42,1740641.76,2756616.59,2507304.2,2764411.29,3051407.79,2205293.27,3.9
DC-3826,41.99,hybrid,87.2,0.1166,187.97,1.238,13381210.12,8.5,3.569,15125833.35,8050379.16,11588106.26,11153589.83,12395497.45,13573396.98,9270485.01,4.1
DC-3827,6.42,air-cooled,38.6,0.1134,194.44,1.444,10858362.28,15.06,0.967,3720451.17,2256281.76,2988366.46,2848594.43,3011538.32,3187414.23,2390693.17,2.4
DC-3828,24.29,air-cooled,71.0,0.1158,207.17,1.591,10592197.37,12.09,2.937,11653266.37,7301499.48,9477382.93,9265675.66,9910985.12,10535617.94,7581906.34,2.9
DC-3829,42.33,liquid-cooled,85.7,0.1202,213.22,1.08,18220983.64,2.99,1.266,6565850.28,3239238.24,4902544.26,3805755.45,5611951.79,7482617.02,3922035.41,9.7
DC-3830,24.16,air-cooled,55.6,0.1046,185.05,1.623,10764455.73,12.63,3.051,11835590.78,6775050.6,9305320.69,8624354.0,9213509.1,9756941.18,7444256.55,2.9
DC-3831,13.98,air-cooled,76.8,0.0922,201.08,1.559,11356450.61,12.4,1.734,6559403.53,4184072.64,5371738.08,5020853.72,5351909.42,5724883.01,4297390.46,2.9
DC-3832,10.78,air-cooled,63.8,0.1428,143.95,1.517,11278286.77,12.49,1.346,5927708.25,2325080.4,4126394.32,3890624.81,4129192.74,4408141.9,3301115.46,2.9
DC-3833,37.67,air-cooled,67.6,0.1123,207.28,1.625,11417985.06,12.45,4.69,19397467.21,11665718.4,15531592.8,14323781.98,15214300.49,16177979.81,12425274.24,2.7
DC-3834,5.27,air-cooled,83.4,0.1233,173.11,1.499,11542295.64,12.9,0.68,2845144.81,1412577.6,2128861.2,1926952.98,2052429.07,2172856.85,1703088.96,2.8
DC-3835,7.57,air-cooled,74.4,0.1257,180.38,1.564,11200642.15,12.97,0.982,4135400.4,2125597.92,3130499.16,2818252.98,3001058.93,3202477.59,2504399.33,2.7
DC-3836,11.96,air-cooled,47.6,0.1264,190.62,1.621,10876752.26,13.13,1.57,6612731.67,3591280.8,5102006.23,4750625.16,5037047.75,5346593.07,4081604.98,2.6
DC-3837,44.26,air-cooled,60.3,0.0965,181.7,1.541,10550166.51,12.51,5.537,20194271.69,12072874.8,16133573.24,15396697.65,16509020.68,17568690.47,12906858.59,3.1
DC-3838,22.28,air-cooled,83.7,0.0865,186.95,1.688,10565816.33,12.47,2.778,10075873.51,6232165.2,8154019.36,7708077.13,8226011.95,8785355.45,6523215.49,3.1
DC-3839,7.58,air-cooled,77.4,0.1082,207.82,1.551,11021808.98,12.92,0.979,3837071.37,2441469.36,3139270.36,2863744.4,3048857.38,3244350.37,2511416.29,2.7
DC-3840,12.83,air-cooled,93.0,0.1279,178.24,1.582,12070839.62,12.06,1.547,6891711.63,3308847.36,5100279.5,4783541.69,5073464.57,5390580.4,4080223.6,2.8
DC-3841,10.06,hybrid,92.2,0.1054,167.7,1.219,12867857.67,8.37,0.842,3355396.53,1694440.8,2524918.66,2504761.8,2793458.51,3097355.46,2019934.93,4.5
DC-3842,9.32,air-cooled,67.9,0.1129,211.2,1.538,10561486.07,12.22,1.139,4405748.88,2886681.6,3646215.24,3582410.97,3785374.29,4035278.2,2916972.19,2.9
DC-3843,35.99,hybrid,98.0,0.1625,191.9,1.231,14209027.07,8.64,3.11,15269758.12,7161708.0,11215733.06,10293707.33,11428301.98,12605871.59,8972586.45,3.6
DC-3844,5.49,hybrid,72.3,0.0831,212.83,1.276,13199061.72,9.56,0.525,2027548.26,1340829.0,1684188.63,1442743.77,1606929.63,1769494.93,1347350.9,3.7
DC-3845,59.56,hybrid,60.4,0.1049,196.95,1.255,13501691.58,8.01,4.771,19816947.39,11275781.4,15546364.4,15729898.21,17475406.8,19200158.72,12437091.52,4.3
DC-3846,31.9,air-cooled,64.4,0.1579,164.15,1.661,10500623.51,12.08,3.854,17847772.78,7591609.2,12719690.99,12302585.05,13099607.44,13921448.23,10175752.79,2.8
DC-3847,39.36,air-cooled,44.9,0.1191,193.68,1.402,11302539.68,13.49,5.31,21104087.98,12341289.6,16722688.79,16124847.8,17104633.24,18099497.16,13378151.03,2.6
DC-3848,11.35,air-cooled,91.3,0.1059,169.24,1.591,11313229.19,12.2,1.385,5526144.7,2812768.8,4169456.75,3951146.78,4234024.36,4510979.96,3335565.4,3.1
DC-3849,14.59,hybrid,91.1,0.1434,184.11,1.23,14242091.37,8.97,1.309,6165410.31,2891999.88,4528705.1,4050371.01,4456115.73,4864886.56,3622964.08,3.6
DC-3850,5.23,air-cooled,59.8,0.1211,182.86,1.572,11109989.52,12.37,0.647,2676328.93,1419725.04,2048026.98,1935395.53,2056901.22,2188502.53,1638421.58,2.9
DC-3851,10.81,hybrid,69.3,0.113,159.74,1.245,13691934.85,9.8,1.059,4527280.9,2029975.92,3278628.41,2694519.99,2983044.1,3288811.37,2622902.73,3.7
DC-3852,24.41,liquid-cooled,73.1,0.1238,171.81,1.037,17604975.45,4.32,1.055,5313856.52,2175114.6,3744485.56,2002185.6,3013934.06,4141212.66,2995588.45,7.3
DC-3853,46.38,air-cooled,60.5,0.1068,217.08,1.625,10924670.34,12.37,5.737,22649690.46,14944655.52,18797172.99,17678479.6,18844468.1,19992849.34,15037738.39,2.8
DC-3854,6.78,air-cooled,50.9,0.0997,187.58,1.613,10654805.7,12.96,0.879,3319529.12,1978593.84,2649061.48,2398468.0,2575310.95,2743072.13,2119249.18,2.9
DC-3855,12.28,hybrid,69.5,0.1177,181.37,1.268,13434562.95,8.74,1.073,4606209.13,2335320.12,3470764.62,3236619.53,3592598.22,3942047.01,2776611.7,4.0
DC-3856,14.57,air-cooled,68.1,0.0998,211.19,1.483,10618783.54,12.62,1.839,6723824.37,4660540.92,5692182.64,5413637.98,5788142.87,6172865.93,4553746.11,2.9
DC-3857,5.38,air-cooled,67.3,0.1202,178.06,1.534,10088955.58,12.75,0.686,2646051.89,1465789.92,2055920.9,1963787.79,2100531.29,2244841.4,1644736.72,2.9
DC-3858,26.39,liquid-cooled,74.7,0.1271,182.63,1.06,16297924.6,2.02,0.533,2559445.1,1168101.48,1863773.29,2179378.35,3340670.35,4479559.95,1491018.63,15.9
DC-3859,9.21,air-cooled,89.2,0.1371,198.86,1.525,11304531.1,12.49,1.15,4995182.46,2744268.0,3869725.23,3644778.56,3866560.02,4074486.99,3095780.18,2.7
DC-3860,14.06,liquid-cooled,68.4,0.1426,177.99,1.089,16225710.41,3.14,0.441,2190035.15,941923.08,1565979.12,1195683.8,1767302.95,2373265.86,1252783.3,10.1
DC-3861,11.46,hybrid,74.0,0.1119,172.8,1.281,13122263.89,8.28,0.949,3958991.9,1967846.4,2963419.15,2944994.61,3258669.95,3585862.16,2370735.32,4.4
DC-3862,8.75,hybrid,80.7,0.13,150.19,1.212,14213470.8,8.41,0.736,3340538.16,1326478.08,2333508.12,2207128.49,2425117.38,2690409.64,1866806.5,4.2
DC-3863,16.35,air-cooled,78.6,0.1299,169.95,1.579,10614086.9,12.11,1.98,8227826.59,4038012.0,6132919.3,6030134.36,6421438.86,6892569.99,4906335.44,3.0
DC-3864,13.84,air-cooled,64.6,0.1266,169.81,1.607,11484475.22,12.81,1.773,7684703.82,3612877.56,5648790.69,5074822.99,5370816.93,5717837.95,4519032.55,2.8
DC-3865,12.21,air-cooled,73.2,0.1104,186.38,1.555,10330696.77,12.67,1.547,5877914.85,3459958.32,4668936.58,4454073.3,4748959.72,5030351.03,3735149.26,2.9
DC-3866,9.18,air-cooled,78.6,0.0994,174.84,1.587,11491400.62,12.49,1.147,4514036.06,2406497.76,3460266.91,3171530.73,3389281.48,3629041.33,2768213.53,3.0
DC-3867,21.23,air-cooled,58.5,0.13,216.37,1.596,10490526.9,12.72,2.7,11201633.1,7010388.0,9106010.55,8558503.04,9057548.58,9626072.97,7284808.44,2.6
DC-3868,61.74,air-cooled,87.2,0.0859,168.14,1.724,11242374.82,12.37,7.637,28986905.03,15409022.16,22197963.6,20379541.83,21754471.63,23286935.37,17758370.88,3.1
DC-3869,18.39,air-cooled,89.2,0.1146,205.01,1.549,11264337.09,12.07,2.22,9009250.45,5461466.4,7235358.42,6987808.39,7405093.03,7865591.18,5788286.74,2.9
DC-3870,36.48,air-cooled,63.3,0.0689,187.3,1.67,10983921.1,12.74,4.648,16030130.4,10446844.8,13238487.6,12134815.31,12906074.78,13850421.49,10590790.08,3.1
DC-3871,5.41,hybrid,74.3,0.0933,196.1,1.269,13151381.15,8.53,0.461,1825418.47,1084825.2,1455121.84,1392228.71,1545305.72,1710092.42,1164097.47,4.2
DC-3872,18.66,air-cooled,79.7,0.1025,195.19,1.613,10942990.58,12.25,2.286,8869882.05,5354452.08,7112167.06,6789076.48,7242311.59,7720741.22,5689733.65,3.0
DC-3873,6.84,air-cooled,65.5,0.1419,150.73,1.564,9916692.84,12.62,0.863,3579577.58,1560959.88,2570268.73,2495939.84,2662350.41,2831182.66,2056214.98,3.0
DC-3874,5.05,hybrid,77.8,0.1338,183.83,1.266,14495356.4,8.29,0.419,1971417.51,924297.24,1447857.38,1374738.42,1504720.52,1660427.53,1158285.9,3.9
DC-3875,9.1,liquid-cooled,74.0,0.1089,180.07,1.071,18337759.84,2.09,0.19,968383.11,410559.6,689471.36,732315.95,1110310.1,1510675.97,551577.09,14.8
DC-3876,42.67,air-cooled,54.4,0.1346,167.01,1.543,10688520.36,12.28,5.24,21979556.62,10501588.8,16240572.71,15717504.74,16827309.45,17957454.8,12992458.17,3.0
DC-3877,35.16,air-cooled,77.5,0.1378,190.89,1.533,11510717.61,12.93,4.546,20040879.49,10413431.28,15227155.38,13732069.36,14626448.48,15493835.16,12181724.3,2.6
DC-3878,19.97,hybrid,58.8,0.1168,209.75,1.246,13588198.59,9.44,1.885,8095070.32,4744545.0,6419807.66,5552403.06,6083678.93,6713582.77,5135846.13,3.5
DC-3879,4.83,liquid-cooled,83.3,0.0923,143.9,1.079,16524960.79,2.54,0.123,558990.33,212396.4,385693.36,359704.42,544505.12,730836.23,308554.69,14.1
DC-3880,14.05,hybrid,63.9,0.1158,175.98,1.265,13515870.66,9.03,1.269,5439889.47,2679823.44,4059856.46,3637684.06,3992049.16,4415624.33,3247885.17,3.9
DC-3881,20.93,hybrid,70.1,0.118,165.31,1.267,13678144.43,8.92,1.867,8120068.82,3703605.24,5911837.03,5299531.11,5922231.97,6467532.87,4729469.62,4.0
DC-3882,18.92,air-cooled,88.5,0.0954,185.08,1.613,11080906.65,12.22,2.312,8809677.75,5134859.52,6972268.64,6625098.21,7045029.71,7551297.97,5577814.91,3.1
DC-3883,3.76,air-cooled,78.0,0.1273,179.12,1.587,10741252.04,12.62,0.475,1974425.27,1020984.0,1497704.64,1401805.96,1491182.38,1586888.0,1198163.71,2.8
DC-3884,8.07,air-cooled,59.0,0.1256,174.91,1.583,10506805.06,12.92,1.043,4251842.5,2189173.56,3220508.03,2970237.22,3166573.89,3360722.17,2576406.42,2.8
DC-3885,15.62,hybrid,59.8,0.1289,194.34,1.268,12470025.54,9.7,1.515,6367388.56,3533101.2,4950244.88,4280667.36,4744157.7,5231212.51,3960195.9,3.5
DC-3886,25.26,hybrid,64.8,0.1256,208.54,1.277,13893148.74,9.96,2.516,11302861.54,6296239.68,8799550.61,7080537.17,7845387.66,8583289.97,7039640.49,3.2
DC-3887,2.84,liquid-cooled,76.7,0.1346,223.92,1.09,18925033.79,2.28,0.065,356900.55,174657.6,265779.08,253418.88,396716.17,527055.5,212623.26,12.0
DC-3888,14.44,air-cooled,76.3,0.1164,172.91,1.661,11770062.05,12.75,1.841,7933294.73,3819927.72,5876611.22,5165517.75,5518137.11,5902269.31,4701288.98,2.8
DC-3889,18.44,air-cooled,61.9,0.124,156.69,1.549,11168551.04,12.01,2.215,9224336.47,4164820.2,6694578.34,6518205.74,6943888.16,7275379.2,5355662.67,3.1
DC-3890,32.45,air-cooled,58.0,0.112,192.39,1.564,10975776.49,12.88,4.18,16609368.45,9650282.4,13129825.42,11940019.09,12763879.8,13541736.59,10503860.34,2.8
DC-3891,28.63,hybrid,75.4,0.1083,208.16,1.244,13156554.93,8.16,2.336,9586644.12,5835141.12,7710892.62,7763045.3,8633557.1,9481619.47,6168714.1,4.2
DC-3892,26.21,hybrid,69.8,0.1468,196.21,1.228,13924189.86,9.02,2.364,11047995.89,5566085.28,8307040.59,7439651.6,8227614.13,9021624.85,6645632.47,3.5
DC-3893,8.67,air-cooled,97.9,0.0791,208.1,1.565,10385377.24,12.25,1.062,3602596.21,2652026.4,3127311.3,3078834.27,3275826.39,3480446.39,2501849.04,3.1
DC-3894,3.57,air-cooled,72.4,0.1375,180.62,1.579,11307841.25,12.75,0.455,2008715.4,986185.2,1497450.3,1368710.26,1456177.4,1545955.59,1197960.24,2.7
DC-3895,12.01,air-cooled,93.8,0.1076,174.86,1.527,10986681.58,12.59,1.512,5867767.1,3172659.84,4520213.47,4263296.12,4547341.63,4824953.71,3616170.78,3.0
DC-3896,36.65,air-cooled,58.0,0.105,185.73,1.666,10211970.33,12.75,4.673,17765407.37,10414995.48,14090201.42,13211131.4,14071237.96,14861828.18,11272161.14,2.9
DC-3897,50.14,liquid-cooled,53.1,0.1252,179.04,1.065,17788886.05,4.53,2.271,11630078.66,4879198.08,8254638.37,4119019.99,6329760.69,8551195.62,6603710.7,6.8
DC-3898,29.03,air-cooled,58.6,0.0902,193.95,1.594,11322683.45,12.47,3.62,13667868.08,8425188.0,11046528.04,10195367.64,10894762.09,11657884.73,8837222.43,3.0
DC-3899,23.18,hybrid,86.3,0.1037,198.55,1.239,13632768.52,9.68,2.244,9323879.65,5346554.4,7335217.02,6126515.45,6761923.38,7522972.57,5868173.62,3.6
DC-3900,22.28,hybrid,93.1,0.103,199.72,1.241,12186332.21,9.61,2.141,8195326.87,5131206.24,6663266.56,5902528.32,6560782.28,7215877.76,5330613.25,3.8
DC-3901,10.54,hybrid,62.6,0.1156,191.66,1.248,12318266.21,9.91,1.045,4181240.6,2403416.4,3292328.5,2796151.26,3091216.68,3430916.41,2633862.8,3.6
DC-3902,14.82,air-cooled,66.5,0.1039,187.69,1.514,11286968.32,12.03,1.783,6929100.8,4015815.24,5472458.02,5311824.38,5674364.31,6066519.73,4377966.42,3.0
DC-3903,62.51,hybrid,58.0,0.152,195.92,1.223,13191844.27,9.85,6.157,28075734.73,14475353.28,21275544.0,17821503.31,19632856.76,21688895.36,17020435.2,3.3
DC-3904,7.74,air-cooled,50.3,0.1559,154.56,1.551,10926784.85,12.65,0.979,4450876.94,1815770.88,3133323.91,2938626.93,3112839.62,3301845.66,2506659.13,2.8
DC-3905,59.85,air-cooled,80.6,0.0796,187.16,1.608,10487726.17,12.92,7.733,26693216.25,17367699.36,22030457.8,20298999.09,21630299.84,23104967.57,17624366.24,3.1
DC-3906,12.71,air-cooled,74.7,0.1309,184.79,1.549,11209893.34,13.0,1.652,7049581.13,3663276.96,5356429.04,4810671.27,5140953.79,5430609.08,4285143.23,2.7
DC-3907,47.48,air-cooled,72.1,0.1372,187.2,1.526,10792829.49,12.46,5.916,25039252.43,13289702.4,19164477.42,18398043.55,19476454.66,20858981.55,15331581.94,2.8
DC-3908,5.34,air-cooled,55.2,0.1309,182.69,1.662,10762140.25,12.41,0.663,2849159.98,1453481.64,2151320.81,2026291.61,2155715.72,2281163.66,1721056.65,2.8
DC-3909,26.28,air-cooled,91.7,0.1068,190.48,1.578,10685318.76,12.26,3.222,12407411.58,7364718.72,9886065.15,9642768.56,10232950.22,10892815.99,7908852.12,3.0
DC-3910,9.12,liquid-cooled,66.0,0.1151,175.38,1.082,19103591.2,3.46,0.316,1686238.29,665040.96,1175639.62,762914.49,1140305.06,1514439.0,940511.7,8.7
DC-3911,5.3,air-cooled,78.4,0.105,200.94,1.526,11247264.38,12.94,0.686,2677462.72,1654138.08,2165800.4,1954813.75,2084314.63,2218063.13,1732640.32,2.8
DC-3912,19.59,hybrid,54.5,0.1116,191.1,1.21,12790379.72,9.76,1.912,7696224.4,4384598.4,6040411.4,5157944.85,5678102.58,6304523.34,4832329.12,3.6
DC-3913,36.88,liquid-cooled,69.7,0.0958,186.26,1.087,17379586.04,4.42,1.63,7782189.4,3643245.6,5712717.5,2895605.21,4354051.82,6043408.28,4570174.0,7.3
DC-3914,8.36,air-cooled,75.5,0.1177,173.54,1.549,11178432.05,12.07,1.009,4117926.32,2101222.32,3109574.32,3016702.75,3211708.58,3442201.95,2487659.46,3.0
DC-3915,4.96,hybrid,75.9,0.0899,196.23,1.243,12782688.63,8.32,0.413,1577449.29,972515.88,1274982.58,1273332.38,1404804.38,1559913.03,1019986.06,4.4
DC-3916,15.28,air-cooled,73.9,0.116,187.1,1.639,10814926.15,12.58,1.922,7820239.68,4315274.4,6067757.04,5664676.7,5989437.17,6384373.34,4854205.63,2.8
DC-3917,15.33,air-cooled,77.9,0.095,172.67,1.606,11027807.57,12.48,1.913,7244793.28,3963812.52,5604302.9,5222619.09,5569976.08,5953836.13,4483442.32,3.1
DC-3918,25.5,air-cooled,58.4,0.1241,183.15,1.449,10800358.53,12.4,3.162,12569932.61,6949443.6,9759688.1,9561122.19,10173338.2,10746543.52,7807750.48,2.9
DC-3919,35.15,liquid-cooled,74.4,0.1064,193.44,1.067,18487676.64,3.35,1.178,6011198.38,2734467.84,4372833.11,2977937.81,4546266.23,5905948.67,3498266.49,9.0
DC-3920,15.68,air-cooled,73.4,0.1258,192.27,1.587,10651205.11,12.45,1.952,8034082.92,4503732.48,6268907.7,5983736.89,6352095.61,6765838.57,5015126.16,2.8
DC-3921,72.56,hybrid,74.8,0.1416,191.31,1.272,13412690.02,9.31,6.755,30792038.85,15507588.6,23149813.72,20234168.98,22402115.41,24545498.03,18519850.98,3.5
DC-3922,19.68,air-cooled,72.9,0.1518,185.39,1.586,11082013.43,12.66,2.491,11388059.11,5541677.88,8464868.49,7831408.79,8332743.1,8807049.68,6771894.79,2.6
DC-3923,12.46,liquid-cooled,56.7,0.0694,199.39,1.105,17471111.61,4.54,0.566,2577704.01,1354256.88,1965980.44,996772.14,1529421.54,2038209.57,1572784.35,7.1
DC-3924,4.53,air-cooled,56.2,0.1033,202.57,1.541,10767837.77,12.81,0.58,2196643.32,1409887.2,1803265.26,1678013.5,1785982.16,1893916.52,1442612.21,2.8
DC-3925,13.33,hybrid,45.4,0.1139,195.06,1.232,12533901.25,10.55,1.406,5644466.63,3291052.32,4467759.47,3913467.19,4326183.64,4725617.15,3574207.58,3.4
DC-3926,12.56,hybrid,81.8,0.1292,175.19,1.203,13139921.35,8.23,1.034,4427100.26,2173757.52,3300428.89,3333310.79,3698449.86,4077296.45,2640343.11,4.3
DC-3927,35.45,hybrid,81.9,0.087,168.13,1.277,13039707.94,9.96,3.531,13668289.55,7124004.36,10396146.96,8547933.34,9474642.91,10531545.88,8316917.57,3.8
DC-3928,23.81,liquid-cooled,82.1,0.1004,175.84,1.097,16602346.83,3.72,0.886,4123644.5,1869530.88,2996587.69,1897786.5,2840895.63,3905858.86,2397270.15,8.9
DC-3929,6.4,hybrid,75.7,0.1226,213.3,1.267,13122540.88,9.12,0.584,2497679.11,1494806.4,1996242.76,1799019.27,1993697.41,2170381.33,1596994.21,3.6
DC-3930,18.87,air-cooled,46.4,0.1217,188.23,1.528,11559109.87,13.0,2.453,10296908.2,5540738.28,7918823.24,7428946.17,7964433.42,8491600.82,6335058.59,2.7
DC-3931,28.14,air-cooled,59.7,0.1276,215.9,1.547,10050882.2,12.5,3.518,13940880.09,9114434.4,11527657.24,11256840.96,11923086.4,12631554.54,9222125.79,2.7
DC-3932,55.84,air-cooled,74.0,0.1289,182.2,1.559,10406855.47,12.65,7.064,28771680.65,15444729.6,22108205.12,20983218.2,22377346.66,23717672.8,17686564.1,2.8
DC-3933,33.45,air-cooled,73.6,0.1268,180.12,1.527,10813419.99,12.74,4.262,17470470.56,9212057.28,13341263.92,12465179.47,13308188.49,14077413.05,10673011.14,2.8
DC-3934,30.23,air-cooled,69.3,0.1239,182.89,1.644,11316919.3,12.28,3.712,15958665.19,8146652.16,12052658.68,11333548.06,12032682.3,12780915.94,9642126.94,2.8
DC-3935,17.25,air-cooled,76.4,0.1211,182.62,1.603,11094645.13,12.47,2.151,8961059.12,4713787.44,6837423.28,6388060.56,6787716.34,7207037.03,5469938.62,2.8
DC-3936,22.44,air-cooled,72.1,0.1333,172.4,1.591,10782209.15,12.04,2.702,11493956.49,5589897.6,8541927.04,8378977.2,8904210.35,9475279.08,6833541.63,3.0
DC-3937,44.68,liquid-cooled,73.4,0.0752,166.77,1.096,18293191.49,2.65,1.184,5667980.69,2369468.16,4018724.42,3408396.94,5116201.58,6999021.26,3214979.54,12.5
DC-3938,5.66,air-cooled,64.3,0.1509,191.52,1.556,10888688.77,12.2,0.691,3093303.04,1588083.84,2340693.44,2268150.47,2404310.81,2551052.11,1872554.75,2.7
DC-3939,12.43,liquid-cooled,83.8,0.0759,199.82,1.031,17417491.62,2.12,0.264,1202796.96,633029.76,917913.36,988904.96,1517243.39,2028085.18,734330.69,15.2
DC-3940,8.86,air-cooled,66.8,0.0984,220.67,1.573,11408084.16,12.53,1.11,4319044.02,2939324.4,3629184.21,3367169.27,3565500.63,3778127.94,2903347.37,2.7
DC-3941,22.27,hybrid,56.0,0.1155,177.49,1.266,14727478.67,9.39,2.091,9521758.51,4453579.08,6987668.8,5749280.78,6434036.61,7036813.74,5590135.04,3.6
DC-3942,44.0,hybrid,62.7,0.1335,178.71,1.227,13531213.58,9.55,4.202,18664711.57,9011273.04,13837992.3,11869362.09,13107030.82,14372265.42,11070393.84,3.6
DC-3943,10.2,air-cooled,67.8,0.0601,172.43,1.446,11033276.84,12.08,1.232,3958568.27,2549205.12,3253886.7,3291621.71,3465701.5,3663811.96,2603109.36,3.5
DC-3944,2.43,air-cooled,83.9,0.1194,200.89,1.649,11345876.93,12.1,0.294,1248343.89,708739.92,978541.9,936672.74,991462.32,1048097.43,782833.52,2.8
DC-3945,11.83,air-cooled,71.5,0.1358,196.22,1.546,10736663.12,12.82,1.517,6409414.67,3571988.88,4990701.78,4645463.79,4923285.11,5229234.96,3992561.42,2.7
DC-3946,34.15,air-cooled,69.8,0.1399,170.85,1.568,9930488.54,12.78,4.364,18016323.91,8947072.8,13481698.36,12920404.62,13717419.85,14597353.01,10785358.69,2.8
DC-3947,25.28,liquid-cooled,57.0,0.1061,170.47,1.074,19124747.71,4.47,1.13,5930418.76,2311573.2,4120995.98,1993644.0,3020718.67,4171244.01,3296796.78,6.9
DC-3948,23.16,hybrid,81.4,0.114,198.29,1.249,13652445.01,9.49,2.198,9410029.31,5230097.04,7320063.18,6242873.39,6926842.85,7580526.47,5856050.54,3.6
DC-3949,13.14,air-cooled,64.2,0.1077,189.75,1.684,11305594.41,12.89,1.694,6947309.95,3857238.0,5402273.98,4773531.2,5093673.59,5422792.52,4321819.18,2.7
DC-3950,5.91,air-cooled,70.8,0.1121,195.38,1.686,11393768.84,12.74,0.753,3153258.2,1765453.68,2459355.94,2187109.97,2342249.69,2487271.93,1967484.75,2.7
DC-3951,24.83,air-cooled,89.8,0.0994,170.76,1.634,10715228.64,12.55,3.116,11853131.93,6385057.92,9119094.93,8477273.67,9099444.32,9708796.02,7295275.94,3.1
DC-3952,8.44,air-cooled,78.1,0.1022,155.83,1.629,11490008.49,12.88,1.087,4360754.11,2032646.52,3196700.32,2790264.7,3011871.9,3237520.55,2557360.26,3.0
DC-3953,94.38,hybrid,52.5,0.1287,170.88,1.278,13467631.04,9.84,9.287,41175209.42,19043550.72,30109380.07,24756651.35,27356908.45,29992877.27,24087504.06,3.5
DC-3954,25.96,air-cooled,50.8,0.1226,194.32,1.494,11401705.42,12.76,3.312,13705825.9,7723054.08,10714439.99,9843246.6,10461012.02,11171018.9,8571551.99,2.7
DC-3955,10.33,air-cooled,71.2,0.1298,215.67,1.581,11004296.27,12.43,1.284,5448104.52,3323043.36,4385573.94,4130567.81,4402551.39,4682383.18,3508459.15,2.6
DC-3956,10.08,air-cooled,57.4,0.1243,177.56,1.535,11152542.45,12.47,1.257,5216242.22,2678315.04,3947278.63,3738707.47,3956275.33,4188389.04,3157822.9,2.9
DC-3957,15.27,air-cooled,79.8,0.1341,218.14,1.678,10837352.55,12.98,1.982,8680117.5,5188241.76,6934179.63,6256895.3,6610306.26,6998548.97,5547343.7,2.5
DC-3958,13.58,hybrid,72.5,0.1376,196.45,1.284,13792332.93,8.04,1.092,5037030.9,2574280.8,3805655.85,3796614.9,4207526.61,4629842.59,3044524.68,4.0
DC-3959,40.18,air-cooled,74.0,0.0852,163.1,1.688,11423411.33,12.27,4.93,18726003.67,9648996.0,14187499.84,12992324.1,13989144.78,15057510.6,11349999.87,3.2
DC-3960,19.09,liquid-cooled,63.5,0.1029,187.21,1.082,18230455.93,2.04,0.389,1955320.78,873896.28,1414608.53,1619517.44,2382375.9,3200060.86,1131686.82,15.2
DC-3961,9.16,liquid-cooled,92.9,0.1154,196.96,1.099,18104794.77,3.63,0.333,1709712.32,787052.16,1248382.24,793867.82,1143811.65,1587857.26,998705.79,8.3
DC-3962,74.62,air-cooled,98.0,0.1195,147.62,1.659,11108748.2,12.24,9.133,38406868.75,16178561.52,27292715.14,25526099.34,27246893.47,29195425.39,21834172.11,3.1
DC-3963,17.11,air-cooled,68.7,0.1066,193.67,1.586,10843472.33,12.51,2.14,8326082.37,4973445.6,6649763.98,6264422.69,6692998.5,7079177.43,5319811.18,2.9
DC-3964,30.42,hybrid,76.2,0.1382,201.59,1.269,12441624.27,8.61,2.619,11264574.09,6335570.52,8800072.3,8569894.59,9434360.19,10367519.73,7040057.84,3.9
DC-3965,10.11,liquid-cooled,73.2,0.1596,189.98,1.062,18865934.96,2.6,0.263,1493105.69,599576.88,1046341.28,886217.34,1398366.77,1804359.44,837073.02,10.9
DC-3966,21.99,hybrid,68.9,0.1237,183.07,1.245,13654370.14,8.07,1.775,7780537.51,3899391.0,5839964.26,5903182.25,6552353.74,7134811.43,4671971.41,4.2
DC-3967,21.09,air-cooled,62.0,0.1217,181.41,1.585,10448277.29,12.01,2.533,10161370.69,5514138.36,7837754.52,7724301.12,8297486.07,8861344.25,6270203.62,3.0
DC-3968,3.63,liquid-cooled,59.0,0.137,180.53,1.063,16426679.53,2.27,0.082,403940.26,177641.52,290790.89,315007.24,469758.89,619550.71,232632.71,14.0
DC-3969,82.45,air-cooled,58.4,0.0827,166.36,1.568,11255862.73,12.05,9.935,36136014.81,19833439.2,27984727.01,26975207.04,28948863.2,30848082.47,22387781.61,3.3
DC-3970,46.18,hybrid,76.9,0.1206,173.69,1.241,13395362.69,9.21,4.253,18236052.36,8864442.84,13550247.6,11997708.98,13367257.71,14616902.91,10840198.08,3.8
DC-3971,11.97,liquid-cooled,65.8,0.1396,177.75,1.079,16981082.79,4.08,0.488,2485422.42,1040904.0,1763163.21,1048890.07,1562130.25,2058231.41,1410530.57,7.6
DC-3972,6.81,air-cooled,41.1,0.1071,185.7,1.603,11383824.35,14.48,0.986,3977195.59,2197202.4,3087199.0,2807618.34,2984561.92,3183555.84,2469759.2,2.5
DC-3973,21.72,liquid-cooled,77.3,0.0955,175.65,1.052,18776458.15,4.14,0.899,4542312.95,1894912.2,3218612.58,1780548.15,2645099.93,3480480.65,2574890.06,7.6
DC-3974,17.63,air-cooled,71.5,0.1163,170.96,1.575,10685064.85,12.62,2.225,8853386.15,4564632.0,6709009.08,6303217.7,6704938.62,7135725.64,5367207.26,3.0
DC-3975,21.86,liquid-cooled,88.2,0.1188,195.4,1.101,17947509.6,2.64,0.577,2962394.71,1352949.6,2157672.16,1859422.07,2895911.8,3774861.17,1726137.73,11.4
DC-3976,19.17,air-cooled,76.5,0.1018,189.56,1.477,11146986.75,12.92,2.477,9398356.02,5634481.44,7516418.73,6897781.58,7334958.89,7803609.48,6013134.98,2.9
DC-3977,24.66,liquid-cooled,54.3,0.1619,175.91,1.055,19167170.02,3.67,0.905,5208834.78,1910382.6,3559608.69,2103558.99,3289453.86,4378580.57,2847686.95,7.8
DC-3978,52.34,air-cooled,45.2,0.1104,191.59,1.577,11406015.48,13.88,7.265,29494396.98,16702816.2,23098606.59,20795745.9,22160675.97,23464786.29,18478885.27,2.5
DC-3979,25.91,hybrid,63.4,0.0969,177.2,1.197,14060682.51,9.06,2.347,9718134.61,4990660.8,7354397.7,6510524.79,7196121.73,7964508.5,5883518.16,4.0
DC-3980,7.1,air-cooled,64.5,0.1181,184.95,1.67,11324703.73,12.8,0.909,3858077.2,2017434.6,2937755.9,2620999.0,2788629.5,2960452.79,2350204.72,2.7
DC-3981,48.91,air-cooled,83.3,0.1382,198.63,1.543,10998689.77,12.03,5.884,25372740.37,14024867.04,19698803.7,19280499.34,20603518.97,21836871.52,15759042.96,2.8
DC-3982,61.1,air-cooled,71.9,0.1203,174.94,1.568,11325985.04,12.9,7.882,32862326.97,16546524.96,24704425.96,22368502.83,23654667.83,25203296.15,19763540.77,2.8
DC-3983,204.72,hybrid,85.6,0.1297,166.41,1.323,13207588.66,8.27,16.93,75138307.13,33807855.6,54473081.36,53087706.04,58512219.34,65103308.02,43578465.09,4.2
DC-3984,6.69,air-cooled,56.1,0.1026,181.82,1.497,11057907.43,12.21,0.817,3106871.62,1782563.28,2444717.45,2355025.37,2510177.02,2668688.28,1955773.96,3.1
DC-3985,19.97,hybrid,83.6,0.1498,163.55,1.271,13129358.98,9.83,1.963,9001341.48,3852583.8,6426962.64,5362721.27,5910322.11,6475616.14,5141570.11,3.5
DC-3986,3.11,air-cooled,80.7,0.1312,179.84,1.624,10348719.14,12.72,0.396,1649814.43,854599.68,1252207.06,1177362.82,1247769.82,1322048.75,1001765.65,2.8
DC-3987,25.6,liquid-cooled,47.8,0.141,179.79,1.083,16500704.1,3.06,0.783,3918524.61,1689306.84,2803915.72,2606327.39,3748034.62,4757698.36,2243132.58,10.3
DC-3988,10.61,air-cooled,87.9,0.1273,147.04,1.582,10905658.59,12.83,1.361,5699383.24,2401457.28,4050420.26,3707130.84,3976807.36,4250036.26,3240336.21,2.9
DC-3989,76.61,air-cooled,73.1,0.1365,191.96,1.585,11505168.55,12.58,9.638,42907913.6,22201325.76,32554619.68,29840125.86,31826195.68,33753793.61,26043695.74,2.6
DC-3990,8.85,air-cooled,76.7,0.1025,181.26,1.548,11699918.03,12.1,1.071,4273216.08,2329553.52,3301384.8,3124566.66,3328142.54,3555382.76,2641107.84,3.0
DC-3991,4.26,air-cooled,61.6,0.1102,201.73,1.639,10043545.59,12.04,0.513,1956638.92,1241849.88,1599244.4,1590525.24,1698526.59,1813472.48,1279395.52,3.0
DC-3992,11.28,air-cooled,87.3,0.1469,187.23,1.638,10143785.24,12.95,1.461,6372918.48,3282516.36,4827717.42,4440850.47,4715060.16,4989634.46,3862173.94,2.6
DC-3993,3.39,air-cooled,57.8,0.1512,195.03,1.501,12004635.04,12.72,0.431,2006645.14,1008695.16,1507670.15,1378729.75,1455663.38,1542793.72,1206136.12,2.5
DC-3994,29.99,liquid-cooled,82.0,0.0971,201.85,1.094,16756781.51,3.07,0.921,4286593.03,2230846.2,3258719.62,2599379.11,3894254.01,5140106.47,2606975.7,10.4
DC-3995,3.15,hybrid,81.8,0.125,182.02,1.208,14736442.07,9.75,0.307,1411440.15,670561.68,1041000.92,837248.51,924074.96,1017714.26,832800.74,3.4
DC-3996,16.82,hybrid,60.3,0.1114,183.99,1.245,12581407.96,8.88,1.494,5992163.76,3298572.72,4645368.24,4358615.39,4858669.57,5331339.57,3716294.59,4.1
DC-3997,3.12,air-cooled,95.8,0.1061,160.4,1.653,10321229.6,12.05,0.376,1440066.57,723724.8,1081895.68,1069987.0,1138047.46,1211997.86,865516.54,3.2
DC-3998,12.73,hybrid,74.8,0.1257,202.59,1.238,13169381.59,9.23,1.175,5040433.52,2856519.0,3948476.26,3516993.89,3915991.38,4294049.65,3158781.01,3.6
DC-3999,61.23,air-cooled,79.8,0.1428,181.81,1.528,11209050.45,12.48,7.642,33642514.8,16672704.24,25157609.52,23719784.01,25150616.59,26689809.17,20126087.62,2.7
DC-4000,21.94,hybrid,53.7,0.129,168.91,1.318,12855961.55,9.3,2.04,8866397.05,4134916.8,6500656.93,5752900.2,6350366.0,6991197.46,5200525.54,3.8
DC-4001,8.24,air-cooled,97.4,0.1136,195.1,1.567,10262234.53,12.36,1.018,3908992.42,2383341.6,3146167.01,3070330.68,3275203.62,3477599.17,2516933.61,2.9
DC-4002,16.04,air-cooled,57.3,0.1303,151.3,1.578,11496980.18,12.77,2.048,8921206.52,3718348.8,6319777.66,5675534.14,6062143.14,6451999.94,5055822.13,2.9
DC-4003,16.68,air-cooled,84.3,0.1128,177.56,1.596,11821361.52,12.85,2.143,9009218.1,4566132.96,6787675.53,6002562.94,6389721.88,6829130.63,5430140.42,2.8
DC-4004,24.0,liquid-cooled,60.1,0.1282,197.62,1.06,17114239.57,2.53,0.607,3031102.01,1439464.08,2235283.04,2070166.15,3083941.9,4138846.09,1788226.43,12.1
DC-4005,5.51,air-cooled,64.6,0.1479,177.43,1.656,10896109.54,12.7,0.7,3196814.53,1490412.0,2343613.26,2146895.79,2283734.38,2419127.87,1874890.61,2.6
DC-4006,26.42,hybrid,81.5,0.0785,173.23,1.249,13477047.17,9.63,2.544,9804033.4,5288365.44,7546199.42,6319491.12,7075437.02,7862005.73,6036959.54,3.9
DC-4007,1.89,air-cooled,84.3,0.1359,177.76,1.614,10748725.93,12.45,0.235,1012861.03,501283.2,757072.12,715610.48,762716.13,810252.03,605657.7,2.8
DC-4008,9.94,hybrid,56.7,0.0892,153.85,1.282,12928053.9,8.89,0.884,3425186.54,1632040.8,2528613.67,2349288.75,2616320.89,2874522.09,2022890.94,4.4
DC-4009,11.13,liquid-cooled,85.1,0.1446,194.73,1.068,17347884.85,2.0,0.223,1161365.46,521097.48,841231.47,984033.0,1467404.4,2009555.56,672985.18,14.9
DC-4010,27.29,air-cooled,84.5,0.1073,182.16,1.541,10929831.67,12.65,3.452,13384478.78,7545795.84,10465137.31,9756197.02,10440068.47,11123373.23,8372109.85,2.9
DC-4011,16.75,air-cooled,60.7,0.0956,179.92,1.605,11478424.13,12.55,2.102,8187033.13,4538302.08,6362667.6,5774370.35,6205563.6,6623041.6,5090134.08,3.0
DC-4012,5.34,liquid-cooled,91.2,0.1339,179.97,1.098,17440294.29,2.48,0.132,681586.68,285072.48,483329.58,452954.79,689619.58,912071.71,386663.66,12.4
DC-4013,7.48,air-cooled,54.5,0.1273,184.21,1.618,10826959.05,12.22,0.914,3848214.53,2020415.28,2934314.9,2814127.09,3000443.57,3177797.95,2347451.92,2.9
DC-4014,19.28,air-cooled,64.5,0.1,193.8,1.55,10979554.93,12.57,2.423,9201829.75,5634928.8,7418379.28,6965024.25,7387376.3,7874254.82,5934703.42,2.9
DC-4015,15.44,hybrid,77.7,0.0949,183.22,1.256,13475477.41,9.98,1.541,6223626.65,3388104.24,4805865.44,3872035.42,4318358.57,4760222.48,3844692.35,3.6
DC-4016,10.35,hybrid,61.8,0.1163,163.58,1.251,12913263.42,9.67,1.001,4148262.0,1964922.96,3056592.48,2630448.5,2920924.24,3205656.71,2445273.98,3.8
DC-4017,11.19,air-cooled,75.2,0.0959,192.63,1.531,10992777.34,12.51,1.4,5220611.22,3236184.0,4228397.61,4003570.03,4271995.04,4536700.9,3382718.09,3.0
DC-4018,28.7,hybrid,74.9,0.0988,191.48,1.275,13624449.78,9.0,2.583,10670767.44,5935114.08,8302940.76,7398767.58,8254843.55,9094496.79,6642352.61,3.9
DC-4019,10.87,air-cooled,69.8,0.1223,187.08,1.597,10874644.42,12.73,1.384,5712502.08,3107024.64,4409763.36,4030428.52,4329614.88,4610634.4,3527810.69,2.8
DC-4020,15.33,air-cooled,82.0,0.1007,200.13,1.664,11145926.07,12.52,1.919,7569956.27,4608593.64,6089274.96,5609933.42,5949611.49,6276019.04,4871419.97,2.8
DC-4021,93.31,hybrid,69.3,0.1285,184.46,1.229,13003341.43,9.82,9.163,39154118.14,20282483.76,29718300.95,24997054.72,27722716.89,30558634.9,23774640.76,3.5
DC-4022,5.26,air-cooled,74.8,0.1498,200.67,1.568,11575772.02,12.76,0.671,3106729.09,1615794.84,2361261.96,2153899.63,2275083.47,2392157.16,1889009.57,2.5
DC-4023,3.74,air-cooled,85.8,0.117,205.11,1.609,11051350.42,12.98,0.485,1990901.69,1193740.2,1592320.94,1430127.8,1523123.64,1627669.56,1273856.75,2.6
DC-4024,30.78,hybrid,81.5,0.1226,192.73,1.291,14753957.93,8.01,2.465,11499620.22,5700953.4,8600286.81,8272042.96,9128534.38,10130143.77,6880229.45,4.0
DC-4025,9.56,liquid-cooled,81.4,0.1604,172.78,1.06,17803014.13,4.81,0.46,2504992.38,953745.6,1729368.99,828531.5,1284218.16,1683793.63,1383495.19,6.2
DC-4026,12.75,liquid-cooled,58.2,0.0962,182.04,1.087,18391556.69,4.17,0.532,2661617.57,1162143.36,1911880.46,1027201.98,1561340.4,2077988.5,1529504.37,7.5
DC-4027,8.8,liquid-cooled,78.3,0.1438,202.58,1.079,17559336.65,4.84,0.426,2241304.5,1035588.96,1638446.73,780951.84,1188803.11,1577251.69,1310757.38,6.0
DC-4028,13.36,liquid-cooled,61.5,0.1414,161.54,1.077,17151416.86,3.71,0.496,2552151.68,961486.08,1756818.88,1123654.71,1703964.19,2257531.97,1405455.1,8.6
DC-4029,59.08,air-cooled,56.6,0.1371,178.12,1.598,10707860.07,12.47,7.367,31668641.27,15746520.48,23707580.88,22568339.05,23894436.98,25336701.01,18966064.7,2.8
DC-4030,31.24,air-cooled,71.1,0.1458,178.86,1.642,10788393.78,12.62,3.942,17717698.91,8460793.44,13089246.18,12148173.87,12870676.02,13690164.17,10471396.94,2.7
DC-4031,32.78,hybrid,61.1,0.1256,171.02,1.25,14382973.61,8.29,2.717,12420864.28,5575936.08,8998400.18,8586172.66,9491469.15,10445012.48,7198720.14,4.1
DC-4032,5.3,air-cooled,81.5,0.1083,197.09,1.559,10679950.56,12.04,0.638,2457804.48,1508921.04,1983362.76,1974250.54,2096838.95,2235075.29,1586690.21,3.0
DC-4033,6.55,hybrid,81.8,0.1419,189.65,1.241,13099546.63,8.71,0.571,2543021.57,1299481.8,1921251.68,1821825.43,2005939.23,2223959.7,1537001.34,3.8
DC-4034,1.7,hybrid,49.2,0.1427,173.33,1.289,13637018.66,9.48,0.161,747324.26,334873.56,541098.91,462739.39,513315.29,562198.42,432879.13,3.5
DC-4035,8.61,air-cooled,62.1,0.1421,193.08,1.549,9897825.98,12.08,1.04,4292814.12,2409638.4,3351226.26,3410665.19,3605607.99,3841112.94,2680981.01,2.9
DC-4036,35.35,liquid-cooled,54.5,0.1209,181.62,1.102,17041637.65,2.38,0.841,4166432.71,1832909.04,2999670.88,2998540.44,4310043.26,5902637.13,2399736.7,13.3
DC-4037,24.87,air-cooled,66.4,0.1057,170.65,1.551,11337665.83,12.27,3.052,12072496.78,6249885.6,9161191.19,8600184.93,9248350.16,9853385.8,7328952.95,3.1
DC-4038,13.77,air-cooled,77.5,0.1238,173.31,1.582,10148980.75,12.3,1.694,6726855.49,3523045.68,5124950.58,5033143.4,5354783.79,5737224.16,4099960.46,3.0
DC-4039,16.15,liquid-cooled,69.1,0.1388,190.54,1.085,17773044.21,4.44,0.717,3777732.37,1639406.16,2708569.26,1426106.26,2101698.82,2846498.6,2166855.41,6.7
DC-4040,9.48,air-cooled,64.9,0.1405,198.09,1.504,10469651.99,12.21,1.158,4837756.28,2752658.64,3795207.46,3767548.35,3993500.53,4230730.45,3036165.97,2.8
DC-4041,19.37,air-cooled,87.6,0.1114,176.7,1.547,11333470.46,12.5,2.421,9752297.86,5133488.4,7442893.13,6965098.36,7405524.32,7881698.35,5954314.5,2.9
DC-4042,30.35,air-cooled,44.3,0.1263,192.17,1.654,10625189.2,13.76,4.176,17502112.56,9630023.04,13566067.8,12681928.76,13437159.22,14274366.01,10852854.24,2.5
DC-4043,4.51,hybrid,86.8,0.0938,207.73,1.26,13034807.95,8.78,0.396,1557052.54,987132.96,1272092.75,1199121.32,1312482.01,1445836.92,1017674.2,4.0
DC-4044,20.9,hybrid,65.5,0.1397,165.12,1.226,12271858.49,8.39,1.754,7414901.93,3475445.76,5445173.84,5502807.77,6100147.73,6740554.92,4356139.07,4.3
DC-4045,34.67,hybrid,71.1,0.1043,189.34,1.278,13818807.11,9.01,3.124,13241116.89,7097977.92,10169547.41,9090851.3,9982117.27,11108173.73,8135637.93,3.8
DC-4046,11.8,hybrid,65.7,0.1357,196.46,1.228,14196908.72,9.52,1.123,5182231.17,2647494.96,3914863.06,3270025.2,3640810.66,3990531.78,3131890.45,3.4
DC-4047,28.81,air-cooled,90.5,0.097,182.57,1.589,11415440.41,12.55,3.616,14055282.13,7922077.44,10988679.78,10088690.32,10789587.61,11436795.09,8790943.82,2.9
DC-4048,156.29,liquid-cooled,57.2,0.1406,202.57,1.099,18206701.48,3.88,6.064,32742711.15,14740613.76,23741662.46,14129193.71,21206751.16,27998189.47,18993329.97,7.4
DC-4049,15.13,liquid-cooled,72.1,0.1264,216.98,1.09,17312236.13,3.59,0.543,2744366.17,1413841.68,2079103.92,1357453.85,2001721.03,2718164.45,1663283.14,8.2
DC-4050,22.53,air-cooled,78.3,0.1044,189.15,1.575,12227261.04,12.3,2.771,11520642.87,6289615.8,8905129.33,8148022.62,8695594.03,9167047.34,7124103.46,2.8
DC-4051,9.11,air-cooled,52.7,0.1338,180.5,1.515,10257715.35,12.12,1.104,4476947.0,2391264.0,3434105.5,3446516.52,3678736.08,3893532.3,2747284.4,3.0
DC-4052,19.01,liquid-cooled,61.0,0.1082,198.65,1.101,16995695.77,4.51,0.857,4131069.36,2042916.6,3086992.98,1605656.02,2525974.78,3270813.62,2469594.38,6.9
DC-4053,23.77,liquid-cooled,70.2,0.135,196.63,1.075,17293681.93,4.42,1.051,5375166.54,2479897.56,3927532.05,2078967.81,3039480.22,4136904.83,3142025.64,6.8
DC-4054,19.22,liquid-cooled,61.4,0.1145,146.22,1.077,16927320.08,2.04,0.392,1898016.66,687818.88,1292917.77,1479041.84,2289617.09,3052097.63,1034334.22,16.7
DC-4055,7.27,liquid-cooled,62.2,0.0856,183.96,1.093,16459090.47,4.73,0.344,1540145.88,759386.88,1149766.38,581469.44,887576.36,1178183.02,919813.1,7.1
DC-4056,19.4,air-cooled,67.8,0.1004,178.08,1.604,10249676.94,12.17,2.361,8708384.18,5045362.56,6876873.37,6794578.86,7235287.91,7694121.05,5501498.7,3.2
DC-4057,52.97,hybrid,79.8,0.1114,189.95,1.227,13199493.23,9.32,4.937,20392801.06,11253397.8,15823099.43,14010593.66,15458036.31,16985821.07,12658479.54,3.8
DC-4058,23.54,air-cooled,67.9,0.1474,181.1,1.54,11153596.1,12.48,2.938,13124227.78,6384861.6,9754544.69,9222877.58,9786291.97,10378944.52,7803635.75,2.7
DC-4059,35.5,air-cooled,84.9,0.138,182.72,1.557,11039972.8,12.3,4.366,18929026.35,9573066.24,14251046.3,13666815.43,14520943.16,15432020.12,11400837.04,2.8
DC-4060,13.6,hybrid,60.0,0.1525,171.05,1.229,13438139.62,9.67,1.315,6085917.77,2699169.0,4392543.38,3728308.02,4104851.99,4501246.51,3514034.7,3.5
DC-4061,29.96,air-cooled,57.0,0.1531,195.02,1.593,11342053.91,12.11,3.628,16895298.26,8490390.72,12692844.49,12179299.05,12958608.1,13674383.56,10154275.59,2.7
DC-4062,20.56,hybrid,95.1,0.1093,208.83,1.213,14591482.98,9.18,1.887,8310273.38,4728746.52,6519509.95,5578543.72,6203206.26,6810854.92,5215607.96,3.5
DC-4063,7.69,air-cooled,64.1,0.1162,171.28,1.675,10794873.67,12.79,0.984,4038201.6,2022474.24,3030337.92,2747858.37,2931771.96,3122729.38,2424270.34,2.9
DC-4064,21.22,air-cooled,56.3,0.1118,163.04,1.636,10779829.0,12.63,2.68,10714006.46,5243366.4,7978686.43,7421298.87,7905519.07,8394753.32,6382949.14,3.0
DC-4065,7.44,air-cooled,51.1,0.1066,184.3,1.521,10776757.99,12.59,0.937,3574813.58,2072269.2,2823541.39,2688295.49,2863921.97,3019449.29,2258833.11,3.0
DC-4066,9.91,air-cooled,84.9,0.0832,183.57,1.554,10983103.15,12.06,1.195,4270086.95,2632393.8,3451240.38,3390010.4,3625197.33,3832660.95,2760992.3,3.2
DC-4067,19.13,air-cooled,67.9,0.1197,201.56,1.581,10330150.95,12.76,2.441,9650204.08,5904095.52,7777149.8,7318208.12,7806382.29,8283585.02,6221719.84,2.8
DC-4068,20.86,air-cooled,69.0,0.0943,165.56,1.653,10619807.38,12.41,2.589,9645183.84,5143618.08,7394400.96,6924515.9,7465261.47,7951984.8,5915520.77,3.2
DC-4069,6.35,liquid-cooled,70.1,0.1193,175.93,1.08,18033038.74,2.38,0.151,775538.32,318785.16,547161.74,538633.69,801447.9,1068541.92,437729.39,13.1
DC-4070,38.21,air-cooled,84.2,0.1623,151.78,1.521,10880526.22,12.91,4.933,22594982.1,8984768.88,15789875.49,14482910.74,15574056.99,16573613.28,12631900.39,2.7
DC-4071,25.99,air-cooled,69.8,0.1098,204.62,1.671,11104141.81,12.58,3.27,13324710.7,8029288.8,10676999.75,9791007.88,10431187.49,11062305.05,8541599.8,2.7
DC-4072,9.36,hybrid,98.0,0.1239,187.76,1.192,13167710.64,8.47,0.793,3346390.06,1786724.16,2566557.11,2497238.17,2785078.75,3070514.17,2053245.69,4.1
DC-4073,4.81,hybrid,73.6,0.1381,177.05,1.258,13816053.6,9.53,0.458,2103185.09,973066.8,1538125.94,1300225.88,1442841.31,1590483.83,1230500.75,3.5
DC-4074,14.64,air-cooled,84.7,0.1256,164.17,1.58,11272761.28,12.69,1.858,7884353.4,3660334.32,5772343.86,5297251.82,5630707.34,5966786.79,4617875.09,2.9
DC-4075,11.51,hybrid,81.7,0.1258,165.54,1.24,13646926.04,8.92,1.027,4517916.94,2040114.96,3279015.95,2973909.49,3300227.19,3625400.62,2623212.76,3.9
DC-4076,18.0,hybrid,71.6,0.1128,190.21,1.237,13170528.22,9.7,1.746,7244325.78,3985279.92,5614802.85,4726777.09,5254257.11,5764130.3,4491842.28,3.6
DC-4077,12.3,air-cooled,65.0,0.1154,167.39,1.509,10686032.92,12.58,1.547,6033498.2,3107427.96,4570463.08,4339837.67,4662031.42,4960893.88,3656370.46,3.0
DC-4078,3.3,air-cooled,76.0,0.1008,185.56,1.61,10795284.38,12.6,0.416,1589367.51,926315.52,1257841.52,1175673.11,1249230.24,1325158.55,1006273.22,3.0
DC-4079,12.05,liquid-cooled,78.1,0.1369,214.64,1.1,18946995.27,2.62,0.316,1747357.33,813914.88,1280636.1,1097456.47,1693963.28,2194591.81,1024508.88,10.6
DC-4080,12.88,hybrid,65.1,0.0852,178.79,1.246,13072101.52,9.05,1.166,4471453.8,2501629.68,3486541.74,3165141.73,3529343.47,3886998.17,2789233.39,4.2
DC-4081,27.3,hybrid,74.0,0.1394,169.58,1.238,13762802.88,8.15,2.225,10168643.63,4527786.0,7348214.82,7225738.49,8009099.27,8836827.17,5878571.86,4.2
DC-4082,9.41,air-cooled,86.8,0.0919,189.73,1.627,11108798.48,12.5,1.176,4443431.88,2677469.76,3560450.82,3303654.4,3515613.15,3753116.28,2848360.66,3.0
DC-4083,62.99,air-cooled,96.8,0.1393,165.61,1.611,11089365.25,12.98,8.176,36220948.4,16248328.32,26234638.36,23511796.25,25008539.94,26594136.88,20987710.69,2.7
DC-4084,3.56,hybrid,82.3,0.1129,209.8,1.233,13021700.57,8.35,0.297,1221606.49,747727.2,984666.84,975032.72,1086308.81,1189479.96,787733.47,4.1
DC-4085,46.94,air-cooled,94.4,0.0954,205.05,1.539,10424644.94,12.8,6.008,21645239.22,14783284.8,18214262.01,17128106.39,18197235.0,19382330.15,14571409.61,2.9
DC-4086,13.74,air-cooled,64.4,0.1316,181.54,1.645,11092063.83,12.06,1.657,7226649.9,3609741.36,5418195.63,5172141.49,5505171.65,5859703.05,4334556.5,2.9
DC-4087,32.71,hybrid,80.4,0.1386,170.54,1.265,12991863.11,9.12,2.983,13193697.83,6104649.84,9649173.84,8660390.99,9672738.23,10602492.13,7719339.07,3.8
DC-4088,17.53,air-cooled,88.1,0.1112,177.61,1.565,11223180.09,12.98,2.275,9142145.06,4848753.0,6995449.03,6270882.73,6699574.17,7166921.3,5596359.22,2.8
DC-4089,40.92,hybrid,61.2,0.1344,179.57,1.267,13709980.59,9.73,3.982,18071738.38,8580572.88,13326155.63,11069283.39,12243604.66,13417389.84,10660924.5,3.5
DC-4090,12.06,hybrid,66.2,0.0743,189.75,1.246,13367057.05,8.65,1.043,3944040.51,2374911.0,3159475.76,2999314.07,3337587.63,3635637.66,2527580.61,4.3
DC-4091,6.83,air-cooled,92.9,0.0936,199.59,1.592,10573335.78,12.93,0.883,3227337.0,2114855.64,2671096.32,2455317.51,2623305.62,2797290.78,2136877.06,2.9
DC-4092,51.23,hybrid,60.3,0.1458,168.45,1.262,14150840.83,9.44,4.836,23002278.24,9775490.4,16388884.32,13740731.97,15189326.85,16756600.0,13111107.46,3.5
DC-4093,15.02,air-cooled,55.9,0.1155,199.16,1.577,10564075.37,12.65,1.9,7491983.79,4540848.0,6016415.9,5663929.64,6047472.96,6391621.86,4813132.72,2.8
DC-4094,19.63,hybrid,90.3,0.0828,193.27,1.291,13996252.7,8.36,1.641,6640596.67,3805872.84,5223234.76,4979415.6,5507689.42,6064214.07,4178587.81,4.2
DC-4095,44.16,air-cooled,86.4,0.106,176.38,1.52,11258460.82,12.39,5.471,21409617.15,11579699.76,16494658.45,15602069.22,16583841.91,17742901.89,13195726.76,3.0
DC-4096,7.2,air-cooled,77.2,0.1015,167.7,1.624,10590919.81,12.03,0.866,3288635.95,1742738.4,2515687.17,2475258.35,2640697.81,2835283.61,2012549.74,3.2
DC-4097,26.48,hybrid,71.5,0.1167,185.74,1.287,12968201.68,8.51,2.253,9456995.44,5021666.64,7239331.04,6986560.14,7735322.09,8554620.72,5791464.83,4.1
DC-4098,10.26,air-cooled,66.7,0.1126,168.11,1.56,12168912.4,12.3,1.262,5354602.04,2545857.84,3950229.94,3606488.08,3851462.4,4126572.42,3160183.95,2.9
DC-4099,14.79,liquid-cooled,75.4,0.1236,199.36,1.099,16220868.49,4.39,0.649,3111672.24,1552615.68,2332143.96,1294949.82,1948332.46,2582334.63,1865715.17,7.1
DC-4100,17.42,air-cooled,91.0,0.1186,167.14,1.548,11438514.4,12.39,2.158,8956056.1,4328257.44,6642156.77,6239809.68,6637053.65,7050608.68,5313725.42,3.0
DC-4101,4.95,air-cooled,74.9,0.1472,192.22,1.493,10427481.23,12.43,0.615,2609075.84,1418583.6,2013829.72,1975932.32,2097721.33,2213661.38,1611063.78,2.8
DC-4102,8.82,air-cooled,98.0,0.1285,182.79,1.619,10739625.34,12.72,1.122,4722528.24,2461084.56,3591806.4,3320904.35,3551562.02,3761128.91,2873445.12,2.8
DC-4103,48.47,air-cooled,61.2,0.1292,175.59,1.581,12125089.26,12.71,6.161,27624860.81,12981719.88,20303290.34,17994900.64,19204613.64,20358946.11,16242632.27,2.7
DC-4104,33.41,air-cooled,71.8,0.1433,182.46,1.605,11319772.27,12.25,4.093,18542412.66,8961705.36,13752059.01,13047158.79,13838160.78,14694199.9,11001647.21,2.7
DC-4105,15.64,hybrid,67.5,0.1122,200.2,1.229,13700577.68,9.9,1.548,6582904.84,3718915.2,5150910.02,4185278.1,4638287.26,5104833.28,4120728.02,3.4
DC-4106,19.98,hybrid,59.0,0.0948,166.12,1.219,14320631.73,8.6,1.718,7206458.04,3424729.92,5315593.98,4861529.6,5457432.65,6017296.42,4252475.18,4.2
DC-4107,13.0,liquid-cooled,70.2,0.1441,177.82,1.062,17467141.82,2.62,0.341,1780758.83,727639.44,1254199.14,1169657.01,1691276.65,2277747.48,1003359.31,11.7
DC-4108,48.68,liquid-cooled,77.0,0.1227,172.72,1.068,17147548.52,3.26,1.587,7869152.63,3289279.68,5579216.16,4096740.74,6070200.01,8066182.0,4463372.93,9.8
DC-4109,14.01,air-cooled,78.3,0.1228,183.42,1.669,10983424.89,12.01,1.683,7129442.33,3704350.32,5416896.32,5207562.71,5542814.87,5921945.88,4333517.06,2.9
DC-4110,19.8,hybrid,98.0,0.1073,173.73,1.231,14368299.79,9.37,1.855,8069308.43,3867229.8,5968269.12,5008408.62,5530386.1,6105753.56,4774615.3,3.7
DC-4111,41.13,air-cooled,77.6,0.1077,157.48,1.517,10969871.13,12.9,5.306,20528732.66,10027066.56,15277899.61,13975644.86,14969327.42,15972922.07,12222319.69,3.0
DC-4112,8.83,hybrid,85.8,0.1369,168.17,1.267,14055972.14,8.92,0.788,3658677.31,1590215.52,2624446.42,2335789.32,2597288.18,2858632.56,2099557.14,3.8
DC-4113,57.23,air-cooled,72.8,0.1397,208.57,1.523,11513850.89,12.81,7.331,32420895.08,18348320.04,25384607.56,23187169.31,24571677.21,26067879.36,20307686.05,2.5
DC-4114,4.83,liquid-cooled,92.1,0.1357,187.7,1.094,18597472.69,3.87,0.187,1016016.72,421198.8,718607.76,421963.54,629089.53,845944.23,574886.21,7.6
DC-4115,60.56,hybrid,98.0,0.1359,187.19,1.261,13918855.97,9.25,5.602,25737153.36,12583660.56,19160406.96,16626485.26,18326107.73,20239970.12,15328325.57,3.6
DC-4116,12.21,liquid-cooled,78.4,0.1314,179.76,1.07,19037530.28,2.66,0.325,1775215.25,701064.0,1238139.62,1042991.79,1554198.57,2080182.94,990511.7,11.1
DC-4117,13.54,hybrid,60.1,0.1226,183.23,1.289,13438793.15,9.43,1.277,5581452.27,2807816.52,4194634.39,3591635.72,3984419.98,4395336.04,3355707.51,3.6
DC-4118,3.63,liquid-cooled,65.4,0.1165,177.55,1.103,18178039.79,3.22,0.117,604330.74,249280.2,426805.47,295346.07,454557.45,614107.15,341444.38,9.6
DC-4119,11.43,hybrid,75.4,0.1442,191.9,1.32,12853906.81,9.85,1.126,5093840.66,2592952.8,3843396.73,3237087.19,3531730.33,3904787.26,3074717.38,3.3
DC-4120,7.16,air-cooled,77.5,0.1125,185.51,1.55,10819352.46,12.52,0.896,3522915.69,1994603.52,2758759.6,2610260.05,2787180.93,2981427.04,2207007.68,2.9
DC-4121,10.11,air-cooled,80.4,0.1274,166.43,1.524,10582340.63,12.51,1.265,5126351.56,2526407.4,3826379.48,3665071.89,3937152.31,4166553.89,3061103.58,3.0
DC-4122,14.73,air-cooled,77.5,0.1039,187.81,1.556,9927474.0,12.03,1.772,6418751.96,3993591.84,5206171.9,5304838.34,5669457.27,5999927.55,4164937.52,3.2
DC-4123,35.38,air-cooled,72.1,0.1068,147.12,1.58,9827474.21,12.52,4.43,16223017.05,7820899.2,12021958.12,11754827.12,12563460.95,13461843.51,9617566.5,3.3
DC-4124,19.42,air-cooled,64.4,0.1153,190.21,1.561,11620126.19,12.29,2.387,9927303.78,5448375.24,7687839.51,7217532.13,7706972.89,8131124.72,6150271.61,2.8
DC-4125,21.03,air-cooled,76.8,0.1039,162.86,1.609,10906976.98,12.53,2.635,10245476.93,5149633.2,7697555.06,7134865.63,7652615.82,8159783.71,6158044.05,3.1
DC-4126,6.85,air-cooled,94.3,0.136,182.56,1.613,10330185.79,12.42,0.851,3588888.7,1864302.72,2726595.71,2627562.53,2794036.5,2950626.97,2181276.57,2.8
DC-4127,8.13,liquid-cooled,84.2,0.093,166.08,1.079,17345653.89,4.84,0.393,1860316.38,783233.28,1321774.83,623122.68,977756.24,1297084.91,1057419.86,6.9
DC-4128,69.34,liquid-cooled,78.4,0.122,184.04,1.089,17453357.22,3.75,2.6,13110135.76,5742048.0,9426091.88,5803860.26,8812539.72,11709555.38,7540873.5,8.3
DC-4129,9.13,air-cooled,84.4,0.1227,192.67,1.624,10962433.71,12.61,1.151,4813086.09,2661158.04,3737122.06,3486847.73,3697198.45,3909106.25,2989697.65,2.7
DC-4130,61.87,air-cooled,67.5,0.0838,206.54,1.598,11625400.78,12.84,7.944,29841596.44,19689045.12,24765320.78,22017046.68,23521703.97,24997767.8,19812256.62,2.8
DC-4131,13.54,air-cooled,65.9,0.1112,160.88,1.608,10484540.7,12.61,1.707,6650932.94,3295465.92,4973199.43,4696734.08,5019790.45,5314107.07,3978559.54,3.1
DC-4132,16.47,air-cooled,63.0,0.1251,198.63,1.544,11341759.77,12.72,2.095,8825027.45,4993558.2,6909292.82,6358868.28,6763268.09,7140937.15,5527434.26,2.7
DC-4133,38.72,hybrid,70.5,0.1286,185.97,1.281,13337849.39,9.24,3.578,15768457.62,7984807.92,11876632.77,10479366.79,11528029.29,12669848.31,9501306.22,3.7
DC-4134,45.49,air-cooled,66.9,0.1159,177.24,1.611,11747882.46,12.33,5.609,23817289.56,11929669.92,17873479.74,16576973.8,17496905.96,18573106.49,14298783.79,2.9
DC-4135,15.05,hybrid,86.5,0.1335,195.4,1.203,14083213.12,9.82,1.478,6704892.75,3465614.4,5085253.58,4188451.43,4554803.83,5042340.78,4068202.86,3.3
DC-4136,12.05,liquid-cooled,66.3,0.1178,180.46,1.09,18156165.07,2.44,0.294,1516894.43,636662.88,1076778.66,998926.37,1520313.89,1982371.93,861422.93,12.6
DC-4137,15.73,hybrid,62.4,0.1203,194.76,1.234,13495202.08,8.33,1.31,5632158.39,3061627.2,4346892.8,4222320.8,4661785.69,5200352.32,3477514.24,4.1
DC-4138,21.55,air-cooled,95.3,0.125,169.12,1.555,11334408.64,12.19,2.627,11089834.46,5331338.88,8210586.67,7824470.61,8323782.75,8915324.9,6568469.34,3.0
DC-4139,33.55,hybrid,66.6,0.1385,174.51,1.295,12950300.74,9.27,3.11,13836440.72,6512713.2,10174576.96,9103957.78,10077589.9,11029330.25,8139661.57,3.7
DC-4140,16.5,air-cooled,73.8,0.1065,198.15,1.625,10622523.3,12.57,2.074,8040044.0,4931557.2,6485800.6,6076758.98,6450167.49,6876216.24,5188640.48,2.9
DC-4141,26.98,air-cooled,77.4,0.1103,206.28,1.544,11304952.87,12.47,3.364,13469684.01,8327111.04,10898397.52,10267311.0,10906786.49,11570337.49,8718718.02,2.8
DC-4142,60.99,air-cooled,58.4,0.1066,183.47,1.614,11409090.06,12.3,7.502,30327077.85,16516703.28,23421890.56,21834380.55,23226545.33,24854996.69,18737512.45,2.9
DC-4143,22.31,air-cooled,86.8,0.1134,142.19,1.589,10734977.04,12.5,2.789,11055700.95,4758814.92,7907257.94,7461112.86,7986278.08,8558899.7,6325806.35,3.2
DC-4144,21.1,air-cooled,79.6,0.1485,181.01,1.585,11389158.5,12.09,2.551,11716200.18,5541078.12,8628639.15,8296232.97,8792033.58,9302493.87,6902911.32,2.8
DC-4145,4.88,air-cooled,90.7,0.1315,184.49,1.668,10770008.54,12.33,0.602,2597492.23,1332755.76,1965124.0,1852156.69,1960924.84,2100634.81,1572099.2,2.8
DC-4146,2.0,hybrid,63.8,0.0974,180.51,1.279,13016893.58,9.64,0.193,768895.89,418061.16,593478.52,503215.83,561817.11,612947.55,474782.82,3.8
DC-4147,22.44,hybrid,73.2,0.108,189.05,1.261,14140960.6,8.47,1.901,8241676.32,4312608.6,6277142.46,5874170.07,6471951.22,7191900.95,5021713.97,4.0
DC-4148,15.24,air-cooled,72.5,0.1275,176.85,1.607,10938442.77,12.93,1.971,8328703.64,4182856.2,6255779.92,5640465.5,6025442.99,6370293.74,5004623.94,2.7
DC-4149,10.89,air-cooled,75.2,0.1019,196.58,1.654,10295926.32,12.62,1.374,5172308.69,3241211.04,4206759.86,3967593.82,4232761.87,4518793.27,3365407.89,2.9
DC-4150,19.98,hybrid,54.5,0.1055,166.5,1.312,13537739.88,8.86,1.77,7471012.12,3536460.0,5503736.06,5035571.4,5605497.54,6139493.24,4402988.85,4.1
DC-4151,15.67,air-cooled,73.3,0.1469,202.55,1.595,10625775.32,12.73,1.995,8805530.17,4849047.0,6827288.58,6415879.43,6756764.16,7173397.41,5461830.86,2.6
DC-4152,40.54,liquid-cooled,54.9,0.1077,207.25,1.101,17479985.32,2.12,0.859,4229013.2,2136333.0,3182673.1,3388866.28,5232718.13,7029253.98,2546138.48,14.3
DC-4153,17.62,hybrid,76.3,0.1391,170.3,1.34,13447011.24,8.67,1.528,7060943.25,3122620.8,5091782.03,4716827.05,5187424.53,5727856.66,4073425.62,3.9
DC-4154,9.05,air-cooled,46.5,0.1451,170.3,1.534,10647665.28,13.06,1.182,5101486.5,2415535.2,3758510.85,3646565.95,3885759.47,4107958.92,3006808.68,2.7
DC-4155,36.31,air-cooled,49.8,0.1053,190.16,1.565,11465839.42,12.24,4.444,17738511.02,10140852.48,13939681.75,13189289.54,14107823.07,14979340.13,11151745.4,2.9
DC-4156,13.82,air-cooled,81.8,0.1022,166.19,1.563,10352242.94,12.67,1.751,6478364.8,3491984.28,4985174.54,4719541.13,5053628.87,5398976.13,3988139.63,3.1
DC-4157,25.06,air-cooled,65.4,0.1145,176.61,1.565,11539218.03,12.67,3.175,13125440.39,6728841.0,9927140.7,8953886.81,9603102.97,10320514.55,7941712.56,2.8
DC-4158,11.22,air-cooled,60.1,0.0982,200.54,1.599,10541394.31,12.78,1.434,5331673.71,3450892.32,4391283.01,4069523.25,4335723.03,4605066.37,3513026.41,2.9
DC-4159,9.78,hybrid,87.3,0.1224,195.06,1.264,14114723.83,9.1,0.89,3997787.83,2083240.8,3040514.32,2651138.28,2939348.63,3249580.39,2432411.46,3.6
DC-4160,17.59,air-cooled,75.9,0.1159,213.7,1.601,10779541.4,12.88,2.266,9111412.26,5810930.4,7461171.33,6811909.37,7232345.83,7705281.24,5968937.06,2.7
DC-4161,16.61,air-cooled,82.5,0.1272,186.56,1.556,10211779.16,12.63,2.098,8398485.95,4696834.56,6547660.25,6312719.08,6702364.51,7158877.91,5238128.2,2.9
DC-4162,24.14,hybrid,70.0,0.1479,174.84,1.208,13288055.46,9.88,2.385,10775408.17,5003920.8,7889664.48,6605492.62,7263078.72,8017325.81,6311731.58,3.4
DC-4163,13.26,air-cooled,98.0,0.1363,184.77,1.533,10383690.53,12.6,1.671,6914381.42,3705008.04,5309694.73,5103834.08,5406275.46,5754763.63,4247755.78,2.8
DC-4164,3.78,air-cooled,64.7,0.1298,181.74,1.534,10663178.77,12.63,0.477,1962295.44,1040279.76,1501287.6,1414743.74,1517188.89,1602268.38,1201030.08,2.8
DC-4165,11.63,air-cooled,92.9,0.0807,181.95,1.59,11629393.05,12.61,1.467,5440122.23,3203047.8,4321585.02,3947983.89,4173483.52,4462032.11,3457268.02,3.0
DC-4166,31.03,air-cooled,71.3,0.1289,183.64,1.529,11214702.79,12.12,3.761,15866334.87,8288040.48,12077187.68,11697053.51,12478822.56,13273085.97,9661750.14,2.9
DC-4167,12.96,hybrid,52.1,0.1545,170.02,1.212,13779997.36,9.17,1.188,5586649.21,2423805.12,4005227.16,3557452.13,3915746.62,4302354.48,3204181.73,3.6
DC-4168,13.5,air-cooled,77.8,0.06,188.23,1.592,10870911.28,13.0,1.755,5708160.77,3964123.8,4836142.28,4455750.34,4725025.88,4980182.6,3868913.82,3.1
DC-4169,36.2,hybrid,75.8,0.1338,162.87,1.269,13068747.22,8.16,2.954,12972626.06,5773415.76,9373020.91,9453155.96,10421384.02,11470216.43,7498416.73,4.3
DC-4170,9.3,air-cooled,59.4,0.1168,173.25,1.53,10664389.83,12.86,1.196,4706632.49,2486484.0,3596558.24,3368202.11,3599254.7,3820163.62,2877246.59,2.9
DC-4171,4.79,air-cooled,60.9,0.103,182.22,1.584,9942204.32,12.78,0.612,2226817.24,1338223.68,1782520.46,1697840.14,1810218.11,1933911.71,1426016.37,3.0
DC-4172,14.46,air-cooled,71.7,0.136,150.11,1.511,10373732.63,12.92,1.868,7668922.46,3364865.76,5516894.11,5210983.9,5541425.38,5912907.99,4413515.29,2.9
DC-4173,11.16,hybrid,76.2,0.1542,195.53,1.289,13573238.01,8.35,0.932,4433939.67,2186807.52,3310373.6,3205961.72,3548171.48,3919336.22,2648298.88,3.8
DC-4174,7.59,air-cooled,42.4,0.1355,153.2,1.587,10692809.87,13.59,1.031,4391974.66,1895390.4,3143682.53,3060578.75,3269148.22,3490304.04,2514946.02,2.7
DC-4175,14.29,air-cooled,84.6,0.1126,194.04,1.631,10512704.8,12.85,1.836,7242902.27,4275089.28,5758995.78,5312617.69,5638067.47,6002585.59,4607196.62,2.8
DC-4176,24.37,hybrid,66.1,0.1011,164.61,1.187,14891697.1,8.36,2.037,8882371.0,4023726.84,6453048.92,6033237.19,6683175.75,7353947.17,5162439.14,4.2
DC-4177,16.32,air-cooled,56.0,0.1229,177.93,1.579,11208321.78,12.94,2.112,8850749.72,4509457.92,6680103.82,5994899.46,6385328.07,6803722.73,5344083.06,2.7
DC-4178,21.02,air-cooled,83.3,0.1375,191.79,1.553,10977662.11,12.02,2.527,10891544.28,5815839.96,8353692.12,8243950.81,8696111.85,9266875.67,6682953.7,2.8
DC-4179,70.16,hybrid,71.7,0.1123,216.97,1.217,13453845.54,9.98,7.002,29317127.31,18230687.28,23773907.3,19571377.25,21699101.8,23649099.13,19019125.84,3.3
DC-4180,12.5,air-cooled,86.6,0.1142,185.75,1.639,12058563.09,12.35,1.544,6669034.98,3441576.0,5055305.49,4573649.97,4868477.0,5179329.52,4044244.39,2.8
DC-4181,20.55,hybrid,77.3,0.1764,154.26,1.259,14304021.91,8.33,1.712,8772560.06,3169117.44,5970838.75,5664547.73,6280488.91,6875370.81,4776671.0,3.9
DC-4182,10.94,air-cooled,72.0,0.1416,198.31,1.581,10550949.25,12.27,1.342,5778320.64,3193584.24,4485952.44,4381862.94,4647045.65,4914519.19,3588761.95,2.7
DC-4183,8.36,hybrid,70.2,0.143,180.52,1.276,13160442.44,9.3,0.777,3514341.82,1683168.48,2598755.15,2265501.43,2512431.16,2781474.3,2079004.12,3.6
DC-4184,10.3,hybrid,77.8,0.0908,185.05,1.243,13477540.07,9.19,0.947,3772564.89,2102908.2,2937736.54,2592397.67,2849638.13,3144358.85,2350189.23,3.9
DC-4185,11.21,air-cooled,67.0,0.1059,192.37,1.532,10749306.12,12.68,1.421,5413934.09,3280293.24,4347113.66,4097827.55,4350056.15,4619761.55,3477690.93,2.9
DC-4186,21.92,hybrid,61.8,0.1215,150.62,1.224,13769537.35,9.98,2.188,9545476.78,3954678.72,6750077.75,5447301.55,6016596.91,6631288.74,5400062.2,3.7
DC-4187,107.69,liquid-cooled,79.3,0.1,184.1,1.056,17335218.18,3.04,3.274,15640967.64,7232920.8,11436944.22,8958137.47,13249678.18,17586586.89,9149555.38,10.6
DC-4188,9.27,air-cooled,70.3,0.152,177.85,1.616,10733591.87,12.15,1.126,5108638.31,2403109.2,3755873.76,3652067.68,3885683.95,4122795.3,3004699.01,2.8
DC-4189,11.78,air-cooled,72.4,0.1482,202.33,1.66,9668910.43,12.41,1.462,6292026.77,3549677.52,4920852.14,4804465.24,5095016.98,5390092.56,3936681.71,2.7
DC-4190,15.63,hybrid,85.1,0.1093,194.91,1.248,13717953.87,8.01,1.252,5312679.53,2928327.84,4120503.68,4135530.9,4569858.87,5046554.14,3296402.94,4.3
DC-4191,22.57,hybrid,70.6,0.1557,159.59,1.288,13874934.24,9.34,2.108,10202853.09,4036988.64,7119920.86,6048621.89,6672871.61,7416762.36,5695936.69,3.6
DC-4192,20.3,air-cooled,72.2,0.1199,202.94,1.538,10642549.7,12.73,2.584,10285377.78,6292763.52,8289070.65,7772936.0,8299053.87,8802692.73,6631256.52,2.8
DC-4193,45.94,liquid-cooled,64.8,0.1718,190.74,1.064,16357016.98,4.91,2.256,11812818.96,5163713.28,8488266.12,4096265.42,6185630.62,8363375.01,6790612.9,6.1
DC-4194,2.36,air-cooled,77.2,0.1229,160.79,1.659,10908698.3,12.72,0.3,1263072.36,578844.0,920958.18,840648.75,899509.51,956300.69,736766.54,2.9
DC-4195,2.44,hybrid,76.2,0.1315,184.84,1.239,13502430.16,9.48,0.231,1022820.34,512376.48,767598.41,662948.9,733315.09,804269.88,614078.73,3.6
DC-4196,11.06,hybrid,82.8,0.148,199.52,1.276,13798044.7,9.96,1.102,5202035.78,2638452.48,3920244.13,3159929.96,3485139.63,3831682.41,3136195.3,3.2
DC-4197,39.56,liquid-cooled,65.1,0.1456,165.79,1.066,16728918.12,2.46,0.973,4940089.77,1935764.04,3437926.9,3383736.11,5005490.92,6833462.58,2750341.52,12.9
DC-4198,4.7,air-cooled,66.5,0.1302,204.66,1.644,10409492.31,12.51,0.588,2462713.35,1444080.96,1953397.16,1847500.0,1964411.63,2085402.89,1562717.73,2.7
DC-4199,1.48,hybrid,81.5,0.1172,161.31,1.246,13389817.37,9.02,0.133,565881.52,257450.76,411666.14,371275.74,414324.82,458858.64,329332.91,4.0
DC-4200,25.97,air-cooled,75.0,0.1303,172.13,1.531,10453035.29,12.78,3.319,13509733.94,6855593.64,10182663.79,9636800.15,10297128.71,10840377.25,8146131.03,2.9
DC-4201,19.98,air-cooled,61.1,0.1037,169.86,1.626,10775233.21,12.46,2.49,9640219.71,5075416.8,7357818.26,6939996.58,7390055.61,7892248.46,5886254.61,3.1
DC-4202,6.87,air-cooled,87.7,0.123,204.65,1.577,10085629.61,12.87,0.884,3483346.29,2170927.2,2827136.74,2675030.63,2819804.39,2986791.14,2261709.39,2.7
DC-4203,7.48,hybrid,51.6,0.0978,176.63,1.256,13906135.09,9.35,0.699,2912245.52,1481572.44,2196908.98,1877907.06,2092412.99,2303011.61,1757527.18,3.8
DC-4204,7.57,air-cooled,81.4,0.0844,166.56,1.619,11078409.8,12.75,0.965,3530806.44,1928764.8,2729785.62,2472419.84,2661609.36,2847279.0,2183828.5,3.1
DC-4205,17.97,air-cooled,56.8,0.121,190.68,1.679,11195181.44,12.61,2.266,9670134.47,5184970.56,7427552.52,6747826.31,7208740.21,7667818.1,5942042.02,2.7
DC-4206,9.96,hybrid,94.6,0.1452,193.92,1.241,14161969.62,9.1,0.906,4281390.69,2108298.24,3194844.47,2804789.78,3054997.76,3392945.22,2555875.58,3.5
DC-4207,24.42,hybrid,53.5,0.1385,194.01,1.296,13710552.56,9.9,2.418,11169163.74,5629394.16,8399278.95,6777309.03,7600362.9,8361164.02,6719423.16,3.3
DC-4208,1.68,hybrid,85.8,0.1184,179.93,1.28,13795501.88,9.94,0.167,733674.85,360579.72,547127.28,437227.26,486032.03,536826.82,437701.82,3.5
DC-4209,8.29,liquid-cooled,71.0,0.1549,187.82,1.064,17619841.74,3.74,0.31,1661379.13,698690.4,1180034.76,736148.13,1125343.99,1487936.57,944027.81,7.9
DC-4210,6.68,air-cooled,67.6,0.1086,174.25,1.604,11337133.04,12.02,0.803,3248380.59,1679073.0,2463726.8,2346114.49,2504311.69,2699618.28,1970981.44,3.1
DC-4211,13.4,liquid-cooled,74.2,0.0816,209.12,1.084,16092230.57,2.67,0.358,1557626.42,898379.52,1228002.97,1088875.55,1651547.82,2273857.67,982402.38,12.3
DC-4212,10.69,liquid-cooled,79.6,0.0764,201.16,1.085,18049681.86,3.65,0.39,1847504.82,941428.8,1394466.81,841923.38,1330395.84,1746767.76,1115573.45,8.6
DC-4213,31.13,air-cooled,61.1,0.0964,200.24,1.503,11166227.12,12.39,3.857,14466115.1,9267908.16,11867011.63,11182446.34,12030604.47,12789492.15,9493609.3,3.0
DC-4214,3.72,air-cooled,62.2,0.1363,195.91,1.552,10647407.32,12.25,0.456,1923936.91,1072019.52,1497978.22,1454610.0,1547669.26,1643874.78,1198382.58,2.8
DC-4215,17.05,air-cooled,79.8,0.1073,191.8,1.531,10420927.24,12.32,2.101,7888881.01,4835661.6,6362271.3,6213097.69,6629037.93,7023124.66,5089817.04,3.0
DC-4216,25.7,air-cooled,51.5,0.1292,165.33,1.559,10817871.78,12.1,3.11,12963833.58,6170115.6,9566974.59,9344323.77,9953015.98,10657621.74,7653579.67,3.0
DC-4217,72.63,hybrid,65.0,0.1529,193.5,1.258,13994766.39,9.59,6.965,33396606.08,16172730.0,24784668.04,20565738.24,22715352.78,25229864.1,19827734.43,3.3
DC-4218,11.19,hybrid,98.0,0.098,185.71,1.256,13492419.57,8.15,0.912,3717828.5,2032410.24,2875119.37,2872341.49,3168398.23,3487608.73,2300095.5,4.4
DC-4219,21.32,hybrid,60.4,0.1296,202.95,1.266,13786017.43,8.44,1.799,8097018.65,4381284.6,6239151.62,5940326.96,6560474.19,7194986.27,4991321.3,3.8
DC-4220,3.88,air-cooled,85.8,0.1308,196.11,1.589,11029576.39,12.19,0.473,2020516.88,1113120.36,1566818.62,1518178.63,1594880.57,1691442.12,1253454.9,2.8
DC-4221,2.43,air-cooled,65.0,0.1028,192.26,1.543,9571494.87,12.94,0.314,1104185.26,724435.68,914310.47,879020.18,936180.34,1001796.65,731448.38,3.0
DC-4222,32.32,liquid-cooled,78.1,0.1471,158.74,1.078,16757232.85,2.25,0.727,3717104.48,1384847.76,2550976.12,2666399.63,4176765.73,5479602.1,2040780.9,14.3
DC-4223,16.37,air-cooled,79.9,0.1142,182.66,1.613,10571770.57,12.82,2.099,8318157.84,4600840.08,6459498.96,5970828.24,6378209.23,6823457.13,5167599.17,2.9
DC-4224,42.22,liquid-cooled,85.5,0.1123,175.63,1.057,17896827.52,3.09,1.305,6547047.22,2750365.8,4648706.51,3406395.48,5372186.07,7091789.12,3718965.21,10.2
DC-4225,5.48,air-cooled,69.6,0.1622,187.79,1.58,10489074.47,12.86,0.705,3225997.65,1588703.4,2407350.52,2249143.08,2381174.97,2518125.0,1925880.42,2.6
DC-4226,24.93,liquid-cooled,95.9,0.1305,177.77,1.054,16883753.28,3.52,0.878,4352120.35,1872984.72,3112552.53,2151105.38,3085347.66,4243704.7,2490042.02,9.0
DC-4227,73.34,air-cooled,64.9,0.1385,179.86,1.665,10472068.11,12.6,9.241,40172513.52,19945035.12,30058774.32,28036798.14,30000113.97,31842729.13,24047019.46,2.7
DC-4228,23.01,air-cooled,74.8,0.1471,190.89,1.635,11392001.34,12.94,2.977,13808547.5,6819354.36,10313950.93,9123172.47,9724784.83,10328596.12,8251160.74,2.5
DC-4229,20.52,air-cooled,74.9,0.107,177.52,1.539,11057797.86,12.62,2.59,10100543.89,5517321.6,7808932.74,7275089.24,7760756.58,8262230.24,6247146.19,3.0
DC-4230,16.56,hybrid,58.5,0.145,185.82,1.212,14233370.3,9.99,1.654,7777858.22,3688155.36,5733006.79,4620624.41,5080621.5,5558128.06,4586405.43,3.2
DC-4231,4.68,liquid-cooled,68.6,0.11,161.21,1.065,16558789.65,2.55,0.119,560009.84,230207.88,395108.86,368551.75,563292.79,759899.12,316087.09,13.3
DC-4232,48.64,air-cooled,73.9,0.1091,171.51,1.581,10711777.11,12.35,6.007,23375531.12,12363126.84,17869328.98,17025882.91,18315205.67,19371844.54,14295463.18,3.1
DC-4233,10.09,liquid-cooled,66.8,0.1146,193.84,1.075,18341805.67,2.21,0.223,1149597.34,518715.84,834156.59,852133.33,1259406.67,1751582.93,667325.27,13.6
DC-4234,24.62,hybrid,98.0,0.1076,165.55,1.214,12508666.74,9.75,2.4,9417578.36,4767840.0,7092709.18,6103048.88,6777604.05,7547968.72,5674167.34,3.9
DC-4235,4.71,hybrid,61.9,0.1364,202.69,1.266,13665136.49,8.77,0.413,1878900.06,1004531.64,1441715.85,1341066.63,1468152.43,1613453.98,1153372.68,3.7
DC-4236,6.4,hybrid,86.2,0.1253,198.62,1.286,13303936.21,9.6,0.614,2681939.64,1463432.16,2072685.9,1757159.44,1953823.16,2133142.0,1658148.72,3.5
DC-4237,51.84,air-cooled,82.3,0.1102,179.98,1.517,11088077.09,12.76,6.615,25986737.2,14286812.4,20136774.8,18490879.58,19832473.77,21050089.25,16109419.84,2.9
DC-4238,12.46,air-cooled,71.8,0.1335,228.98,1.672,11193474.48,12.55,1.564,6948501.5,4297496.64,5622999.07,5165446.95,5475596.96,5774165.68,4498399.26,2.5
DC-4239,52.59,liquid-cooled,61.6,0.1145,202.65,1.088,17305235.08,2.09,1.099,5425646.02,2672548.2,4049097.11,4441226.32,6535786.41,9118435.18,3239277.69,14.6
DC-4240,15.45,liquid-cooled,62.8,0.1134,169.76,1.097,18601715.6,2.23,0.345,1802092.6,702806.4,1252449.5,1275929.49,1848211.62,2525132.48,1001959.6,13.9
DC-4241,3.77,liquid-cooled,65.8,0.121,195.19,1.096,16679039.81,4.69,0.177,861665.99,414583.56,638124.78,323366.88,479638.49,656565.49,510499.82,6.6
DC-4242,33.57,liquid-cooled,50.6,0.1293,184.99,1.083,17771263.58,4.11,1.38,7142671.8,3063434.4,5103053.1,2796888.69,4312883.87,5726053.65,4082442.48,7.4
DC-4243,10.26,air-cooled,60.0,0.1278,172.35,1.602,11139615.7,12.97,1.331,5681977.79,2752774.2,4217376.0,3797408.47,4029652.48,4254120.56,3373900.8,2.7
DC-4244,28.76,hybrid,54.2,0.1127,167.95,1.27,13439281.87,8.02,2.307,9782411.6,4649527.8,7215969.7,7240316.4,7987876.06,8844580.15,5772775.76,4.5
DC-4245,16.78,air-cooled,88.2,0.1369,198.92,1.629,10749542.23,12.77,2.143,9305668.13,5115426.72,7210547.43,6645787.25,7061188.29,7475524.89,5768437.94,2.6
DC-4246,4.79,liquid-cooled,79.4,0.1156,175.03,1.08,17122037.65,3.0,0.144,705393.47,302451.84,503922.66,386866.83,591844.36,796207.16,403138.13,10.7
DC-4247,18.75,air-cooled,81.4,0.1069,182.47,1.638,10528131.71,12.8,2.4,9296352.23,5255136.0,7275744.12,6734991.79,7169123.68,7600023.86,5820595.3,2.9
DC-4248,95.3,hybrid,79.1,0.0906,170.18,1.219,13705401.27,8.84,8.425,33810463.46,17205198.0,25507830.73,23222511.73,25879774.94,28551796.79,20406264.58,4.2
DC-4249,24.4,air-cooled,74.0,0.1397,172.78,1.56,10690944.37,12.07,2.945,12618882.47,6106045.2,9362463.84,9248284.99,9865143.19,10499813.44,7489971.07,2.9
DC-4250,15.71,air-cooled,89.5,0.1202,182.1,1.546,10521653.08,12.59,1.978,7844765.65,4322325.6,6083545.62,5780146.85,6166496.6,6549609.87,4866836.5,2.9
DC-4251,38.87,air-cooled,64.7,0.1242,189.82,1.58,11096628.53,12.55,4.878,20414160.78,11111303.52,15762732.15,14519334.22,15584468.55,16576772.04,12610185.72,2.8
DC-4252,19.46,liquid-cooled,73.3,0.1409,145.17,1.089,16749897.63,3.28,0.638,3232321.57,1111421.52,2171871.54,1519795.37,2339337.07,3165673.12,1737497.23,10.1
DC-4253,19.45,hybrid,81.0,0.1105,184.25,1.214,12893425.82,9.49,1.846,7458455.56,4081506.0,5769980.78,5060197.25,5553006.21,6182107.08,4615984.62,3.8
DC-4254,6.87,air-cooled,56.1,0.0925,172.81,1.581,10422752.45,12.22,0.84,3021691.27,1741924.8,2381808.04,2325353.13,2486265.14,2652419.21,1905446.43,3.2
DC-4255,19.83,hybrid,98.0,0.1214,205.04,1.233,13649553.62,9.38,1.86,8080742.56,4576492.8,6328617.68,5440435.08,6041055.66,6590892.23,5062894.14,3.5
DC-4256,37.65,hybrid,72.3,0.1262,228.14,1.211,12887332.44,8.93,3.362,14129230.92,9204080.16,11666655.54,10942262.04,12161885.91,13204567.5,9333324.43,3.6
DC-4257,8.42,air-cooled,73.7,0.1147,178.61,1.617,10361930.8,12.97,1.092,4288685.43,2340505.44,3314595.43,3057099.93,3253192.68,3454300.29,2651676.34,2.9
DC-4258,51.4,air-cooled,87.1,0.1495,158.17,1.542,12266158.57,12.3,6.322,29999451.88,11999408.88,20999430.38,19256820.66,20588958.23,21836635.88,16799544.3,2.8
DC-4259,15.28,liquid-cooled,83.0,0.0703,185.75,1.063,19146469.12,2.1,0.321,1575916.14,715509.0,1145712.57,1186082.43,1870367.52,2434391.59,916570.06,15.0
DC-4260,8.08,hybrid,72.5,0.1424,180.92,1.301,13107104.83,9.63,0.778,3528687.92,1689069.12,2608878.52,2206322.67,2440197.65,2673900.41,2087102.82,3.5
DC-4261,36.53,air-cooled,73.6,0.1358,213.57,1.598,10713135.04,12.05,4.402,18848000.52,11281621.68,15064811.1,14749536.17,15661782.78,16597156.92,12051848.88,2.7
DC-4262,13.07,hybrid,54.0,0.1291,209.0,1.252,13264999.99,8.56,1.119,4882963.07,2806452.0,3844707.54,3679756.53,4074390.51,4459220.24,3075766.03,3.8
DC-4263,30.19,air-cooled,65.3,0.06,196.98,1.7,11272504.65,12.24,3.695,12557535.22,8734093.2,10645814.21,10232458.62,10763467.65,11376728.0,8516651.37,3.2
DC-4264,13.02,air-cooled,78.2,0.1457,175.2,1.523,10647964.15,12.57,1.637,7055581.14,3441628.8,5248604.97,5023228.42,5334601.12,5687542.26,4198883.98,2.8
DC-4265,15.68,air-cooled,77.3,0.0995,194.17,1.572,11174988.39,12.67,1.987,7656939.06,4629789.48,6143364.27,5655032.66,6045823.88,6423934.94,4914691.42,2.9
DC-4266,24.41,air-cooled,86.7,0.1098,187.98,1.574,11204059.13,12.33,3.01,12051256.41,6789837.6,9420547.0,8875962.75,9483179.41,10083525.78,7536437.6,2.9
DC-4267,20.75,hybrid,70.6,0.1166,187.62,1.197,13580855.29,9.97,2.069,8773807.18,4658229.36,6716018.27,5498997.28,6126835.57,6709357.81,5372814.62,3.5
DC-4268,3.33,liquid-cooled,55.4,0.1281,160.63,1.075,17157194.78,4.75,0.158,793006.37,304554.48,548780.43,265911.0,404022.0,544811.09,439024.34,6.8
DC-4269,6.71,air-cooled,84.7,0.1328,199.93,1.617,10615106.86,12.76,0.856,3629451.99,2053680.96,2841566.48,2629971.48,2799357.03,2972950.85,2273253.18,2.7
DC-4270,34.59,air-cooled,89.2,0.1379,185.62,1.639,11353691.07,12.44,4.303,19376241.26,9584674.32,14480457.79,13328601.17,14206399.56,15066900.78,11584366.23,2.7
DC-4271,14.8,hybrid,82.8,0.1363,182.49,1.228,12456012.94,9.02,1.335,5652683.89,2923489.8,4288086.84,4021202.39,4483853.93,4922770.53,3430469.47,3.9
DC-4272,10.82,liquid-cooled,70.0,0.1251,175.0,1.095,19444658.7,3.48,0.377,2081424.35,791700.0,1436562.18,910811.89,1354063.5,1807067.44,1149249.74,8.5
DC-4273,5.55,hybrid,84.5,0.1283,172.1,1.211,12753728.48,8.59,0.477,2001117.3,985100.4,1493108.85,1467690.48,1619839.69,1778943.33,1194487.08,4.2
DC-4274,6.93,liquid-cooled,98.0,0.0982,188.76,1.068,17505855.99,4.25,0.295,1418630.81,668210.4,1043420.6,579882.93,855377.26,1148575.34,834736.48,7.5
DC-4275,3.26,air-cooled,73.4,0.105,157.76,1.539,10645900.74,12.73,0.415,1569251.09,785644.8,1177447.94,1102040.14,1176901.59,1255624.49,941958.35,3.1
DC-4276,15.16,hybrid,56.3,0.1379,195.84,1.18,13091995.85,9.63,1.46,6328774.61,3431116.8,4879945.7,4235096.6,4713664.6,5174297.76,3903956.56,3.5
DC-4277,10.19,air-cooled,65.0,0.1367,168.19,1.582,11417702.58,12.43,1.267,5614963.37,2557160.76,4086062.06,3789097.27,4043088.84,4329119.55,3268849.65,2.8
DC-4278,7.59,air-cooled,79.5,0.1345,153.12,1.545,10803750.96,12.92,0.981,4140980.96,1802528.64,2971754.8,2712751.29,2902852.08,3086964.93,2377403.84,2.9
DC-4279,15.57,air-cooled,52.7,0.1097,211.33,1.543,10722369.76,12.26,1.909,7379294.16,4841147.64,6110220.9,5961300.24,6341187.18,6744472.14,4888176.72,2.9
DC-4280,22.0,air-cooled,74.0,0.1382,171.13,1.566,12077681.67,12.83,2.823,12928716.04,5797199.88,9362957.96,8280042.79,8848550.15,9365160.86,7490366.37,2.6
DC-4281,87.76,liquid-cooled,76.6,0.0968,173.17,1.07,17279300.71,2.21,1.939,9204763.33,4029319.56,6617041.44,7004466.8,10412856.99,14284224.88,5293633.15,14.9
DC-4282,4.91,liquid-cooled,90.4,0.1415,201.02,1.083,17410055.89,4.02,0.197,1026630.66,475211.28,750920.97,439551.35,686731.23,892307.27,600736.78,7.4
DC-4283,41.58,air-cooled,87.7,0.1148,211.82,1.678,11717355.11,12.83,5.335,22894267.07,13560716.4,18227491.74,16091466.62,17115150.57,18139447.83,14581993.39,2.6
DC-4284,35.82,air-cooled,82.4,0.1537,161.0,1.585,10703488.97,12.88,4.614,20821210.8,8914248.0,14867729.4,13743085.81,14620946.73,15460718.44,11894183.52,2.7
DC-4285,8.82,air-cooled,46.0,0.0896,169.66,1.492,10854359.04,13.29,1.172,4199445.49,2386098.24,3292771.86,3151194.79,3370947.17,3576669.52,2634217.49,3.0
DC-4286,19.35,air-cooled,83.1,0.1553,170.76,1.494,11261171.73,12.21,2.363,10716115.3,4842070.56,7779092.93,7562433.84,8052305.24,8570461.66,6223274.34,2.8
DC-4287,11.4,hybrid,80.5,0.1128,198.02,1.238,13423096.79,8.03,0.915,3848684.77,2174259.6,3011472.18,3087105.59,3380469.39,3730229.07,2409177.74,4.3
DC-4288,19.08,liquid-cooled,75.1,0.1124,208.59,1.101,17784455.97,4.01,0.765,3852671.85,1914856.2,2883764.02,1677949.33,2548586.71,3337144.79,2307011.22,7.4
DC-4289,55.0,liquid-cooled,51.2,0.1239,167.8,1.061,18614291.62,3.5,1.925,10179554.87,3876180.0,7027867.44,4526391.34,6911166.27,9024386.23,5622293.95,8.8
DC-4290,26.7,hybrid,62.7,0.1061,205.22,1.22,12903148.9,9.91,2.646,10587382.49,6516145.44,8551763.96,7187644.63,7889651.61,8765399.03,6841411.17,3.5
DC-4291,24.7,hybrid,58.0,0.1186,173.36,1.199,12745317.27,8.7,2.149,8763572.55,4470607.68,6617090.12,6401210.67,7140761.54,7780887.42,5293672.1,4.2
DC-4292,11.66,air-cooled,47.8,0.1052,189.04,1.619,11732533.45,12.77,1.489,6103742.07,3377766.72,4740754.4,4374023.52,4658229.79,4938960.13,3792603.52,2.8
DC-4293,5.02,air-cooled,72.0,0.106,164.93,1.599,10809663.07,12.32,0.618,2402113.34,1223120.88,1812617.11,1732484.97,1848403.03,1972327.74,1450093.69,3.1
DC-4294,13.92,air-cooled,62.4,0.1297,182.17,1.605,10730879.18,12.71,1.769,7444298.51,3867104.76,5655701.64,5236844.02,5562957.87,5927242.08,4524561.31,2.8
DC-4295,43.18,hybrid,98.0,0.102,182.33,1.261,14300443.92,9.22,3.981,17136633.09,8710268.76,12923450.92,10957190.07,12200677.57,13432508.29,10338760.74,3.8
DC-4296,4.85,hybrid,70.0,0.1046,179.27,1.251,12908171.48,9.17,0.445,1786572.14,957301.8,1371936.97,1250746.98,1387321.48,1526610.18,1097549.58,4.0
DC-4297,7.07,air-cooled,87.5,0.0925,189.77,1.601,11089633.12,12.77,0.903,3396772.85,2056347.72,2726560.28,2491389.76,2647729.87,2816385.99,2181248.22,2.9
DC-4298,18.19,air-cooled,53.2,0.1099,168.89,1.552,11244664.29,12.17,2.214,8840417.72,4487069.52,6663743.62,6388749.58,6850362.9,7272029.97,5330994.9,3.1
DC-4299,7.48,air-cooled,65.6,0.1462,170.74,1.528,11917287.59,12.73,0.952,4384163.79,1950533.76,3167348.78,2874719.33,3047714.25,3227371.61,2533879.02,2.7
DC-4300,8.72,liquid-cooled,73.2,0.1031,190.57,1.108,17413519.72,4.53,0.395,1923795.32,903301.8,1413548.56,713466.56,1094267.25,1478546.53,1130838.85,6.9
DC-4301,11.72,air-cooled,61.1,0.1054,204.13,1.601,11198240.8,12.92,1.514,6005595.4,3708633.84,4857114.62,4380925.48,4644478.43,4920254.23,3885691.7,2.7
DC-4302,5.52,hybrid,66.9,0.1239,183.66,1.288,14112624.1,9.09,0.502,2276111.94,1106367.84,1691239.89,1471445.78,1627335.28,1787728.1,1352991.91,3.7
DC-4303,7.54,hybrid,69.4,0.1126,191.56,1.242,13542957.22,9.7,0.731,3095510.91,1680364.32,2387937.62,1979409.2,2190967.1,2428382.63,1910350.1,3.6
DC-4304,28.87,air-cooled,69.2,0.1646,195.37,1.643,10409782.47,12.29,3.548,16612871.79,8318073.12,12465472.46,12008297.98,12745669.65,13463515.42,9972377.97,2.6
DC-4305,5.78,hybrid,94.3,0.1167,196.46,1.227,13137981.61,9.32,0.539,2249734.12,1270703.28,1760218.7,1577887.1,1730752.62,1901110.33,1408174.96,3.7
DC-4306,4.58,liquid-cooled,76.5,0.1267,169.7,1.065,17108511.5,2.76,0.126,627974.73,256586.4,442280.56,370190.36,570491.8,766119.88,353824.45,11.6
DC-4307,9.93,air-cooled,77.8,0.1389,172.34,1.552,10530889.85,12.93,1.284,5429542.27,2655414.72,4042478.5,3732386.11,3969931.34,4231173.46,3233982.8,2.8
DC-4308,29.53,liquid-cooled,78.5,0.1385,173.65,1.037,18949458.46,4.26,1.258,6880179.87,2621420.4,4750800.14,2529841.18,3700490.77,5048976.23,3800640.11,7.0
DC-4309,14.05,air-cooled,79.4,0.1247,212.93,1.557,11102380.76,12.2,1.714,7143984.44,4379544.24,5761764.34,5535520.07,5894316.96,6240768.9,4609411.47,2.7
DC-4310,11.34,air-cooled,71.0,0.1168,191.62,1.547,10718700.88,12.92,1.465,5808394.53,3368679.6,4588537.07,4201726.99,4478004.83,4794572.98,3670829.66,2.8
DC-4311,17.04,liquid-cooled,68.2,0.1605,190.95,1.061,16893516.6,2.94,0.501,2628175.65,1147991.4,1888083.52,1485897.97,2209060.18,3046571.91,1510466.82,10.2
DC-4312,4.07,hybrid,74.0,0.118,189.49,1.218,14422881.34,8.16,0.332,1482083.52,754928.16,1118505.84,1086038.09,1194420.51,1322402.69,894804.67,4.1
DC-4313,24.43,liquid-cooled,85.9,0.1112,164.19,1.107,17432417.9,4.88,1.192,5903037.45,2348573.76,4125805.6,1889039.42,2929329.14,3987198.83,3300644.48,6.7
DC-4314,22.35,hybrid,85.5,0.1071,213.07,1.198,12874475.84,9.89,2.21,8806747.1,5650616.4,7228681.75,6117234.35,6808691.82,7432848.93,5782945.4,3.5
DC-4315,11.85,liquid-cooled,69.1,0.0855,191.19,1.063,18358491.66,4.36,0.517,2520804.4,1186142.76,1853473.58,966221.98,1448868.26,1941095.95,1482778.86,7.2
DC-4316,36.77,hybrid,81.2,0.1364,194.85,1.215,13463592.73,8.66,3.184,14148642.91,7444828.8,10796735.86,10250146.44,11269843.98,12442012.6,8637388.69,3.8
DC-4317,6.67,hybrid,69.7,0.073,157.52,1.258,13291053.54,9.59,0.64,2405141.31,1209753.6,1807447.46,1557529.51,1717214.64,1879043.54,1445957.97,4.2
DC-4318,40.54,hybrid,72.4,0.1199,195.69,1.287,14766416.12,9.91,4.018,18616168.64,9435389.04,14025778.84,10924521.29,11982621.69,13142203.4,11220623.07,3.3
DC-4319,18.61,air-cooled,66.3,0.1159,178.66,1.552,11128346.52,12.18,2.267,9178372.66,4860266.64,7019319.65,6748280.64,7198262.81,7705939.93,5615455.72,3.0
DC-4320,12.56,liquid-cooled,69.8,0.1648,164.16,1.08,17052400.4,4.66,0.585,3128908.86,1152403.2,2140656.03,1059399.23,1655171.71,2174741.25,1712524.82,6.6
DC-4321,16.19,air-cooled,88.1,0.0834,169.69,1.556,10480045.7,12.83,2.077,7198233.46,4229353.56,5713793.51,5336481.06,5700175.49,6100824.19,4571034.81,3.2
DC-4322,15.09,air-cooled,73.1,0.102,165.03,1.595,11548830.35,12.48,1.883,7516128.47,3729017.88,5622573.18,5130593.41,5484473.36,5867542.1,4498058.54,3.0
DC-4323,43.65,air-cooled,73.6,0.1173,164.77,1.591,11583302.24,12.66,5.526,23258359.48,10926228.24,17092293.86,15406463.38,16477117.74,17534299.44,13673835.09,2.9
DC-4324,6.95,hybrid,54.6,0.116,184.91,1.217,13142594.05,9.34,0.649,2698050.82,1440079.08,2069064.95,1848091.31,2024286.98,2228331.6,1655251.96,3.8
DC-4325,8.94,air-cooled,68.3,0.109,178.2,1.533,10416903.22,12.03,1.075,4062034.89,2298780.0,3180407.44,3165261.88,3395963.59,3620744.32,2544325.95,3.2
DC-4326,37.68,air-cooled,69.1,0.1184,189.01,1.49,10776643.31,12.61,4.751,18719955.69,10775838.12,14747896.9,13959277.68,14905504.5,15864149.31,11798317.52,2.9
DC-4327,10.21,liquid-cooled,62.1,0.0948,209.14,1.053,18037886.55,2.58,0.263,1284197.7,660045.84,972121.77,880390.96,1253898.04,1743294.31,777697.42,11.8
DC-4328,33.8,air-cooled,72.3,0.1271,182.06,1.469,11092546.69,12.2,4.124,16910829.45,9009785.28,12960307.36,12694666.63,13493258.76,14417319.45,10368245.89,2.9
DC-4329,64.04,hybrid,66.8,0.0736,150.33,1.217,12441855.8,9.91,6.346,22525130.53,11447930.16,16986530.34,14576283.73,16282076.92,17848704.63,13589224.27,4.2
DC-4330,11.92,air-cooled,73.0,0.1195,180.37,1.556,11391392.76,12.73,1.517,6311133.43,3283455.48,4797294.46,4370029.76,4651109.94,4983329.15,3837835.57,2.8
DC-4331,28.36,air-cooled,73.5,0.108,201.9,1.624,11000065.54,12.79,3.627,14438698.66,8787495.6,11613097.13,10615743.85,11249177.07,11965208.14,9290477.7,2.7
DC-4332,6.53,air-cooled,60.5,0.1403,182.71,1.599,11001217.45,12.01,0.784,3457385.72,1718935.68,2588160.7,2505463.43,2681192.98,2836164.73,2070528.56,2.8
DC-4333,30.08,hybrid,67.2,0.1551,206.94,1.229,13497743.58,9.3,2.797,13060063.92,6945734.16,10002899.04,8798297.05,9733657.38,10641263.41,8002319.23,3.4
DC-4334,19.29,air-cooled,72.9,0.1134,190.79,1.484,10647315.9,12.84,2.477,9512304.34,5671041.96,7591673.15,7072448.47,7560822.59,8034123.23,6073338.52,2.9
DC-4335,24.01,liquid-cooled,86.2,0.1478,156.43,1.096,16469424.49,3.65,0.876,4449111.14,1644392.16,3046751.65,1965817.52,3134356.97,4047607.9,2437401.32,8.9
DC-4336,9.81,air-cooled,75.1,0.1137,185.64,1.576,10891814.19,12.48,1.224,4883904.51,2726680.32,3805292.42,3583872.08,3822114.84,4064017.86,3044233.94,2.9
DC-4337,4.35,air-cooled,64.1,0.1007,188.46,1.518,10656545.96,12.09,0.526,1949985.99,1189559.52,1569772.76,1558076.23,1660844.03,1762668.53,1255818.21,3.1
DC-4338,24.6,air-cooled,76.8,0.1549,200.21,1.583,11785942.16,12.68,3.119,14868612.82,7493459.88,11181036.35,10104297.9,10700890.8,11316296.63,8944829.08,2.5
DC-4339,3.16,air-cooled,92.5,0.1304,211.29,1.595,10528013.06,12.44,0.393,1635482.6,996443.64,1315963.12,1259714.66,1342605.96,1416903.07,1052770.5,2.7
DC-4340,12.76,hybrid,83.0,0.1201,197.62,1.214,13797078.57,9.49,1.211,5259660.88,2871813.84,4065737.36,3432488.69,3851404.6,4224283.96,3252589.89,3.5
DC-4341,34.92,liquid-cooled,78.6,0.1337,190.61,1.077,15763321.61,3.67,1.282,6107903.98,2932344.24,4520124.11,3007685.07,4706825.33,6134177.41,3616099.29,8.7
DC-4342,19.17,hybrid,80.7,0.1255,194.14,1.219,13412172.15,9.21,1.766,7630227.14,4114214.88,5872221.01,5279269.41,5788743.19,6341920.52,4697776.81,3.7
DC-4343,78.15,air-cooled,89.3,0.1186,181.48,1.651,11411687.12,12.4,9.691,41198513.01,21104672.16,31151592.58,28617822.11,30563425.44,32566587.2,24921274.06,2.8
DC-4344,37.34,air-cooled,84.9,0.0935,162.06,1.561,11098608.23,12.24,4.57,17114238.91,8887370.4,13000804.66,12444452.61,13230149.13,14131361.68,10400643.73,3.2
DC-4345,9.75,air-cooled,78.8,0.1146,184.62,1.631,11107293.66,12.07,1.177,4832340.46,2607572.88,3719956.67,3565996.44,3810184.9,4043963.86,2975965.34,2.9
DC-4346,16.81,liquid-cooled,84.8,0.1325,189.48,1.107,16191095.77,3.93,0.661,3227607.6,1502955.36,2365281.48,1492889.62,2177329.96,2904126.23,1892225.18,8.0
DC-4347,15.83,air-cooled,59.0,0.1175,165.95,1.617,10965823.1,12.19,1.93,7915369.42,3843402.0,5879385.71,5609750.13,5997978.02,6389233.47,4703508.57,3.0
DC-4348,4.64,hybrid,54.0,0.138,203.9,1.254,13803585.49,9.4,0.436,1998361.95,1066804.8,1532583.38,1313061.16,1447560.65,1590072.99,1226066.7,3.4
DC-4349,7.75,air-cooled,73.9,0.1277,199.08,1.599,10137693.19,12.72,0.986,3984963.62,2355514.56,3170239.09,3012804.77,3194419.48,3399867.23,2536191.27,2.8
DC-4350,10.5,air-cooled,72.8,0.1024,163.42,1.539,11261559.7,12.7,1.334,5180040.4,2616027.36,3898033.88,3584639.79,3826943.06,4053139.09,3118427.1,3.0
DC-4351,3.23,air-cooled,65.5,0.0936,204.49,1.599,10019762.77,12.41,0.401,1418614.34,984005.88,1201310.11,1171917.41,1254972.3,1334672.82,961048.09,3.0
DC-4352,17.08,air-cooled,81.9,0.1169,179.38,1.692,11373397.28,12.66,2.162,9210344.99,4653834.72,6932089.86,6207339.47,6613597.78,7021219.45,5545671.89,2.8
DC-4353,13.47,hybrid,49.6,0.1095,172.32,1.289,13336606.13,9.19,1.238,5199754.54,2559985.92,3879870.23,3457933.25,3810945.23,4187090.68,3103896.18,3.9
DC-4354,4.31,air-cooled,65.6,0.1267,200.19,1.613,10967302.98,12.43,0.536,2265904.75,1287622.08,1776763.42,1665796.56,1784081.74,1886594.54,1421410.74,2.7
DC-4355,22.72,hybrid,66.2,0.1056,183.23,1.241,13800189.44,9.07,2.061,8686503.42,4531644.36,6609073.89,5911074.29,6484400.4,7095119.12,5287259.11,3.9
DC-4356,29.16,air-cooled,52.4,0.1077,212.49,1.732,10399073.77,12.88,3.756,14817285.33,9577349.28,12197317.3,11121095.0,11819236.6,12574431.41,9757853.84,2.7
DC-4357,19.72,liquid-cooled,89.9,0.1411,171.21,1.081,18251485.67,4.5,0.887,4782740.03,1822359.24,3302549.64,1644398.83,2568336.33,3396431.05,2642039.71,6.7
DC-4358,12.69,air-cooled,55.7,0.123,158.03,1.555,10662167.08,12.13,1.539,6225027.02,2918498.04,4571762.53,4488585.64,4779444.41,5085684.81,3657410.02,3.1
DC-4359,26.39,liquid-cooled,64.9,0.1059,179.79,1.047,16179247.53,2.44,0.644,2940937.73,1389417.12,2165177.42,2146312.19,3246924.71,4401865.2,1732141.94,13.7
DC-4360,28.34,hybrid,82.9,0.1204,195.84,1.27,14043637.4,9.93,2.814,12551234.65,6613125.12,9582179.88,7771699.22,8510999.69,9305010.62,7665743.9,3.3
DC-4361,21.03,liquid-cooled,79.8,0.1476,170.09,1.082,17921752.23,2.04,0.429,2308711.39,875623.32,1592167.36,1745006.86,2625655.39,3568409.43,1273733.89,14.9
DC-4362,8.5,air-cooled,58.7,0.1259,164.05,1.714,11930147.25,12.23,1.04,4723146.49,2047344.0,3385245.24,3074414.21,3283325.97,3496423.44,2708196.19,2.8
DC-4363,20.52,hybrid,80.2,0.1319,187.43,1.247,13699833.74,9.54,1.958,8782111.99,4403855.28,6592983.64,5595243.87,6200767.12,6768545.07,5274386.91,3.5
DC-4364,42.79,air-cooled,75.5,0.105,162.04,1.64,11724459.72,12.63,5.404,22231556.09,10507969.92,16369763.0,14600568.33,15647742.81,16778259.25,13095810.4,2.9
DC-4365,10.2,air-cooled,98.0,0.1405,188.6,1.583,11922912.86,12.96,1.322,6078372.15,2991950.4,4535161.28,3970957.36,4237321.86,4499615.26,3628129.02,2.5
DC-4366,88.09,air-cooled,76.8,0.1664,178.89,1.537,11242206.07,12.58,11.082,52514246.63,23789507.76,38151877.2,35638760.65,37732771.43,40205555.73,30521501.76,2.6
DC-4367,10.8,air-cooled,70.3,0.1042,191.42,1.723,11299493.0,12.37,1.336,5455875.38,3068845.44,4262360.41,3909172.57,4168031.54,4451941.11,3409888.33,2.9
DC-4368,16.88,liquid-cooled,61.7,0.0964,163.24,1.064,16480288.83,2.34,0.395,1801514.46,773757.6,1287636.03,1326520.91,1944845.32,2696270.97,1030108.82,14.7
DC-4369,9.6,air-cooled,63.1,0.1235,203.47,1.661,10886787.45,12.46,1.196,5042641.65,2920201.44,3981421.54,3714141.57,3954039.08,4209507.14,3185137.23,2.7
DC-4370,19.66,hybrid,62.1,0.1375,181.25,1.245,12161980.12,9.15,1.799,7559874.28,3912825.0,5736349.64,5303306.13,5872600.79,6470947.96,4589079.71,3.9
DC-4371,4.08,hybrid,88.5,0.1182,195.45,1.195,13588404.55,8.12,0.331,1409062.6,776327.4,1092695.0,1095759.16,1218666.86,1336358.34,874156.0,4.2
DC-4372,10.62,air-cooled,72.2,0.0989,198.4,1.6,10723863.15,12.4,1.317,4964119.5,3135513.6,4049816.55,3834072.63,4118398.14,4391648.61,3239853.24,3.0
DC-4373,6.86,hybrid,78.8,0.1178,166.64,1.258,14789993.21,9.7,0.665,3048912.34,1329787.2,2189349.77,1758795.62,1945674.13,2142926.88,1751479.82,3.5
DC-4374,18.33,air-cooled,90.2,0.132,197.23,1.535,11095740.66,12.54,2.299,9749303.42,5441181.24,7595242.33,7112948.23,7588454.61,8075545.72,6076193.86,2.7
DC-4375,36.44,hybrid,43.7,0.1119,162.62,1.199,13881245.13,9.44,3.44,14654515.91,6712953.6,10683734.75,10461384.01,11414979.58,12632248.67,8546987.8,3.8
DC-4376,27.57,air-cooled,87.3,0.1321,163.45,1.417,12142936.96,12.12,3.341,14493849.92,6553037.4,10523443.66,10052994.32,10770016.8,11406570.24,8418754.93,2.9
DC-4377,2.47,liquid-cooled,72.7,0.1433,213.46,1.073,16950656.29,3.93,0.097,496034.53,248467.44,372250.98,212413.85,328665.92,445154.46,297800.78,7.5
DC-4378,84.24,hybrid,77.2,0.1248,200.68,1.273,12367506.02,9.37,7.893,32677330.78,19007606.88,25842468.83,23042023.78,25599995.9,28296092.12,20673975.06,3.7
DC-4379,20.83,liquid-cooled,62.1,0.1194,215.1,1.055,18842048.9,3.86,0.804,4253636.69,2075284.8,3164460.74,1816211.52,2809881.45,3734526.15,2531568.59,7.4
DC-4380,8.84,air-cooled,62.9,0.1366,178.45,1.473,10974180.61,12.5,1.105,4642461.0,2366247.0,3504354.0,3369359.31,3560764.16,3795253.15,2803483.2,2.8
DC-4381,18.65,air-cooled,77.9,0.1029,185.54,1.587,10183219.06,12.73,2.374,8768287.61,5285663.52,7026975.56,6657391.33,7101703.89,7541540.41,5621580.45,3.0
DC-4382,18.93,air-cooled,98.0,0.1009,191.91,1.536,11390822.93,12.89,2.44,9489013.13,5619124.8,7554068.96,6832396.48,7270564.68,7737692.03,6043255.17,2.8
DC-4383,9.65,air-cooled,84.0,0.1147,183.82,1.538,10734135.91,12.27,1.184,4653952.2,2611714.56,3632833.38,3527311.74,3768185.06,4016832.81,2906266.7,3.0
DC-4384,19.27,air-cooled,87.2,0.1102,172.81,1.539,11806735.77,12.78,2.463,10121441.82,5107572.36,7614507.09,6747495.22,7274739.96,7681101.66,6091605.67,2.8
DC-4385,10.12,hybrid,69.7,0.1039,170.56,1.299,14639937.71,8.47,0.857,3801328.51,1754039.04,2777683.78,2546996.7,2784784.05,3101889.75,2222147.02,4.1
DC-4386,11.9,air-cooled,64.8,0.1566,187.21,1.647,11852029.12,12.06,1.435,7021692.06,3223756.2,5122724.13,4820320.23,5089152.93,5382501.43,4098179.3,2.6
DC-4387,9.5,air-cooled,62.6,0.1634,168.0,1.608,10346449.45,12.55,1.192,5484244.74,2403072.0,3943658.37,3766225.77,3980679.87,4248425.86,3154926.7,2.7
DC-4388,5.23,liquid-cooled,66.1,0.1129,167.58,1.047,16457300.93,3.24,0.169,793060.41,339852.24,566456.32,417756.4,637827.24,852373.03,453165.06,10.4
DC-4389,18.48,hybrid,47.4,0.1218,189.9,1.26,13465549.86,9.8,1.811,7853807.33,4126906.8,5990357.06,5222748.99,5804051.78,6403748.27,4792285.65,3.5
DC-4390,26.27,air-cooled,63.3,0.1162,182.57,1.604,11479902.87,12.99,3.412,14275195.12,7475146.08,10875170.6,9612703.89,10230311.03,10868189.47,8700136.48,2.7
DC-4391,24.83,air-cooled,65.3,0.1421,198.06,1.674,11120435.05,12.03,2.987,13605773.93,7099262.64,10352518.28,9910498.78,10559149.26,11188868.98,8282014.62,2.7
DC-4392,31.69,air-cooled,69.9,0.1461,177.63,1.606,11722081.82,12.48,3.955,18431580.18,8430319.8,13430949.99,12324883.75,13103564.09,13920015.75,10744759.99,2.7
DC-4393,21.32,air-cooled,73.6,0.0845,175.28,1.621,11041593.42,12.68,2.703,9875637.68,5685382.08,7780509.88,7172491.93,7668949.51,8161112.59,6224407.9,3.1
DC-4394,10.74,hybrid,76.3,0.1295,190.35,1.175,14001465.76,8.08,0.868,3857722.13,1982685.6,2920203.86,2930013.7,3213917.88,3556556.16,2336163.09,4.1
DC-4395,32.19,air-cooled,71.8,0.0939,171.82,1.6,11072327.85,12.42,3.998,15098925.56,8243236.32,11671080.94,10872731.89,11638428.81,12430201.84,9336864.75,3.1
DC-4396,5.55,liquid-cooled,65.0,0.1552,174.13,1.079,17338286.75,4.45,0.247,1314017.58,516121.32,915069.45,473329.64,722691.83,973611.99,732055.56,6.8
DC-4397,8.0,hybrid,48.4,0.1288,174.72,1.241,12819544.71,9.96,0.797,3386447.52,1671022.08,2528734.8,2194738.82,2433747.31,2664942.99,2022987.84,3.6
DC-4398,7.6,hybrid,65.1,0.1035,180.85,1.192,13752310.87,9.49,0.721,2982638.43,1564714.2,2273676.32,1936565.02,2136747.73,2362947.0,1818941.06,3.8
DC-4399,39.02,air-cooled,60.3,0.1152,210.59,1.541,10699983.8,12.49,4.874,19168844.49,12316987.92,15742916.2,15046509.73,16054214.98,16998432.88,12594332.96,2.8
DC-4400,34.96,air-cooled,77.6,0.1142,163.35,1.525,11452312.95,12.03,4.206,17120759.52,8244601.2,12682680.36,12186206.35,13022625.81,13887124.34,10146144.29,3.1
DC-4401,24.28,hybrid,82.9,0.1305,203.43,1.235,13845190.55,8.0,1.942,8716737.51,4740732.72,6728735.12,6753506.51,7451531.68,8222249.32,5382988.1,4.1
DC-4402,38.77,air-cooled,83.3,0.1408,195.07,1.571,11162334.06,12.11,4.695,20743461.44,10990243.8,15866852.62,15408043.34,16331580.5,17324116.39,12693482.1,2.7
DC-4403,8.14,air-cooled,81.1,0.097,207.5,1.512,11446188.63,12.37,1.007,3855172.73,2507430.0,3181301.36,3001988.24,3192910.71,3394040.13,2545041.09,2.9
DC-4404,21.73,air-cooled,70.4,0.1568,231.05,1.566,10852910.73,12.02,2.612,11917943.3,7242031.2,9579987.25,9499760.2,10015495.11,10574663.37,7663989.8,2.6
DC-4405,14.88,air-cooled,65.7,0.1521,205.47,1.536,10691195.02,12.71,1.891,8362723.18,4662525.24,6512624.21,6093393.59,6511235.87,6910648.02,5210099.37,2.6
DC-4406,32.38,hybrid,63.0,0.1025,197.89,1.207,12575360.12,9.21,2.982,11565060.1,7081295.76,9323177.93,8591074.5,9441066.74,10359923.34,7458542.34,3.9
DC-4407,15.0,air-cooled,53.9,0.1215,164.31,1.492,11056217.72,12.08,1.812,7329417.78,3572756.64,5451087.21,5368062.94,5695830.99,6081898.92,4360869.77,3.1
DC-4408,12.09,air-cooled,83.9,0.1542,166.21,1.666,11170099.66,12.52,1.514,7165253.05,3019703.28,5092478.16,4683775.91,4973727.09,5227803.02,4073982.53,2.7
DC-4409,25.35,air-cooled,69.9,0.1447,189.4,1.61,11253727.48,12.51,3.171,14401474.64,7207048.8,10804261.72,10047220.48,10654803.05,11270104.7,8643409.38,2.6
DC-4410,33.15,hybrid,57.0,0.1133,158.53,1.251,13893860.37,9.13,3.027,13104343.21,5758443.72,9431393.46,8297319.92,9180950.26,10174482.77,7545114.77,4.0
DC-4411,9.63,liquid-cooled,62.1,0.1363,193.23,1.08,16824130.94,2.85,0.274,1377727.57,635340.24,1006533.9,829763.05,1241174.54,1704483.18,805227.12,10.8
DC-4412,15.66,liquid-cooled,61.6,0.1799,151.98,1.064,17393371.38,2.81,0.44,2438469.78,802454.4,1620462.09,1337311.31,1985027.96,2685035.2,1296369.67,10.9
DC-4413,7.05,air-cooled,72.5,0.1221,201.28,1.589,10984235.71,12.15,0.857,3548433.62,2069963.52,2809198.57,2714028.27,2875568.31,3061324.5,2247358.86,2.8
DC-4414,2.23,air-cooled,84.8,0.1073,179.17,1.57,11213580.24,12.14,0.271,1075226.4,582660.84,828943.62,790811.79,847699.9,897606.83,663154.9,3.0
DC-4415,19.31,air-cooled,67.8,0.1234,185.9,1.581,10588543.8,12.02,2.321,9428007.46,5177686.8,7302847.13,7232308.13,7711074.39,8201169.85,5842277.7,3.0
DC-4416,26.77,hybrid,45.0,0.1249,172.77,1.274,13079936.69,10.56,2.827,12157701.7,5861049.48,9009375.59,7850715.4,8585123.46,9440698.14,7207500.47,3.3
DC-4417,20.28,hybrid,69.7,0.1095,155.52,1.293,14080878.44,9.98,2.024,8843575.65,3777269.76,6310422.7,4995190.35,5504132.83,6087849.44,5048338.16,3.6
DC-4418,3.46,hybrid,70.1,0.1288,202.52,1.267,12909410.38,8.35,0.289,1242208.34,702339.36,972273.85,967692.11,1074683.26,1173291.91,777819.08,4.0
DC-4419,12.42,air-cooled,69.3,0.0949,204.04,1.583,11110830.4,12.41,1.541,5832776.4,3773107.68,4802942.04,4525450.2,4819015.71,5123317.14,3842353.63,2.9
DC-4420,2.79,hybrid,64.5,0.1067,178.73,1.262,13996223.25,8.91,0.249,1068173.43,534045.24,801109.34,718045.11,793392.37,874330.89,640887.47,3.9
DC-4421,49.19,air-cooled,74.6,0.1352,193.93,1.546,10554247.73,12.35,6.075,25371609.2,14137497.0,19754553.1,19287641.11,20460320.67,21676625.59,15803642.48,2.8
DC-4422,6.9,hybrid,72.8,0.0849,178.14,1.307,13130998.59,8.04,0.555,2158976.06,1186412.4,1672694.23,1699237.35,1871563.18,2074926.62,1338155.38,4.6
DC-4423,44.89,air-cooled,71.7,0.1381,188.33,1.552,11891807.85,12.56,5.638,25484691.84,12741654.48,19113173.16,17379927.68,18557390.02,19635450.61,15290538.53,2.6
DC-4424,35.05,hybrid,77.0,0.0798,195.39,1.231,13037700.41,9.55,3.347,12577339.35,7847643.96,10212491.65,8832252.67,9760711.47,10828283.76,8169993.32,3.9
DC-4425,8.0,air-cooled,66.8,0.0854,192.33,1.568,10920657.96,12.28,0.982,3535042.83,2266416.72,2900729.78,2772717.32,2964052.69,3160012.1,2320583.82,3.1
DC-4426,6.64,air-cooled,66.2,0.11,204.11,1.565,11508297.07,12.57,0.835,3394636.85,2045182.2,2719909.52,2505564.07,2666154.69,2834724.77,2175927.62,2.7
DC-4427,21.76,hybrid,88.6,0.1257,191.78,1.286,13462107.66,8.18,1.78,7845590.71,4096420.8,5971005.76,5935651.52,6566890.82,7214626.19,4776804.61,4.1
DC-4428,8.37,air-cooled,78.7,0.1465,184.42,1.628,10550055.15,12.34,1.033,4580047.45,2286070.32,3433058.88,3283387.04,3482487.99,3705032.88,2746447.1,2.7
DC-4429,17.85,hybrid,81.9,0.1212,172.58,1.262,13392952.79,9.45,1.687,7281247.67,3493709.52,5387478.6,4617728.69,5110367.54,5621121.44,4309982.88,3.7
DC-4430,11.18,hybrid,86.7,0.1151,176.82,1.279,12829123.37,9.0,1.006,4165344.32,2134571.04,3149957.68,2902863.17,3213588.06,3499958.26,2519966.14,4.0
DC-4431,3.96,hybrid,78.3,0.1316,196.15,1.218,14057722.77,8.8,0.348,1575767.76,819122.4,1197445.08,1091285.31,1204544.69,1330156.71,957956.06,3.7
DC-4432,2.76,air-cooled,83.1,0.1026,161.47,1.669,10096282.58,12.86,0.355,1329004.8,687862.2,1008433.5,932156.56,996891.44,1071293.84,806746.8,3.1
DC-4433,19.71,air-cooled,53.0,0.1228,200.59,1.597,10909967.2,12.13,2.391,9904418.08,5755328.28,7829873.18,7591447.59,8078910.49,8570327.66,6263898.54,2.8
DC-4434,10.49,hybrid,74.4,0.096,179.78,1.272,12721992.08,9.36,0.982,3826667.88,2118527.52,2972597.7,2656040.64,2953931.93,3235534.0,2378078.16,4.0
DC-4435,10.56,air-cooled,69.8,0.1217,171.72,1.525,11502939.57,12.92,1.364,5704246.76,2810712.96,4257479.86,3844364.17,4095564.14,4365842.75,3405983.89,2.8
DC-4436,28.69,hybrid,92.1,0.1174,167.52,1.273,14378124.22,9.02,2.588,11657186.54,5202501.12,8429843.83,7365111.71,8113107.91,8950592.47,6743875.06,3.8
DC-4437,42.05,air-cooled,83.1,0.1039,194.12,1.704,10587928.08,12.56,5.281,20615927.47,12301772.64,16458850.06,15351257.03,16330798.16,17362804.45,13167080.05,2.9
DC-4438,13.22,air-cooled,64.4,0.1233,183.78,1.656,10964373.99,12.78,1.69,7140565.02,3727058.4,5433811.71,4938453.65,5256211.64,5592216.61,4347049.37,2.7
DC-4439,12.52,air-cooled,76.5,0.1232,207.83,1.513,10196424.94,12.58,1.575,6140531.61,3927987.0,5034259.3,4887559.97,5202248.92,5528098.3,4027407.44,2.8
DC-4440,24.54,air-cooled,74.0,0.1435,165.05,1.575,11399156.08,12.01,2.947,13299856.08,5836828.2,9568342.14,9256768.65,9817519.7,10424474.62,7654673.71,2.9
DC-4441,5.55,air-cooled,77.5,0.0879,175.33,1.524,10693401.14,12.19,0.677,2403212.88,1424380.92,1913796.9,1869822.4,2008441.47,2137731.04,1531037.52,3.3
DC-4442,19.66,hybrid,59.8,0.1185,182.62,1.206,14366931.88,8.53,1.677,7453513.52,3675044.88,5564279.2,5237232.19,5730501.23,6289690.71,4451423.36,4.0
DC-4443,25.57,hybrid,76.3,0.1048,172.72,1.222,13047581.78,9.6,2.455,9872333.91,5088331.2,7480332.56,6404408.54,7195658.74,7847987.46,5984266.05,3.8
DC-4444,28.34,air-cooled,69.3,0.1374,184.09,1.587,11459874.19,12.03,3.409,15193197.1,7530753.72,11361975.41,10901063.54,11547247.63,12328069.13,9089580.33,2.8
DC-4445,3.49,liquid-cooled,75.4,0.1351,188.79,1.075,18050548.47,3.45,0.12,634016.36,271857.6,452936.98,301568.52,446198.32,615210.3,362349.58,8.7
DC-4446,8.94,air-cooled,63.3,0.1302,191.27,1.632,10813845.51,12.12,1.084,4622672.09,2488040.16,3555356.12,3429740.23,3645182.78,3856870.93,2844284.9,2.8
DC-4447,8.14,liquid-cooled,65.0,0.1059,206.59,1.075,17866695.5,4.15,0.338,1679061.33,837929.04,1258495.18,719669.81,1057873.64,1418642.55,1006796.14,7.3
DC-4448,17.81,hybrid,86.1,0.1377,164.45,1.296,14666083.28,9.76,1.738,8381387.18,3429769.2,5905578.19,4673777.64,5180458.81,5698922.23,4724462.55,3.4
DC-4449,24.16,hybrid,59.4,0.0894,189.07,1.253,13636879.71,9.73,2.351,9431499.99,5334042.84,7382771.42,6151869.07,6815160.87,7503540.08,5906217.14,3.7
DC-4450,54.45,air-cooled,60.3,0.0853,174.3,1.675,11358993.1,12.81,6.975,26336397.44,14588910.0,20462653.72,18239713.92,19552608.31,20841704.79,16370122.98,3.0
DC-4451,11.07,air-cooled,71.4,0.0945,190.45,1.588,11819724.86,12.37,1.369,5395480.46,3128712.6,4262096.53,3921279.72,4158410.95,4453628.66,3409677.22,2.9
DC-4452,11.04,air-cooled,62.7,0.1193,190.47,1.622,10646107.2,12.75,1.408,5717749.87,3218181.12,4467965.5,4123935.95,4408655.88,4666685.84,3574372.4,2.8
DC-4453,41.25,hybrid,61.4,0.1335,169.2,1.199,13633395.54,9.43,3.89,17239803.11,7898256.0,12569029.56,10944060.1,12027689.44,13222792.38,10055223.65,3.7
DC-4454,20.85,air-cooled,73.3,0.0605,170.48,1.614,10147459.65,12.54,2.615,8133640.44,5349662.4,6741651.42,6665504.34,7029534.95,7465699.32,5393321.14,3.5
DC-4455,45.34,hybrid,53.9,0.1465,191.67,1.227,11809862.37,9.11,4.13,17342167.53,9499165.2,13420666.36,12799429.94,14334189.9,15515730.26,10736533.09,3.8
DC-4456,20.72,air-cooled,59.9,0.1226,184.35,1.635,9701488.4,12.74,2.64,10327249.87,5840208.0,8083728.94,7711453.17,8162770.31,8701027.4,6466983.15,2.9
DC-4457,6.52,hybrid,96.6,0.0886,180.71,1.236,13427119.08,9.25,0.603,2377694.33,1307617.56,1842655.94,1624971.32,1797309.0,1981512.87,1474124.75,4.0
DC-4458,5.66,air-cooled,77.5,0.122,193.87,1.553,11178387.9,12.69,0.718,2975254.4,1670383.92,2322819.16,2133333.51,2279111.73,2418310.2,1858255.33,2.7
DC-4459,4.75,air-cooled,63.0,0.1419,194.98,1.655,10430145.66,12.54,0.596,2607528.59,1394496.96,2001012.78,1891242.27,2010937.4,2134041.16,1600810.22,2.7
DC-4460,27.93,air-cooled,77.0,0.132,176.06,1.522,10629528.89,12.48,3.486,14369419.49,7364941.92,10867180.7,10510790.71,11155763.15,11825438.94,8693744.56,2.9
DC-4461,42.56,air-cooled,78.8,0.142,171.22,1.554,10383374.74,12.96,5.516,23390423.08,11333394.24,17361908.66,16130207.48,17173914.73,18246190.3,13889526.93,2.8
DC-4462,72.2,air-cooled,83.9,0.0927,165.07,1.583,10648126.58,12.93,9.335,34088887.1,18491141.4,26290014.25,23934618.39,25715719.77,27500334.53,21032011.4,3.1
DC-4463,32.28,hybrid,70.5,0.1117,184.5,1.284,12704336.66,8.81,2.844,11602296.09,6296616.0,8949456.04,8409826.33,9280145.82,10292912.94,7159564.83,4.1
DC-4464,41.69,air-cooled,83.7,0.1015,162.65,1.608,11783897.43,12.07,5.032,20371453.16,9821457.6,15096455.38,14089790.03,15139964.79,16130920.95,12077164.3,3.1
DC-4465,10.34,air-cooled,47.5,0.1544,185.49,1.646,11311011.49,12.94,1.338,6341913.32,2978227.44,4660070.38,4310673.99,4555423.98,4823138.08,3728056.3,2.5
DC-4466,6.52,hybrid,59.3,0.1328,202.25,1.243,12685843.32,9.38,0.612,2610236.91,1485324.0,2047780.46,1839277.74,2022981.34,2203473.45,1638224.37,3.6
DC-4467,32.46,air-cooled,74.0,0.1769,178.7,1.517,10869299.69,12.89,4.184,19941822.13,8972169.6,14456995.86,13434139.64,14236755.89,15174497.94,11565596.69,2.5
DC-4468,22.97,liquid-cooled,76.0,0.1106,175.96,1.07,16006826.35,3.06,0.703,3229405.16,1484398.56,2356901.86,1863708.03,2753002.69,3792618.03,1885521.49,11.0
DC-4469,17.92,liquid-cooled,61.1,0.1055,213.97,1.076,18305471.74,4.17,0.747,3781538.32,1918027.08,2849782.7,1543680.83,2331415.14,3111450.11,2279826.16,7.1
DC-4470,22.42,air-cooled,75.1,0.1171,206.65,1.543,11721436.47,12.74,2.856,11959691.03,7082308.8,9520999.91,8635681.38,9173472.39,9691682.0,7616799.93,2.6
DC-4471,21.3,air-cooled,64.5,0.1476,172.53,1.538,11442519.11,12.47,2.656,12035342.92,5498876.16,8767109.54,8151934.74,8665243.17,9208068.45,7013687.63,2.7
DC-4472,45.93,air-cooled,68.7,0.1127,186.09,1.625,10948045.29,12.46,5.723,23104800.91,12779916.84,17942358.88,16865515.92,17933274.54,18903295.66,14353887.1,2.9
DC-4473,46.34,hybrid,84.3,0.1225,188.93,1.248,13327286.38,8.84,4.096,17616273.39,9286287.36,13451280.38,12422932.77,13747210.04,15147380.96,10761024.3,3.9
DC-4474,25.42,hybrid,82.9,0.1219,187.05,1.256,13369353.54,9.29,2.362,10185368.02,5301745.2,7743556.61,6827529.97,7528879.75,8250523.67,6194845.29,3.7
DC-4475,32.35,hybrid,60.0,0.1208,211.22,1.249,14033847.33,8.45,2.734,12139874.61,6929705.76,9534790.18,8994834.27,9908847.11,10912820.45,7627832.14,3.8
DC-4476,24.81,hybrid,59.3,0.107,185.31,1.279,13354540.75,9.46,2.347,9778794.28,5219070.84,7498932.56,6433591.01,7168558.0,7860100.06,5999146.05,3.7
DC-4477,11.37,air-cooled,67.1,0.1173,187.56,1.571,11105515.08,12.51,1.422,5804845.95,3200523.84,4502684.89,4218008.79,4498014.02,4771578.52,3602147.91,2.8
DC-4478,30.12,hybrid,71.7,0.1164,194.33,1.242,13380639.66,8.18,2.464,10447109.09,5745949.44,8096529.26,8103039.73,8961667.61,9820455.32,6477223.41,4.2
DC-4479,5.39,hybrid,64.1,0.1198,201.85,1.226,12672817.69,9.6,0.517,2121150.16,1252277.4,1686713.78,1476659.63,1638730.14,1808798.32,1349371.02,3.6
DC-4480,38.21,hybrid,84.5,0.1389,198.05,1.29,14080783.32,9.18,3.508,16482999.33,8337112.8,12410056.06,10629470.67,11815461.21,13003118.39,9928044.85,3.5
DC-4481,6.32,liquid-cooled,76.2,0.1552,192.07,1.101,17431258.91,2.71,0.171,918352.05,394127.64,656239.84,567929.17,856740.38,1124046.82,524991.87,10.8
DC-4482,20.67,hybrid,76.9,0.1032,160.62,1.267,14168820.39,9.84,2.034,8734067.79,3920412.96,6327240.38,5095797.82,5599867.35,6191276.4,5061792.3,3.7
DC-4483,8.36,air-cooled,56.8,0.1122,176.68,1.609,10538302.44,12.42,1.038,4072370.9,2200726.08,3136548.49,2986633.55,3189925.9,3408566.91,2509238.79,3.0
DC-4484,25.6,air-cooled,86.0,0.1035,196.29,1.464,10481121.55,12.17,3.116,11393617.74,7339675.68,9366646.71,9325077.49,9945824.85,10632862.43,7493317.37,3.1
DC-4485,16.0,air-cooled,38.2,0.1237,187.76,1.545,11685178.69,14.63,2.341,9998146.27,5274553.92,7636350.1,7130598.35,7597738.47,8056055.49,6109080.08,2.4
DC-4486,4.59,air-cooled,82.0,0.1092,196.39,1.548,12024932.56,12.93,0.593,2462735.91,1397511.24,1930123.58,1701288.19,1811948.91,1926354.17,1544098.86,2.7
DC-4487,23.02,liquid-cooled,83.2,0.1248,212.31,1.068,17792860.43,4.61,1.061,5433972.88,2703130.92,4068551.9,2039664.34,3061884.05,4138889.73,3254841.52,6.4
DC-4488,10.36,air-cooled,66.8,0.1421,166.35,1.505,10897225.47,12.16,1.26,5411729.79,2515212.0,3963470.9,3884981.71,4147003.04,4391843.67,3170776.72,2.9
DC-4489,33.28,hybrid,87.3,0.0695,201.07,1.134,13091598.15,8.34,2.776,9992617.05,6698043.84,8345330.44,8339472.92,9238342.96,10259949.71,6676264.35,4.5
DC-4490,16.46,air-cooled,71.2,0.1298,179.04,1.64,10735846.75,12.03,1.98,8415994.84,4253990.4,6334992.62,6211962.1,6571111.66,6984979.94,5067994.1,2.9
DC-4491,22.56,air-cooled,72.7,0.1108,198.03,1.464,10092940.71,12.73,2.872,10522565.21,6824905.92,8673735.57,8444459.49,8928346.57,9458698.39,6938988.46,2.9
DC-4492,7.64,liquid-cooled,76.1,0.1292,183.38,1.108,18187003.43,2.99,0.228,1207392.66,501727.68,854560.17,661410.23,984768.97,1314703.52,683648.14,10.1
DC-4493,10.26,liquid-cooled,98.0,0.1021,215.91,1.053,16709523.53,2.27,0.233,1084621.16,603684.36,844152.76,868092.58,1329530.49,1765620.92,675322.21,13.7
DC-4494,11.39,air-cooled,88.1,0.1439,185.95,1.607,11471399.82,12.94,1.474,6743441.38,3289083.6,5016262.49,4455313.59,4727075.35,5022501.53,4013009.99,2.6
DC-4495,32.63,air-cooled,80.4,0.1383,174.39,1.618,10807724.96,12.75,4.16,18145656.26,8705548.8,13425602.53,12339310.35,13116106.95,13986684.18,10740482.02,2.7
DC-4496,62.92,air-cooled,61.0,0.1314,190.3,1.569,11750066.49,12.34,7.764,34294716.13,17729870.4,26012293.26,24126653.63,25625834.01,27246032.16,20809834.61,2.7
DC-4497,8.64,air-cooled,73.7,0.1359,188.86,1.559,10622612.05,12.14,1.049,4423155.72,2377369.68,3400262.7,3345722.52,3553860.23,3767734.7,2720210.16,2.9
DC-4498,38.92,air-cooled,62.2,0.1051,201.07,1.562,11487684.39,12.47,4.853,19367908.87,11709512.52,15538710.7,14349554.62,15277791.47,16268367.44,12430968.56,2.8
DC-4499,2.9,air-cooled,81.9,0.1076,190.72,1.604,10564611.34,12.01,0.348,1343134.99,796446.72,1069790.86,1059012.62,1128203.5,1198332.37,855832.69,3.0
DC-4500,6.33,liquid-cooled,73.7,0.135,221.13,1.035,17192535.05,4.66,0.295,1488143.53,782800.2,1135471.86,565287.22,865005.19,1138689.36,908377.49,6.3
DC-4501,7.64,hybrid,58.5,0.1046,182.33,1.258,14395600.81,8.66,0.662,2880840.47,1448429.52,2164635.0,1969721.32,2185374.91,2410736.16,1731708.0,4.0
DC-4502,5.57,liquid-cooled,73.0,0.1489,182.51,1.08,18000875.16,4.09,0.228,1233230.93,499347.36,866289.14,467664.49,721432.89,965858.84,693031.31,7.2
DC-4503,4.63,hybrid,61.8,0.1135,174.94,1.297,13415518.86,8.22,0.381,1627167.8,799825.68,1213496.74,1182727.79,1316937.94,1445465.85,970797.39,4.3
DC-4504,22.88,air-cooled,73.8,0.13,185.29,1.583,11310538.55,12.75,2.917,12590277.84,6485891.16,9538084.5,8694091.43,9216334.16,9849684.57,7630467.6,2.7
DC-4505,13.86,liquid-cooled,61.7,0.162,187.47,1.057,18858148.89,3.87,0.536,3050220.34,1205807.04,2128013.69,1229265.77,1907650.03,2489796.41,1702410.95,7.3
DC-4506,22.28,air-cooled,72.3,0.1059,188.22,1.629,11302973.51,12.58,2.803,11276382.46,6330967.92,8803675.19,8032410.18,8594509.98,9097216.65,7042940.15,2.8
DC-4507,28.57,liquid-cooled,81.0,0.1214,185.01,1.048,18506989.01,3.07,0.877,4584232.03,1947045.24,3265638.64,2383792.58,3685875.85,4865276.12,2612510.91,9.8
DC-4508,20.34,air-cooled,71.4,0.1411,174.85,1.55,10106352.17,12.8,2.604,10837097.63,5463712.8,8150405.22,7728806.19,8278191.9,8772082.37,6520324.18,2.8
DC-4509,27.83,air-cooled,67.3,0.139,170.78,1.582,10931735.59,12.86,3.579,15588624.6,7334659.44,11461642.02,10455714.51,11139296.93,11831027.21,9169313.62,2.7
DC-4510,15.55,liquid-cooled,74.4,0.1134,178.37,1.07,17318497.03,4.49,0.698,3428210.09,1494027.12,2461118.6,1287982.03,1953956.65,2594668.25,1968894.88,7.1
DC-4511,6.36,hybrid,80.4,0.1097,201.12,1.276,12638208.56,8.44,0.537,2166629.1,1296017.28,1731323.19,1714383.42,1892069.87,2068578.5,1385058.55,4.1
DC-4512,38.33,liquid-cooled,58.7,0.1153,204.35,1.076,17099112.88,4.62,1.771,8654156.19,4342846.2,6498501.2,3132484.53,4901085.75,6643393.8,5198800.96,6.6
DC-4513,10.26,liquid-cooled,75.1,0.149,182.85,1.064,18366449.07,3.99,0.409,2237315.27,897427.8,1567371.54,878915.43,1353799.72,1793245.01,1253897.23,7.4
DC-4514,7.78,air-cooled,87.8,0.1144,169.88,1.643,11424502.33,12.07,0.939,3929997.53,1914207.84,2922102.68,2754870.07,2936029.64,3145911.73,2337682.14,3.0
DC-4515,14.26,air-cooled,78.9,0.1216,182.78,1.514,10796641.2,12.01,1.713,6872539.94,3757225.68,5314882.81,5252150.84,5592994.0,5969473.79,4251906.25,3.0
DC-4516,7.92,air-cooled,72.7,0.1115,215.37,1.613,11064575.89,12.71,1.007,4062516.2,2602531.08,3332523.64,3067969.28,3250702.4,3456538.12,2666018.91,2.7
DC-4517,11.78,hybrid,79.7,0.1341,198.98,1.276,13551053.96,9.33,1.099,4956800.95,2624148.24,3790474.6,3281562.98,3652924.83,4019425.09,3032379.68,3.5
DC-4518,21.66,hybrid,77.4,0.1231,192.26,1.236,13778718.02,8.96,1.941,8530278.37,4478119.92,6504199.14,5837466.29,6445659.15,7170205.11,5203359.31,3.7
DC-4519,21.73,air-cooled,81.0,0.0999,198.44,1.56,11622017.3,12.07,2.623,10355247.15,6246097.44,8300672.3,7911063.01,8427648.63,8951873.26,6640537.84,2.9
DC-4520,8.02,hybrid,47.7,0.1006,207.11,1.269,12914606.86,8.47,0.679,2708005.79,1687532.28,2197769.04,2258257.36,2481517.0,2739265.15,1758215.23,4.1
DC-4521,11.13,hybrid,53.4,0.08,166.71,1.235,13714521.6,8.82,0.982,3842722.6,1964510.64,2903616.62,2667704.36,2943524.51,3258533.65,2322893.3,4.3
DC-4522,38.84,air-cooled,84.1,0.1034,178.12,1.508,11163832.95,12.86,4.995,19214636.32,10676512.8,14945574.56,13670395.21,14683145.01,15556220.03,11956459.65,2.9
DC-4523,24.46,hybrid,53.9,0.1359,176.07,1.246,12595815.75,8.72,2.133,9134387.42,4506687.72,6820537.57,6540470.61,7274230.77,8008015.59,5456430.06,4.0
DC-4524,86.49,hybrid,76.8,0.1465,192.81,1.286,12934997.11,9.75,8.433,38157798.98,19511600.76,28834699.87,24525190.57,26879922.42,29550053.47,23067759.9,3.4
DC-4525,42.27,liquid-cooled,67.8,0.1337,186.4,1.08,16896709.62,3.59,1.517,7614935.45,3393225.6,5504080.52,3780221.35,5404247.59,7252741.63,4403264.42,8.6
DC-4526,41.08,air-cooled,60.0,0.1311,195.34,1.601,10583460.49,12.85,5.279,22121787.52,12374398.32,17248092.92,15976475.39,16926092.31,17975722.48,13798474.34,2.7
DC-4527,5.42,air-cooled,76.2,0.1175,176.4,1.48,11181864.82,12.02,0.651,2609353.07,1378036.8,1993694.94,1957235.47,2089089.93,2230707.35,1594955.95,3.1
DC-4528,30.3,air-cooled,74.4,0.1355,204.58,1.627,10923702.78,12.5,3.788,16510778.2,9299388.48,12905083.34,12132078.32,12799622.7,13536933.15,10324066.67,2.6
DC-4529,15.76,air-cooled,97.3,0.1257,182.96,1.563,10890749.38,12.95,2.041,8452262.36,4481056.32,6466659.34,5914224.9,6297581.24,6639106.46,5173327.47,2.7
DC-4530,10.58,liquid-cooled,64.5,0.1561,194.42,1.081,17675707.36,2.07,0.219,1183943.19,510935.76,847439.48,934436.24,1404717.87,1905775.19,677951.58,14.0
DC-4531,18.81,air-cooled,89.3,0.118,201.93,1.535,11254675.34,12.61,2.372,9696113.98,5747735.52,7721924.75,7267203.13,7671376.69,8088668.98,6177539.8,2.7
DC-4532,35.03,hybrid,76.2,0.1469,200.73,1.288,13219769.53,9.57,3.352,15403048.84,8074163.52,11738606.18,10033645.44,11067834.24,12168061.12,9390884.94,3.4
DC-4533,24.55,air-cooled,64.1,0.1375,189.41,1.565,11520428.12,12.97,3.184,14153318.24,7236977.28,10695147.76,9508926.56,10087776.99,10742463.43,8556118.21,2.6
DC-4534,8.14,air-cooled,81.6,0.1347,196.29,1.632,10577302.94,12.95,1.054,4507142.27,2482675.92,3494909.1,3174106.01,3381722.95,3587630.94,2795927.28,2.6
DC-4535,29.78,air-cooled,78.8,0.0798,210.12,1.653,10874339.23,12.81,3.815,13627356.15,9619293.6,11623324.88,10652031.24,11270130.74,11968371.65,9298659.9,2.9
DC-4536,9.87,hybrid,72.4,0.1386,191.7,1.226,12605779.68,9.43,0.931,3993817.87,2141672.4,3067745.14,2758358.05,3042404.58,3335485.16,2454196.11,3.6
DC-4537,19.56,hybrid,75.2,0.1174,173.06,1.273,13416415.21,9.84,1.925,8259423.01,3997686.0,6128554.5,5059625.77,5607476.85,6115809.87,4902843.6,3.6
DC-4538,12.9,air-cooled,64.8,0.1111,192.75,1.579,10773169.73,12.08,1.558,6124151.13,3603654.0,4863902.56,4751075.96,5062357.9,5394472.52,3891122.05,3.0
DC-4539,13.8,liquid-cooled,62.1,0.0903,183.44,1.083,17811375.89,3.11,0.429,2065534.98,944349.12,1504942.05,1120426.56,1694237.57,2252242.29,1203953.64,10.3
DC-4540,30.36,air-cooled,81.1,0.1199,148.78,1.585,9996143.57,12.72,3.862,15008229.34,6895060.32,10951644.83,10433779.86,11146996.1,11871030.57,8761315.86,3.1
DC-4541,7.16,air-cooled,69.3,0.1207,190.93,1.569,10766972.3,12.85,0.92,3727485.27,2107867.2,2917676.24,2701167.26,2870219.93,3038966.51,2334140.99,2.8
DC-4542,77.96,air-cooled,71.0,0.0939,185.75,1.518,11586602.65,12.37,9.644,36873378.22,21496476.0,29184927.11,27323511.47,29019877.51,30819699.52,23347941.69,3.0
DC-4543,3.83,air-cooled,75.4,0.0905,201.35,1.578,10729001.91,12.92,0.495,1799438.6,1196019.0,1497728.8,1368890.12,1452415.21,1560499.19,1198183.04,2.9
DC-4544,10.19,liquid-cooled,75.2,0.1297,172.75,1.087,17059896.12,2.9,0.296,1487727.67,613608.0,1050667.84,830520.9,1259712.11,1731352.81,840534.27,10.9
DC-4545,22.11,air-cooled,54.8,0.1374,161.41,1.553,11325426.58,12.78,2.826,12394806.42,5473735.92,8934271.17,8143865.27,8668663.48,9199693.58,7147416.94,2.8
DC-4546,26.24,air-cooled,87.4,0.1238,186.53,1.481,10821744.14,12.41,3.256,13059681.72,7288100.16,10173890.94,9827972.97,10454200.01,11103181.82,8139112.75,2.9
DC-4547,15.17,air-cooled,73.5,0.143,189.7,1.662,11645713.45,12.55,1.904,8891471.48,4334265.6,6612868.54,6002260.6,6352846.35,6770621.2,5290294.83,2.6
DC-4548,15.71,hybrid,69.6,0.1183,185.41,1.252,13473372.72,9.73,1.529,6561765.34,3401902.68,4981834.01,4119061.23,4600758.31,5096398.14,3985467.21,3.5
DC-4549,22.84,air-cooled,77.2,0.1189,184.31,1.636,10550041.72,12.94,2.955,11963176.9,6535632.6,9249404.75,8445004.64,8982880.13,9533360.36,7399523.8,2.8
DC-4550,13.67,hybrid,74.8,0.1017,167.97,1.283,13506854.72,9.89,1.352,5603414.98,2725145.28,4164280.13,3398022.97,3776259.02,4159875.98,3331424.1,3.7
DC-4551,50.13,air-cooled,81.2,0.0888,181.92,1.651,11255946.64,12.73,6.382,24159792.15,13932161.28,19045976.72,17158863.01,18313673.87,19629006.37,15236781.38,3.0
DC-4552,32.18,air-cooled,78.5,0.1571,178.77,1.565,10533182.12,12.64,4.068,18283438.37,8726836.32,13505137.34,12758753.73,13583614.59,14517506.71,10804109.87,2.7
DC-4553,33.06,hybrid,80.6,0.1426,200.09,1.232,13430064.81,8.84,2.923,13222025.87,7018356.84,10120191.36,9383469.12,10437694.22,11431628.27,8096153.09,3.7
DC-4554,7.59,air-cooled,88.2,0.0921,189.69,1.567,10958461.13,12.15,0.922,3410904.81,2098730.16,2754817.49,2675989.93,2849229.12,3026354.04,2203853.99,3.1
DC-4555,15.43,liquid-cooled,82.6,0.1231,179.83,1.091,16170871.39,3.09,0.477,2275296.38,1029346.92,1652321.65,1272723.08,1944574.91,2599167.78,1321857.32,10.5
DC-4556,12.93,air-cooled,70.1,0.118,209.86,1.626,10836795.35,12.38,1.601,6546393.62,4031830.32,5289111.97,5039395.42,5323371.05,5651419.41,4231289.58,2.8
DC-4557,7.36,hybrid,58.5,0.1145,179.97,1.237,13374081.8,8.67,0.638,2687737.0,1377850.32,2032793.66,1923164.73,2136177.49,2337849.17,1626234.93,4.1
DC-4558,21.94,air-cooled,92.0,0.1118,192.37,1.606,11001363.03,12.81,2.811,11293508.31,6489024.84,8891266.57,8159784.06,8644940.79,9191577.08,7113013.26,2.8
DC-4559,10.7,hybrid,69.1,0.1276,181.5,1.246,14556605.27,9.36,1.002,4636805.17,2182356.0,3409580.58,2846448.9,3149553.52,3489997.4,2727664.46,3.5
DC-4560,27.78,air-cooled,66.3,0.1364,208.47,1.572,10244439.05,12.07,3.353,13931273.14,8387998.92,11159636.03,11239007.33,11849389.93,12534426.67,8927708.82,2.8
DC-4561,6.99,air-cooled,51.2,0.128,185.3,1.577,11081162.62,12.46,0.871,3684973.79,1936755.6,2810864.7,2636249.3,2825050.52,2974031.33,2248691.76,2.8
DC-4562,65.05,air-cooled,76.1,0.1176,185.75,1.576,10608006.54,12.96,8.43,33558920.94,18790470.0,26174695.47,24049567.44,25541743.26,27163728.51,20939756.38,2.8
DC-4563,8.03,air-cooled,73.8,0.1169,181.9,1.564,10522046.83,12.84,1.031,4061972.41,2250466.8,3156219.6,2941618.41,3128498.72,3328974.3,2524975.68,2.9
DC-4564,19.6,air-cooled,53.8,0.1387,186.95,1.559,11635302.04,12.46,2.442,10939736.03,5478382.8,8209059.41,7621630.96,8107044.22,8605137.94,6567247.53,2.7
DC-4565,30.98,air-cooled,77.4,0.1293,201.99,1.556,11643878.84,12.23,3.789,16481998.58,9184081.32,12833039.95,12055413.56,12902336.9,13674036.3,10266431.96,2.7
DC-4566,10.42,hybrid,66.0,0.1215,196.69,1.238,13623413.91,8.52,0.888,3858429.47,2095928.64,2977179.06,2829983.89,3117738.86,3452831.46,2381743.25,3.9
DC-4567,32.52,hybrid,98.0,0.1193,184.42,1.207,12577503.59,9.11,2.963,12019106.9,6557237.52,9288172.21,8606811.8,9533851.73,10547127.03,7430537.77,3.9
DC-4568,6.15,hybrid,65.2,0.1269,209.52,1.245,14606482.61,9.76,0.6,2777929.08,1508544.0,2143236.54,1718644.03,1896735.56,2086467.1,1714589.23,3.2
DC-4569,52.55,hybrid,66.8,0.1106,197.09,1.252,13553130.32,8.25,4.335,18314570.64,10252621.8,14283596.22,14072076.77,15609208.47,17285152.86,11426876.98,4.1
DC-4570,16.63,air-cooled,61.5,0.1364,177.43,1.577,10320230.77,12.29,2.044,8539188.43,4352003.04,6445595.74,6308838.08,6703899.88,7113113.54,5156476.59,2.9
DC-4571,10.2,air-cooled,87.3,0.0985,163.29,1.574,11161739.36,12.41,1.266,4859576.66,2480701.68,3670139.17,3434370.29,3682568.7,3926319.81,2936111.34,3.1
DC-4572,12.94,air-cooled,67.5,0.1118,177.77,1.582,11011415.78,12.78,1.654,6609948.78,3528378.96,5069163.87,4632028.4,4960525.16,5263533.95,4055331.1,2.9
DC-4573,31.41,hybrid,63.3,0.1322,190.2,1.209,14622491.27,8.69,2.73,12693275.74,6230952.0,9462113.87,8607477.36,9485275.31,10439114.23,7569691.1,3.7
DC-4574,10.3,air-cooled,80.5,0.0973,192.96,1.545,11293079.72,12.86,1.325,5070047.48,3068064.0,4069055.74,3686783.71,3914599.62,4169434.98,3255244.59,2.8
DC-4575,9.03,air-cooled,55.4,0.0885,204.39,1.62,10275592.04,12.55,1.133,4010124.45,2778886.44,3394505.44,3234168.44,3443621.89,3672220.37,2715604.35,3.0
DC-4576,13.77,hybrid,79.5,0.1213,167.58,1.216,13881623.43,8.89,1.224,5357340.55,2461415.04,3909377.8,3535245.19,3928074.26,4319594.12,3127502.24,4.0
DC-4577,6.41,air-cooled,93.4,0.0861,177.41,1.607,10846770.39,12.08,0.774,2803776.82,1647784.08,2225780.45,2164331.69,2313673.8,2473798.14,1780624.36,3.2
DC-4578,70.56,liquid-cooled,78.8,0.094,166.34,1.076,17942126.98,2.04,1.439,7012478.35,2872359.12,4942418.73,5575413.77,8290019.2,11170001.65,3953934.98,16.1
DC-4579,10.45,liquid-cooled,79.7,0.1351,163.92,1.126,18043374.1,3.91,0.409,2184973.16,804519.36,1494746.26,844554.92,1258813.03,1733668.63,1195797.01,7.9
DC-4580,31.99,air-cooled,82.4,0.1159,174.58,1.567,10593223.92,12.51,4.002,15787889.15,8384029.92,12085959.54,11512349.31,12250387.33,13005759.92,9668767.63,3.0
DC-4581,19.44,air-cooled,92.5,0.1457,189.5,1.578,12041127.19,12.27,2.385,11185311.18,5423490.0,8304400.59,7654254.82,8179238.5,8727839.52,6643520.47,2.6
DC-4582,7.48,air-cooled,86.5,0.0959,195.57,1.647,11550313.39,12.72,0.951,3756787.28,2231844.84,2994316.06,2671444.28,2862047.51,3061450.51,2395452.85,2.8
DC-4583,16.37,hybrid,77.3,0.1181,169.77,1.257,14743649.24,8.05,1.318,6032226.87,2685082.32,4358654.6,4169177.77,4621308.75,5098862.39,3486923.68,4.2
DC-4584,30.79,air-cooled,82.8,0.128,171.86,1.546,10512135.69,12.65,3.895,15850815.59,8032736.4,11941776.0,11264004.36,12012829.53,12820617.34,9553420.8,2.9
DC-4585,14.15,hybrid,61.4,0.0966,157.3,1.203,13514337.92,9.37,1.326,5332090.05,2502957.6,3917523.82,3427677.52,3773897.49,4174419.45,3134019.06,4.1
DC-4586,42.71,hybrid,81.3,0.1406,187.22,1.219,14809547.39,9.97,4.258,20406035.77,9566193.12,14986114.44,11795237.18,12956797.62,14355699.62,11988891.55,3.2
DC-4587,37.23,air-cooled,59.9,0.1302,173.02,1.614,11074626.53,12.96,4.825,20756566.4,10017858.0,15387212.2,13914563.99,14749042.37,15621634.62,12309769.76,2.7
DC-4588,34.3,air-cooled,67.6,0.0878,208.95,1.558,10879129.91,12.5,4.288,15504918.52,10751731.2,13128324.86,12373776.31,13199537.42,14023343.95,10502659.89,2.9
DC-4589,11.38,hybrid,35.0,0.1192,190.15,1.213,13224606.74,11.97,1.362,5727763.51,3107811.6,4417787.56,4168397.63,4488298.74,4855715.93,3534230.05,2.9
DC-4590,6.93,air-cooled,76.8,0.1277,181.43,1.522,11231888.1,12.59,0.872,3661147.35,1898483.52,2779815.44,2590948.96,2768091.36,2930755.11,2223852.35,2.8
DC-4591,10.07,hybrid,64.3,0.1082,174.38,1.204,13657842.94,8.11,0.817,3412009.27,1709621.52,2560815.4,2563923.79,2826397.95,3119493.37,2048652.32,4.4
DC-4592,19.24,air-cooled,85.3,0.0904,161.58,1.532,10894210.03,12.04,2.316,8416650.85,4490631.36,6453641.1,6362333.62,6791773.41,7271683.01,5162912.88,3.4
DC-4593,25.45,hybrid,76.7,0.1256,163.48,1.3,12910055.41,9.65,2.456,10558918.71,4818082.56,7688500.64,6548455.85,7294715.43,8005836.56,6150800.51,3.7
DC-4594,2.89,liquid-cooled,85.5,0.1642,174.67,1.09,18889285.33,3.67,0.106,611139.42,222180.24,416659.83,247128.27,377080.82,504821.88,333327.86,7.8
DC-4595,16.34,liquid-cooled,59.0,0.1123,173.52,1.104,18325017.73,2.77,0.453,2336702.63,943254.72,1639978.67,1356396.29,2045688.99,2680619.67,1311982.94,11.2
DC-4596,18.66,air-cooled,84.5,0.1514,169.01,1.596,11240090.17,12.45,2.323,10719518.71,4711322.76,7715420.74,7220052.6,7648791.93,8074800.67,6172336.59,2.7
DC-4597,13.17,air-cooled,97.3,0.105,189.66,1.51,11022859.44,12.22,1.609,6176021.51,3661955.28,4918988.39,4775730.98,5066893.29,5399318.03,3935190.71,3.0
DC-4598,46.2,hybrid,81.2,0.1243,191.71,1.287,13924648.8,8.82,4.075,18320138.53,9374619.0,13847378.76,12501666.27,13780165.47,15157008.98,11077903.01,3.8
DC-4599,23.04,air-cooled,81.5,0.1354,177.12,1.667,11519836.9,12.06,2.779,12608876.36,5906597.76,9257737.06,8609091.02,9240487.06,9806647.41,7406189.65,2.8
DC-4600,46.91,air-cooled,74.0,0.1198,213.03,1.525,10997492.67,12.97,6.084,24605493.58,15552894.24,20079193.91,18238063.76,19532474.3,20726669.26,16063355.13,2.6
DC-4601,13.84,liquid-cooled,65.7,0.114,157.8,1.086,17657394.59,4.85,0.671,3360628.69,1270605.6,2315617.14,1091889.72,1654450.72,2251488.98,1852493.71,6.7
DC-4602,34.81,air-cooled,81.1,0.1345,184.87,1.524,11332770.57,12.9,4.49,19369863.33,9960795.6,14665329.46,13397533.68,14257701.14,15197461.52,11732263.57,2.7
DC-4603,60.83,air-cooled,53.9,0.1578,180.72,1.582,11601842.97,12.31,7.488,35680546.3,16238776.32,25959661.31,24358071.84,25969367.1,27486590.47,20767729.05,2.6
DC-4604,46.96,air-cooled,67.0,0.126,175.74,1.495,10754402.7,12.77,5.997,24227810.84,12646953.36,18437382.1,17352702.83,18507313.68,19691998.06,14749905.68,2.9
DC-4605,6.86,hybrid,50.7,0.1097,173.54,1.199,13457702.72,8.67,0.595,2464969.59,1239075.6,1852022.6,1743009.49,1937775.64,2130058.16,1481618.08,4.2
DC-4606,13.42,hybrid,63.6,0.1162,183.9,1.274,14121265.92,9.9,1.329,5893954.17,2932837.2,4413395.69,3529021.88,3894188.2,4317240.35,3530716.55,3.4
DC-4607,12.48,air-cooled,79.7,0.1704,180.62,1.481,11631709.74,12.01,1.499,7188483.0,3248992.56,5218737.78,5111843.14,5437525.47,5766217.21,4174990.22,2.7
DC-4608,24.32,air-cooled,78.1,0.1227,178.12,1.568,10654646.46,12.04,2.928,11867380.62,6258424.32,9062902.47,8945219.6,9512130.47,10133342.37,7250321.98,3.0
DC-4609,28.48,air-cooled,72.6,0.1081,164.52,1.568,11292943.39,12.82,3.651,14583444.81,7207950.24,10895697.52,9856893.78,10527828.24,11238955.22,8716558.02,2.9
DC-4610,8.41,hybrid,74.0,0.0971,159.73,1.203,13648048.69,8.06,0.678,2750081.02,1299563.28,2024822.15,2031978.76,2246831.16,2486502.81,1619857.72,4.7
DC-4611,17.36,air-cooled,49.4,0.0835,179.67,1.539,10757496.07,12.65,2.196,7721732.48,4734663.84,6228198.16,5920915.51,6283269.33,6691447.38,4982558.53,3.1
DC-4612,3.27,liquid-cooled,67.5,0.1273,177.97,1.108,17996390.44,2.38,0.078,408312.99,166579.92,287446.46,269084.17,407133.81,551759.65,229957.17,12.8
DC-4613,52.12,air-cooled,63.8,0.1331,181.04,1.578,10494778.42,12.02,6.265,26137902.96,13610587.2,19874245.08,19809081.2,21067720.39,22365479.96,15899396.06,3.0
DC-4614,10.91,liquid-cooled,64.1,0.1121,182.37,1.089,16182346.67,2.14,0.233,1087054.67,509906.52,798480.6,899514.79,1363541.61,1805373.47,638784.48,15.4
DC-4615,17.2,air-cooled,79.2,0.1197,176.16,1.602,11495883.38,12.23,2.104,8909289.31,4447687.68,6678488.5,6239974.22,6656881.93,7099724.19,5342790.8,2.9
DC-4616,12.84,hybrid,61.7,0.0966,180.81,1.252,13634921.2,8.12,1.043,4265291.05,2263017.96,3264154.5,3214213.48,3578836.6,3937073.73,2611323.6,4.4
DC-4617,41.13,air-cooled,64.7,0.1227,171.2,1.557,11425384.36,12.16,5.001,21066806.85,10274054.4,15670430.62,14870768.74,15901840.02,16862190.6,12536344.5,3.0
DC-4618,1.7,air-cooled,47.0,0.1296,206.86,1.586,10740109.3,13.52,0.23,963072.19,570933.6,767002.9,703197.08,745356.65,791044.96,613602.32,2.5
DC-4619,16.23,liquid-cooled,68.5,0.1093,172.0,1.099,17649792.47,2.39,0.388,1930080.17,800832.0,1365456.08,1296329.46,1918777.25,2610667.18,1092364.86,13.4
DC-4620,15.11,liquid-cooled,58.9,0.1538,178.44,1.072,17271625.85,4.3,0.65,3433580.68,1391832.0,2412706.34,1308042.19,1948695.22,2608805.21,1930165.07,7.0
DC-4621,11.44,air-cooled,73.0,0.1033,173.14,1.601,10730082.04,12.9,1.476,5657833.29,3066655.68,4362244.49,4001050.09,4261454.42,4533762.16,3489795.59,3.0
DC-4622,65.43,hybrid,60.6,0.1257,172.89,1.239,12269459.32,9.51,6.222,25453262.87,12908658.96,19180960.92,17079525.24,19038804.97,21035275.64,15344768.74,3.8
DC-4623,8.09,hybrid,73.3,0.137,184.37,1.276,13718287.37,8.46,0.684,3132625.21,1513308.96,2322967.08,2213193.53,2444341.03,2699118.47,1858373.66,3.9
DC-4624,30.49,liquid-cooled,70.3,0.1185,182.47,1.056,17434748.74,3.23,0.985,4896021.27,2156795.4,3526408.34,2429032.32,3772240.07,5196145.65,2821126.67,9.7
DC-4625,21.87,air-cooled,92.1,0.1162,177.11,1.539,10744217.2,12.0,2.624,10375743.11,5576839.68,7976291.4,7868127.46,8443941.73,8997205.23,6381033.12,3.1
DC-4626,45.12,air-cooled,78.0,0.0914,179.75,1.538,10566140.29,12.02,5.423,19411370.41,11697411.0,15554390.7,15445207.88,16542454.6,17667673.32,12443512.56,3.3
DC-4627,9.64,air-cooled,49.9,0.1471,173.2,1.562,10973538.88,12.14,1.17,5208080.84,2431728.0,3819904.42,3724818.3,3956181.37,4198813.06,3055923.54,2.8
DC-4628,9.15,air-cooled,56.8,0.1166,190.03,1.6,11158045.95,12.15,1.112,4574580.48,2535760.32,3555170.4,3417098.0,3631155.98,3831296.69,2844136.32,2.9
DC-4629,39.52,liquid-cooled,72.7,0.1307,214.83,1.097,18483809.67,4.01,1.585,8501153.31,4086066.6,6293609.96,3481398.17,5213336.36,7070103.9,5034887.97,7.1
DC-4630,23.11,air-cooled,60.8,0.1335,170.88,1.485,11458670.36,12.3,2.843,12176623.84,5829742.08,9003182.96,8622103.0,9185726.08,9713184.53,7202546.37,2.9
DC-4631,4.78,air-cooled,36.4,0.1074,189.91,1.561,11364878.47,15.68,0.75,2995616.11,1709190.0,2352403.05,2124841.0,2259865.34,2394925.88,1881922.44,2.3
DC-4632,10.68,hybrid,88.2,0.116,184.67,1.265,13030280.29,8.17,0.873,3650065.59,1934602.92,2792334.26,2827831.41,3138283.0,3433237.8,2233867.41,4.3
DC-4633,22.4,hybrid,80.6,0.1467,194.03,1.281,13199958.87,9.12,2.043,9355973.75,4756839.48,7056406.62,6294200.16,6944327.55,7635698.81,5645125.3,3.6
DC-4634,32.14,air-cooled,78.3,0.0977,194.45,1.597,10170485.67,12.82,4.12,14942842.72,9613608.0,12278225.36,11523686.27,12311916.0,13007180.95,9822580.29,2.9
DC-4635,9.55,air-cooled,64.7,0.1626,187.08,1.62,10649761.05,12.21,1.166,5450003.73,2617623.36,4033813.54,3888255.81,4129418.54,4366238.24,3227050.83,2.7
DC-4636,1.6,liquid-cooled,77.1,0.1051,183.4,1.066,17425922.66,4.91,0.079,383455.56,173863.2,278659.38,131025.89,198492.63,265615.33,222927.5,6.5
DC-4637,24.99,air-cooled,63.5,0.0964,177.48,1.574,10543682.36,12.16,3.039,11159897.43,6472340.64,8816119.04,8631938.77,9212045.47,9818928.26,7052895.23,3.2
DC-4638,6.2,hybrid,74.5,0.1226,172.53,1.275,12754150.02,8.01,0.497,2089176.75,1028968.92,1559072.84,1611555.94,1770949.74,1955764.21,1247258.27,4.5
DC-4639,3.27,hybrid,61.0,0.1642,182.55,1.225,13410083.49,9.74,0.318,1507971.5,696610.8,1102291.15,926867.01,1023819.64,1131779.89,881832.92,3.3
DC-4640,1.71,air-cooled,90.2,0.0818,164.73,1.568,10887895.06,12.32,0.211,747596.39,417096.36,582346.38,554823.61,595756.19,638338.7,465877.1,3.3
DC-4641,31.54,liquid-cooled,53.2,0.1172,175.09,1.095,18075972.46,2.16,0.681,3501081.34,1430835.48,2465958.41,2543712.02,3863222.35,5174251.78,1972766.73,14.4
DC-4642,18.23,hybrid,86.8,0.1295,200.6,1.289,13186170.8,9.73,1.774,7792343.89,4270372.8,6031358.34,5095553.45,5626622.34,6165924.79,4825086.67,3.4
DC-4643,13.73,air-cooled,72.5,0.1207,185.48,1.6,12033785.43,12.01,1.649,7199378.56,3670278.24,5434828.4,5151275.84,5441621.44,5780972.83,4347862.72,2.8
DC-4644,49.96,hybrid,66.1,0.1276,197.39,1.267,13299121.74,9.73,4.861,21250262.92,11514153.48,16382208.2,13640167.16,15073457.95,16616027.27,13105766.56,3.4
DC-4645,27.38,hybrid,74.0,0.1056,206.04,1.239,13801715.56,8.77,2.401,10115874.68,5936424.48,8026149.58,7385274.11,8163743.82,8982476.15,6420919.66,3.8
DC-4646,59.92,hybrid,80.8,0.108,181.34,1.244,14175834.79,8.13,4.871,21077348.08,10599685.68,15838516.88,15525071.05,17088978.24,18780441.16,12670813.5,4.3
DC-4647,5.4,liquid-cooled,88.4,0.117,187.11,1.081,17505456.16,2.73,0.147,734711.86,330062.04,532386.95,440789.24,673751.16,908933.45,425909.56,11.4
DC-4648,16.0,air-cooled,75.8,0.0974,179.47,1.529,10227731.66,12.7,2.032,7269294.59,4376196.48,5822745.54,5553784.43,5928960.97,6320825.98,4658196.43,3.1
DC-4649,4.51,air-cooled,61.3,0.1191,171.81,1.591,10198975.79,12.13,0.547,2147716.09,1127760.84,1637738.46,1627837.98,1731698.17,1842120.5,1310190.77,3.1
DC-4650,13.69,air-cooled,72.7,0.1122,169.71,1.507,10984246.57,12.09,1.655,6491128.11,3370440.6,4930784.36,4791664.39,5145787.38,5507767.03,3944627.49,3.1
DC-4651,13.48,air-cooled,93.8,0.1106,196.65,1.526,11202393.31,12.09,1.63,6467668.84,3846474.0,5157071.42,5035231.81,5336690.67,5653279.6,4125657.14,2.9
DC-4652,27.15,air-cooled,88.2,0.1264,187.13,1.535,10547916.22,12.83,3.483,14083968.94,7821285.48,10952627.21,10280130.43,10914914.28,11569528.36,8762101.77,2.8
DC-4653,17.06,liquid-cooled,82.9,0.0836,211.7,1.073,17226279.72,2.88,0.491,2265404.62,1247336.4,1756370.51,1437125.58,2211762.84,2886154.28,1405096.41,10.9
DC-4654,27.08,hybrid,81.5,0.1154,198.58,1.216,12861371.06,9.16,2.481,10140694.81,5912123.76,8026409.28,7347699.41,8053922.98,8930474.82,6421127.42,3.8
DC-4655,28.87,hybrid,80.4,0.1663,173.03,1.265,14053713.04,8.19,2.364,11739350.16,4908515.04,8323932.6,8018971.49,8857785.88,9840417.12,6659146.08,3.9
DC-4656,92.2,hybrid,85.9,0.0983,196.61,1.225,14102137.2,9.25,8.528,35720939.96,20120280.96,27920610.46,23950952.31,26590226.43,29301070.66,22336488.37,3.7
DC-4657,12.78,hybrid,66.5,0.1457,179.42,1.216,13187725.14,8.4,1.074,4814339.57,2312364.96,3563352.26,3512008.66,3887264.55,4260822.06,2850681.81,4.0
DC-4658,7.75,air-cooled,55.7,0.1211,202.25,1.578,10791504.9,12.32,0.955,3888866.39,2317785.0,3103325.7,2965953.91,3166771.04,3361354.37,2482660.56,2.8
DC-4659,20.02,liquid-cooled,72.8,0.1079,176.7,1.068,18369216.59,2.51,0.503,2561037.58,1066561.2,1813799.39,1646670.78,2471719.11,3235493.26,1451039.51,12.4
DC-4660,8.66,air-cooled,62.2,0.0936,168.21,1.531,10676744.73,12.64,1.095,3972585.49,2210279.4,3091432.44,2902389.18,3095471.68,3306007.83,2473145.95,3.2
DC-4661,53.82,liquid-cooled,59.3,0.1228,172.06,1.068,17165598.32,3.29,1.771,8790278.64,3656619.12,6223448.88,4499598.98,6666021.51,8901189.39,4978759.1,9.7
DC-4662,13.11,hybrid,63.4,0.1491,172.83,1.227,14106124.56,8.43,1.105,5234715.04,2291725.8,3763220.42,3564042.15,3953653.03,4341586.84,3010576.34,3.9
DC-4663,10.46,air-cooled,98.0,0.1122,171.4,1.526,9917775.9,12.26,1.282,4748288.1,2636817.6,3692552.85,3711711.66,3972900.6,4197101.09,2954042.28,3.2
DC-4664,11.28,hybrid,73.6,0.1184,175.41,1.206,13693475.12,8.52,0.961,4126378.68,2022828.12,3074603.4,2913692.24,3238280.88,3572798.57,2459682.72,4.1
DC-4665,29.22,air-cooled,76.3,0.1402,196.85,1.537,10600014.81,12.04,3.518,14927677.76,8310219.6,11618948.68,11641393.86,12345279.7,13076788.13,9295158.94,2.8
DC-4666,14.49,air-cooled,57.3,0.1268,210.94,1.538,11044670.39,12.85,1.862,7751007.7,4713243.36,6232125.53,5753989.05,6132127.71,6451872.39,4985700.42,2.6
DC-4667,9.84,hybrid,49.9,0.0886,164.05,1.28,13402489.43,9.54,0.939,3729506.18,1848515.4,2789010.79,2359603.17,2647255.16,2898950.82,2231208.63,4.0
DC-4668,62.32,air-cooled,62.2,0.122,202.95,1.599,11127576.22,12.04,7.503,31375130.01,18272806.2,24823968.1,23985813.32,25503080.73,27185380.27,19859174.48,2.8
DC-4669,8.29,air-cooled,89.3,0.1502,176.83,1.637,11491340.97,12.8,1.061,4994675.91,2251399.56,3623037.74,3253427.1,3451299.81,3656669.09,2898430.19,2.6
DC-4670,16.92,liquid-cooled,76.0,0.1193,189.22,1.071,17292881.74,3.32,0.562,2788717.31,1276099.68,2032408.5,1414792.76,2127062.49,2901989.76,1625926.8,9.4
DC-4671,27.71,hybrid,79.2,0.0652,159.19,1.226,14344339.15,8.95,2.48,9641900.92,4737494.4,7189697.66,6392746.56,7064077.93,7752895.68,5751758.13,4.3
DC-4672,4.46,liquid-cooled,80.9,0.1278,191.86,1.104,16796032.56,3.99,0.178,884377.09,409812.96,647095.02,381848.5,597282.71,792755.31,517676.02,7.8
DC-4673,24.15,hybrid,64.9,0.116,153.92,1.265,13046117.29,9.36,2.26,9457149.84,4174310.4,6815730.12,6043050.84,6686977.3,7329215.16,5452584.1,4.0
DC-4674,7.07,air-cooled,88.7,0.0834,188.71,1.628,10161336.43,12.77,0.903,3113061.36,2044861.56,2578961.46,2427406.07,2583158.6,2762971.46,2063169.17,3.1
DC-4675,31.76,air-cooled,64.4,0.0864,187.86,1.603,11764546.08,12.07,3.833,14671177.64,8640808.56,11655993.1,10895948.0,11669870.35,12441583.33,9324794.48,3.1
DC-4676,7.61,hybrid,88.9,0.1395,186.87,1.231,13220230.12,8.52,0.648,2878503.83,1453101.12,2165802.48,2107130.41,2303557.61,2543967.38,1732641.98,4.0
DC-4677,28.62,liquid-cooled,77.3,0.1054,172.98,1.072,17498288.47,4.07,1.165,5683208.36,2418260.4,4050734.38,2232955.08,3385620.15,4696424.14,3240587.5,7.9
DC-4678,39.83,air-cooled,50.5,0.1019,192.24,1.554,10416340.86,12.46,4.963,18372585.24,11449045.44,14910815.34,14333901.57,15257415.83,16279981.32,11928652.27,3.0
DC-4679,32.76,liquid-cooled,63.0,0.1193,189.87,1.08,15910699.83,4.08,1.337,6236282.1,3046274.28,4641278.19,2719641.9,4195817.18,5633334.36,3713022.55,7.9
DC-4680,20.11,liquid-cooled,50.6,0.1071,180.85,1.075,17655607.62,4.27,0.859,4236612.96,1864201.8,3050407.38,1601241.02,2444699.58,3323041.0,2440325.9,7.4
DC-4681,13.67,hybrid,86.0,0.122,194.08,1.239,12893042.05,8.51,1.163,4872114.66,2708580.48,3790347.57,3725201.32,4121615.24,4551654.56,3032278.06,4.1
DC-4682,10.37,liquid-cooled,71.7,0.1159,182.57,1.087,17273106.86,3.57,0.37,1828570.3,810610.8,1319590.55,857301.41,1295504.44,1777334.2,1055672.44,8.8
DC-4683,53.35,air-cooled,45.3,0.096,191.93,1.488,11017851.03,13.58,7.245,26804759.89,16686394.2,21745577.04,20391351.17,21838921.85,23120353.87,17396461.63,2.8
DC-4684,9.4,liquid-cooled,76.5,0.1098,182.11,1.089,17606995.23,4.36,0.41,2033648.41,895981.2,1464814.8,754014.39,1177459.54,1587131.45,1171851.84,7.2
DC-4685,7.17,hybrid,65.6,0.1289,187.25,1.243,13803468.34,8.34,0.598,2673650.98,1343706.0,2008678.49,1942589.52,2151583.1,2369352.57,1606942.79,4.0
DC-4686,28.0,air-cooled,54.2,0.1208,192.62,1.557,11064529.16,12.57,3.52,14454577.68,8136268.8,11295423.24,10576360.38,11263273.91,11937850.42,9036338.59,2.8
DC-4687,8.7,liquid-cooled,92.1,0.1184,178.03,1.064,17278940.99,2.87,0.25,1235832.11,534090.0,884961.06,721518.29,1099152.14,1455443.22,707968.85,11.1
DC-4688,7.69,air-cooled,73.3,0.1587,165.49,1.635,11169252.17,12.51,0.962,4574360.66,1910416.56,3242388.61,2989972.5,3185665.38,3375893.49,2593910.89,2.7
DC-4689,5.18,air-cooled,68.5,0.1346,188.14,1.583,11377016.52,12.05,0.624,2742314.55,1408792.32,2075553.44,1990984.66,2125155.59,2241446.58,1660442.75,2.8
DC-4690,11.17,hybrid,67.2,0.137,201.84,1.241,12682612.68,8.71,0.973,4191399.2,2356683.84,3274041.52,3116605.67,3463618.97,3819246.43,2619233.22,3.8
DC-4691,15.39,air-cooled,53.8,0.1167,188.49,1.622,10825849.34,12.12,1.865,7579177.08,4218406.2,5898791.64,5729083.92,6075859.95,6469331.94,4719033.31,2.9
DC-4692,19.97,air-cooled,56.3,0.1244,188.77,1.489,11178908.58,12.13,2.422,9946744.01,5486411.28,7716577.64,7559403.78,8027404.26,8518103.9,6173262.11,2.9
DC-4693,35.2,hybrid,87.4,0.1114,183.37,1.252,15360694.16,9.67,3.404,15778456.76,7490297.76,11634377.26,9111951.43,10096220.02,11117189.91,9307501.81,3.4
DC-4694,25.07,air-cooled,66.3,0.1356,195.09,1.491,11419000.46,12.09,3.031,13059514.98,7095813.48,10077664.23,9852139.35,10420482.89,11055151.68,8062131.38,2.8
DC-4695,14.12,air-cooled,72.3,0.1178,181.21,1.606,10745099.3,12.99,1.834,7418669.77,3988069.68,5703369.72,5189254.38,5522251.37,5859754.29,4562695.78,2.8
DC-4696,14.03,air-cooled,47.5,0.1244,177.19,1.577,10851419.22,12.89,1.808,7466954.63,3844314.24,5655634.44,5403205.72,5721547.29,6066435.72,4524507.55,2.8
DC-4697,24.73,air-cooled,56.2,0.1232,200.58,1.525,10150352.23,12.31,3.044,11876052.24,7326786.24,9601419.24,9564830.54,10101398.4,10748547.0,7681135.39,2.9
DC-4698,45.52,hybrid,79.3,0.1196,176.04,1.251,14101006.3,8.79,4.001,17781342.83,8452032.48,13116687.66,11864091.59,13096138.96,14489545.39,10493350.13,3.9
DC-4699,18.19,hybrid,76.5,0.1788,197.34,1.211,13439246.38,8.76,1.593,7779055.42,3772351.44,5775703.43,5431093.88,6017298.24,6564990.89,4620562.74,3.5
DC-4700,11.3,liquid-cooled,93.0,0.1067,200.59,1.107,18833447.34,4.72,0.533,2782214.46,1282973.64,2032594.05,942081.61,1443623.18,1928325.51,1626075.24,6.3
DC-4701,7.43,hybrid,88.1,0.1065,192.5,1.25,13782713.41,9.31,0.692,2926468.14,1598520.0,2262494.07,1966311.85,2151269.57,2366986.15,1809995.26,3.7
DC-4702,5.17,air-cooled,69.2,0.1339,165.26,1.574,10738455.96,12.98,0.671,2840053.72,1330673.52,2085363.62,1908755.72,2028710.68,2162370.39,1668290.9,2.8
DC-4703,28.02,liquid-cooled,77.7,0.1081,184.41,1.079,17042287.29,2.64,0.74,3558615.95,1637560.8,2598088.38,2306143.74,3615164.4,4712755.37,2078470.7,12.1
DC-4704,26.11,hybrid,68.2,0.1142,180.97,1.222,13034718.92,8.91,2.326,9580987.59,5051234.64,7316111.12,6807749.8,7597752.09,8309043.8,5852888.9,4.0
DC-4705,26.1,hybrid,96.7,0.0983,176.56,1.177,13298490.54,8.61,2.247,8917768.3,4760763.84,6839266.07,6559483.66,7259077.53,7957776.03,5471412.86,4.3
DC-4706,14.84,hybrid,85.8,0.1298,186.14,1.254,13542808.21,8.0,1.187,5264785.53,2651378.16,3958081.84,4002624.78,4424479.4,4852762.63,3166465.47,4.2
DC-4707,50.68,liquid-cooled,74.0,0.1301,195.54,1.099,17459866.79,4.93,2.499,12826053.33,5863853.52,9344953.43,4297287.71,6700367.42,8871255.41,7475962.74,6.1
DC-4708,11.16,hybrid,74.4,0.1137,177.12,1.246,12784112.59,8.72,0.973,3971732.35,2068053.12,3019892.74,2898920.56,3196634.53,3524359.05,2415914.19,4.2
DC-4709,35.31,air-cooled,89.3,0.1343,181.43,1.571,10798518.04,12.16,4.294,18240490.77,9348725.04,13794607.9,13430069.18,14303035.87,15225137.73,11035686.32,2.9
DC-4710,15.94,hybrid,79.0,0.0828,180.38,1.246,13543570.74,9.78,1.559,6101054.64,3374549.04,4737801.84,3964881.77,4390612.51,4842973.86,3790241.47,3.8
DC-4711,10.11,air-cooled,90.7,0.1059,201.46,1.491,11259351.14,12.4,1.254,4872109.61,3031570.08,3951839.84,3754854.4,3997497.19,4236110.45,3161471.87,2.9
DC-4712,26.42,air-cooled,45.7,0.1166,180.14,1.608,11066504.2,13.22,3.493,14327098.68,7550748.24,10938923.46,10282996.44,10959021.69,11634391.97,8751138.77,2.7
DC-4713,22.82,air-cooled,77.5,0.0966,165.48,1.627,11112627.84,12.6,2.875,11058015.57,5709060.0,8383537.78,7662326.45,8235776.11,8799786.39,6706830.22,3.1
DC-4714,21.88,air-cooled,65.8,0.085,160.4,1.562,11433313.35,12.62,2.761,10226195.94,5314372.8,7770284.37,7123728.62,7560857.98,8117861.22,6216227.5,3.2
DC-4715,17.55,air-cooled,93.1,0.1138,189.44,1.43,10589333.01,12.81,2.248,8494596.17,5110333.44,6802464.8,6467152.4,6881317.04,7325002.98,5441971.84,2.9
DC-4716,15.95,air-cooled,90.6,0.1339,172.59,1.521,10994482.1,12.11,1.932,8167136.82,4001326.56,6084231.69,5957662.79,6349919.48,6772344.05,4867385.35,2.9
DC-4717,111.13,hybrid,72.4,0.1456,194.03,1.238,13943009.09,9.08,10.091,47200258.88,23495480.76,35347869.82,31168162.79,34638178.04,38270866.69,28278295.86,3.5
DC-4718,42.41,hybrid,90.4,0.1091,164.03,1.216,14107872.23,9.69,4.11,17661629.17,8089959.6,12875794.39,10641481.67,11829892.1,13004483.31,10300635.51,3.7
DC-4719,29.32,liquid-cooled,93.4,0.1347,175.92,1.082,17814346.48,2.47,0.724,3790482.72,1528392.96,2659437.84,2411327.27,3735206.52,5059916.73,2127550.27,12.4
DC-4720,17.98,air-cooled,72.9,0.1327,164.04,1.535,11014097.84,12.98,2.334,9877350.57,4594432.32,7235891.44,6607496.77,7047118.74,7522955.8,5788713.15,2.8
DC-4721,36.81,hybrid,98.0,0.1444,190.52,1.185,13298685.19,9.58,3.526,15705586.83,8061282.24,11883434.54,10221704.74,11384537.29,12589288.9,9506747.63,3.5
DC-4722,24.89,liquid-cooled,71.6,0.113,193.73,1.066,17426740.02,3.93,0.978,4819408.91,2273615.28,3546512.1,2116380.07,3112265.92,4177194.51,2837209.68,7.9
DC-4723,16.79,air-cooled,69.4,0.084,189.08,1.622,10865948.07,12.15,2.04,7360702.72,4628678.4,5994690.56,5753924.94,6130569.32,6548121.06,4795752.45,3.2
DC-4724,12.9,hybrid,82.4,0.1214,167.71,1.252,13311345.52,9.38,1.21,5190335.79,2435149.2,3812742.5,3321653.19,3655764.5,4014987.21,3050194.0,3.8
DC-4725,15.41,hybrid,67.8,0.0997,172.81,1.211,13154343.45,8.55,1.318,5246748.34,2733162.96,3989955.65,3858279.96,4248619.84,4696115.8,3191964.52,4.3
DC-4726,1.3,air-cooled,73.0,0.1055,187.51,1.613,10983934.23,12.94,0.168,660504.87,378020.16,519262.52,468833.25,500451.07,531154.7,415410.02,2.8
DC-4727,19.46,liquid-cooled,88.9,0.114,158.68,1.039,16585123.75,4.11,0.8,3778536.01,1523328.0,2650932.0,1520401.34,2290708.6,3121882.23,2120745.6,8.3
DC-4728,11.13,hybrid,72.2,0.1132,180.38,1.267,13566789.49,9.11,1.014,4331037.21,2194863.84,3262950.52,2908284.74,3186625.73,3543710.42,2610360.42,3.8
DC-4729,58.8,air-cooled,51.7,0.1228,206.75,1.486,11124631.2,12.63,7.426,30228810.82,18423906.0,24326358.41,22919067.94,24433488.77,25792200.05,19461086.73,2.7
DC-4730,16.7,air-cooled,76.4,0.1341,181.3,1.575,11502365.19,12.99,2.169,9557175.45,4718876.4,7138025.92,6343927.48,6755073.65,7187458.16,5710420.74,2.6
DC-4731,6.35,air-cooled,63.6,0.1126,161.67,1.625,10539067.35,12.68,0.805,3175625.15,1561732.2,2368678.67,2205780.43,2360637.82,2527469.71,1894942.94,3.0
DC-4732,15.8,air-cooled,82.4,0.1279,174.89,1.541,11644847.94,12.97,2.049,8839973.14,4300195.32,6570084.23,5829480.29,6251529.84,6657865.27,5256067.38,2.7
DC-4733,7.12,air-cooled,80.4,0.1203,174.54,1.546,10700562.33,12.84,0.914,3662508.44,1914354.72,2788431.58,2598159.91,2764477.29,2928944.03,2230745.26,2.9
DC-4734,24.02,air-cooled,89.7,0.1387,216.1,1.568,11102273.83,12.81,3.077,13453600.27,7979276.4,10716438.34,9812266.59,10444495.01,11005349.24,8573150.67,2.5
DC-4735,20.75,air-cooled,82.9,0.1162,208.99,1.681,11449251.25,12.06,2.502,10646981.1,6274715.76,8460848.43,8061753.13,8508456.69,9011104.32,6768678.74,2.8
DC-4736,35.38,liquid-cooled,85.1,0.1184,194.96,1.072,17482392.93,2.59,0.916,4577103.11,2143000.32,3360051.72,2947688.86,4587758.18,6076654.35,2688041.38,11.8
DC-4737,8.73,air-cooled,64.0,0.1125,178.85,1.596,11216498.68,12.94,1.13,4593916.99,2425206.0,3509561.5,3143427.49,3352982.58,3592545.72,2807649.2,2.8
DC-4738,16.9,air-cooled,81.6,0.1168,202.01,1.592,11013455.36,12.32,2.082,8486894.04,5047017.84,6766955.94,6486368.46,6840269.43,7286564.84,5413564.75,2.8
DC-4739,5.52,air-cooled,95.6,0.1043,167.0,1.604,11021889.52,12.48,0.689,2697319.42,1380756.0,2039037.71,1907878.44,2031018.83,2173243.69,1631230.17,3.0
DC-4740,28.82,air-cooled,63.7,0.1023,200.15,1.583,11157503.06,12.48,3.597,14021276.52,8639274.6,11330275.56,10521697.68,11268030.09,11924681.36,9064220.45,2.9
DC-4741,24.91,air-cooled,93.6,0.1355,197.92,1.498,11277484.5,12.57,3.131,13413841.8,7436250.24,10425046.02,9816336.79,10425716.95,11018991.33,8340036.82,2.7
DC-4742,24.45,air-cooled,65.4,0.0983,181.73,1.583,10700657.08,12.13,2.966,11095977.31,6468134.16,8782055.74,8558968.02,9181911.65,9828532.5,7025644.59,3.1
DC-4743,16.47,air-cooled,61.8,0.1136,201.09,1.508,10116525.31,12.59,2.074,7774973.5,5004727.92,6389850.71,6232535.56,6604392.27,7032260.01,5111880.57,2.9
DC-4744,22.92,hybrid,75.6,0.1403,177.29,1.278,13510760.47,9.04,2.072,9475440.4,4408138.56,6941789.48,6241223.16,6832679.65,7517538.45,5553431.58,3.7
DC-4745,59.35,liquid-cooled,80.6,0.1129,165.02,1.102,15276909.37,4.92,2.92,13095473.38,5782300.8,9438887.09,4719079.69,6934705.98,9490219.38,7551109.67,7.1
DC-4746,13.09,air-cooled,82.9,0.1366,198.67,1.623,10882663.62,12.04,1.576,6872112.48,3757247.04,5314679.76,5205870.33,5497271.1,5778788.09,4251743.81,2.8
DC-4747,18.37,air-cooled,60.5,0.1082,182.72,1.614,11547298.5,12.38,2.274,9314001.97,4986063.36,7150032.67,6580608.42,7034401.15,7517968.87,5720026.14,2.9
DC-4748,6.9,hybrid,77.2,0.099,193.03,1.257,14255142.8,8.37,0.578,2461083.65,1338856.08,1899969.86,1773907.83,1971998.14,2175863.24,1519975.89,4.1
DC-4749,8.21,hybrid,63.8,0.0881,211.31,1.224,13661523.61,9.21,0.756,3009275.75,1917004.32,2463140.04,2170213.28,2381074.1,2627721.15,1970512.03,3.7
DC-4750,17.78,air-cooled,54.1,0.1463,173.17,1.682,12043002.06,12.93,2.299,11108431.65,4777413.96,7942922.8,6863570.14,7285472.87,7740116.92,6354338.24,2.5
DC-4751,39.77,liquid-cooled,60.9,0.0973,181.85,1.097,18312113.85,4.86,1.933,9673475.03,4218192.6,6945833.82,3245068.86,4738778.36,6580806.1,5556667.06,6.4
DC-4752,13.4,hybrid,63.0,0.1349,207.54,1.218,13147583.69,8.71,1.167,5089316.29,2906390.16,3997853.22,3828449.43,4203796.71,4628786.47,3198282.58,3.8
DC-4753,13.62,air-cooled,78.3,0.1,194.03,1.581,11511186.43,12.06,1.643,6478344.77,3825495.48,5151920.12,4919113.99,5235924.36,5561847.39,4121536.1,3.0
DC-4754,11.88,hybrid,85.8,0.1463,173.5,1.199,13303119.95,8.4,0.998,4483887.14,2077836.0,3280861.57,3193443.48,3565850.88,3915828.66,2624689.26,4.1
DC-4755,10.72,liquid-cooled,54.3,0.1641,169.67,1.072,17377655.59,2.52,0.27,1458733.97,549730.8,1004232.38,933597.41,1432652.1,1839704.62,803385.9,12.0
DC-4756,20.82,hybrid,76.2,0.0863,176.08,1.275,12694746.75,9.64,2.007,7596373.64,4240710.72,5918542.18,5089660.24,5688562.88,6269816.92,4734833.74,4.0
DC-4757,4.96,air-cooled,57.9,0.0983,172.92,1.571,10699415.22,12.0,0.595,2219616.85,1234648.8,1727132.83,1705753.53,1822829.88,1949112.29,1381706.26,3.2
DC-4758,45.82,air-cooled,79.5,0.1355,187.56,1.62,11656395.8,12.9,5.911,26677630.28,13304005.92,19990818.1,17645400.6,18738409.12,19882198.28,15992654.48,2.6
DC-4759,9.66,air-cooled,64.5,0.1303,185.18,1.583,11432527.95,12.41,1.199,5212583.31,2664369.84,3938476.58,3678418.67,3902127.77,4143279.27,3150781.26,2.8
DC-4760,29.3,air-cooled,59.4,0.1355,188.19,1.531,11065753.77,12.78,3.745,16014828.79,8457258.6,12236043.7,11301483.67,12091298.54,12767482.87,9788834.96,2.7
DC-4761,5.95,hybrid,81.6,0.1085,171.39,1.218,12746284.02,8.33,0.496,1979123.25,1020113.28,1499618.26,1519499.76,1669224.63,1852555.5,1199694.61,4.5
DC-4762,28.08,hybrid,65.0,0.1598,182.94,1.215,13699874.08,9.48,2.662,12631807.0,5843835.36,9237821.18,7905446.99,8738809.81,9670731.78,7390256.94,3.4
DC-4763,28.15,hybrid,68.2,0.1224,153.16,1.2,14206144.25,10.0,2.815,12508705.13,5173744.8,8841224.96,7052580.71,7801937.78,8608250.7,7072979.97,3.6
DC-4764,22.36,liquid-cooled,45.4,0.0957,186.18,1.056,17068877.78,3.61,0.807,3775438.57,1802967.12,2789202.84,2483455.24,3527860.97,4375754.02,2231362.27,9.0
DC-4765,7.42,air-cooled,83.4,0.1149,201.63,1.6,10776479.82,12.55,0.931,3728852.09,2252610.36,2990731.22,2815017.93,2996833.26,3177942.13,2392584.98,2.8
DC-4766,20.08,liquid-cooled,81.9,0.0959,162.63,1.086,17318533.42,4.15,0.833,3965824.87,1625649.48,2795737.18,1549698.23,2418668.78,3155953.98,2236589.74,8.1
DC-4767,6.38,hybrid,72.1,0.1518,191.25,1.237,13608606.36,9.35,0.597,2787427.48,1370115.0,2078771.24,1799812.97,2003344.09,2190971.15,1663016.99,3.5
DC-4768,13.43,air-cooled,53.7,0.1068,174.83,1.598,10995105.88,12.2,1.638,6451090.23,3436458.48,4943774.36,4715143.44,5043086.05,5380797.44,3955019.49,3.1
DC-4769,37.47,hybrid,86.5,0.1298,196.04,1.235,13416772.86,9.79,3.668,16086965.33,8628896.64,12357930.98,10266556.98,11481849.29,12526055.78,9886344.78,3.4
DC-4770,31.1,air-cooled,64.0,0.1106,186.38,1.659,10568243.03,12.81,3.984,15760028.93,8910455.04,12335241.98,11302512.05,12088011.77,12851332.07,9868193.58,2.8
DC-4771,16.65,hybrid,66.6,0.1077,190.07,1.255,14542737.9,9.28,1.545,6822336.52,3523897.8,5173117.16,4381289.48,4877287.28,5367356.51,4138493.73,3.6
DC-4772,7.54,air-cooled,98.0,0.0818,184.97,1.541,10663582.06,12.4,0.935,3248111.64,2075363.4,2661737.52,2559251.63,2728655.69,2907773.53,2129390.02,3.2
DC-4773,27.56,air-cooled,63.6,0.132,203.92,1.533,9361317.92,12.09,3.332,12837967.53,8153537.28,10495752.4,10940717.13,11569483.09,12290874.65,8396601.92,3.0
DC-4774,16.7,hybrid,80.9,0.146,189.21,1.271,13657042.18,9.97,1.665,7759659.94,3780415.8,5770037.87,4666187.72,5178652.94,5653011.15,4616030.3,3.3
DC-4775,2.57,hybrid,78.7,0.1017,173.42,1.239,13362523.0,9.35,0.24,977583.54,499449.6,738516.57,646146.39,711937.26,788475.05,590813.26,3.9
DC-4776,30.76,air-cooled,76.7,0.0891,185.48,1.598,10620812.34,12.78,3.931,14180866.64,8749462.56,11465164.6,10671378.09,11380756.91,12043583.21,9172131.68,3.0
DC-4777,16.13,air-cooled,75.4,0.1361,178.47,1.573,10820731.24,12.84,2.071,8863867.93,4435336.44,6649602.18,6174751.12,6531836.82,6916777.54,5319681.74,2.7
DC-4778,43.03,air-cooled,76.5,0.0871,186.44,1.534,11789307.29,12.6,5.422,20550908.62,12130532.16,16340720.39,14902962.46,15917055.48,16937315.94,13072576.31,3.0
DC-4779,6.85,hybrid,75.3,0.1444,177.7,1.237,13689392.16,9.56,0.655,3017468.98,1396722.0,2207095.49,1864245.71,2066146.07,2291983.48,1765676.39,3.5
DC-4780,1.3,liquid-cooled,71.4,0.1019,173.85,1.09,18205597.06,4.45,0.058,291082.87,120999.6,206041.24,103415.73,157741.27,212833.82,164832.99,7.1
DC-4781,20.56,liquid-cooled,90.1,0.0979,186.99,1.064,18233811.45,4.02,0.827,4105599.12,1855688.76,2980643.94,1653514.48,2519520.5,3412912.36,2384515.15,7.8
DC-4782,20.76,air-cooled,56.2,0.125,184.84,1.595,10644754.82,12.85,2.668,10970885.56,5917837.44,8444361.5,7812933.84,8273623.71,8760420.19,6755489.2,2.8
DC-4783,4.25,hybrid,84.3,0.0992,199.96,1.218,14046930.26,8.27,0.351,1467170.28,842231.52,1154700.9,1121247.26,1232102.46,1342713.16,923760.72,4.1
DC-4784,7.52,air-cooled,81.9,0.1059,177.78,1.523,10563663.26,12.68,0.954,3587367.66,2035225.44,2811296.55,2653672.99,2846158.04,3014355.85,2249037.24,3.0
DC-4785,149.03,hybrid,80.4,0.1271,154.29,1.184,14128691.31,10.0,14.903,66437127.55,27592606.44,47014867.0,37740582.96,42027599.93,46196045.41,37611893.6,3.6
DC-4786,12.88,air-cooled,85.4,0.0714,178.54,1.641,10560545.89,12.94,1.667,5623081.72,3571514.16,4597297.94,4249899.93,4499785.35,4826662.3,3677838.35,3.2
DC-4787,29.51,air-cooled,70.9,0.1528,159.6,1.664,10416451.49,12.48,3.683,16728471.76,7053681.6,11891076.68,11189695.78,11866008.29,12660524.21,9512861.34,2.8
DC-4788,9.77,hybrid,49.6,0.1209,190.24,1.271,13626185.41,8.55,0.835,3652404.37,1906204.8,2779304.58,2657376.55,2917134.24,3207167.83,2223443.66,4.0
DC-4789,3.09,air-cooled,71.1,0.0941,158.89,1.563,11352035.91,12.02,0.371,1413910.89,707378.28,1060644.58,1018658.75,1094075.37,1166277.11,848515.66,3.3
DC-4790,14.35,hybrid,60.1,0.0997,169.17,1.228,13063287.53,8.15,1.17,4651280.71,2375146.8,3513213.76,3588466.1,3942684.55,4361280.65,2810571.01,4.6
DC-4791,13.3,hybrid,63.2,0.1398,178.56,1.249,14529157.67,9.2,1.224,5824143.36,2622689.28,4223416.32,3607918.66,4009097.35,4425193.02,3378733.06,3.5
DC-4792,11.94,air-cooled,57.1,0.132,207.16,1.723,10637058.46,12.24,1.461,6364306.12,3631929.12,4998117.62,4738514.93,5038378.22,5374255.14,3998494.1,2.7
DC-4793,15.0,air-cooled,66.3,0.1477,167.91,1.68,11546339.35,12.39,1.859,8810776.14,3745736.28,6278256.21,5754271.89,6112864.84,6448952.79,5022604.97,2.7
DC-4794,20.32,liquid-cooled,64.8,0.1063,184.19,1.057,17149706.87,2.42,0.492,2359293.35,1087457.76,1723375.56,1702613.37,2582719.58,3397818.48,1378700.45,13.3
DC-4795,14.58,hybrid,43.5,0.1259,192.7,1.197,14371158.9,10.09,1.471,6639715.97,3401540.4,5020628.18,4601205.86,4996787.23,5470366.34,4016502.54,3.3
DC-4796,5.98,air-cooled,80.4,0.1285,206.26,1.541,10694594.14,12.75,0.762,3132748.52,1886041.44,2509394.98,2345193.43,2487967.33,2639250.84,2007515.98,2.7
DC-4797,24.26,air-cooled,98.0,0.1339,195.67,1.529,9893803.72,12.14,2.945,11756690.34,6914977.8,9335834.07,9532817.93,10079530.42,10665269.33,7468667.26,2.9
DC-4798,3.46,hybrid,79.3,0.1425,200.41,1.269,13193203.28,9.07,0.314,1417997.51,755144.88,1086571.2,983522.98,1080695.17,1187564.4,869256.96,3.6
DC-4799,3.19,hybrid,69.6,0.1057,196.96,1.268,14157307.5,8.9,0.284,1226922.63,671239.68,949081.16,847976.85,932218.97,1031741.1,759264.93,3.8
DC-4800,29.71,air-cooled,71.3,0.1177,165.86,1.567,10997423.78,12.14,3.607,14642726.28,7179084.24,10910905.26,10546938.67,11239153.81,11961626.98,8728724.21,3.1
DC-4801,24.67,air-cooled,66.9,0.1078,189.4,1.565,11720476.29,12.65,3.121,12741244.08,7093408.8,9917326.44,8996789.5,9551997.4,10197490.42,7933861.15,2.8
DC-4802,15.71,liquid-cooled,73.1,0.1189,196.73,1.075,16777625.51,4.49,0.705,3417869.98,1664335.8,2541102.89,1336826.07,2074700.23,2717462.37,2032882.31,7.0
DC-4803,5.39,hybrid,71.6,0.134,169.65,1.299,14065765.15,9.42,0.508,2362476.22,1034186.4,1698331.31,1437981.14,1576532.81,1728101.09,1358665.05,3.6
DC-4804,9.33,liquid-cooled,61.9,0.0869,175.3,1.053,17457481.1,4.72,0.44,2059653.28,925584.0,1492618.64,754002.86,1136652.03,1483223.57,1194094.91,7.0
DC-4805,13.33,hybrid,92.2,0.1422,171.95,1.249,14025113.07,9.12,1.216,5681803.92,2509094.4,4095449.16,3584263.85,3955450.59,4336765.19,3276359.33,3.7
DC-4806,4.59,liquid-cooled,54.2,0.0972,195.59,1.053,17372410.46,2.43,0.112,532799.2,262872.96,397836.08,382099.29,590649.37,769363.75,318268.86,13.0
DC-4807,9.1,air-cooled,80.6,0.1139,182.96,1.543,10263887.59,12.12,1.103,4213916.38,2421658.56,3317787.47,3319686.83,3518679.35,3754478.46,2654229.98,3.1
DC-4808,27.71,hybrid,70.8,0.1449,179.19,1.289,13967935.98,8.24,2.283,10821749.69,4909089.24,7865419.46,7524186.35,8412271.28,9227591.26,6292335.57,4.0
DC-4809,51.51,air-cooled,94.8,0.1266,164.77,1.516,12136118.57,12.0,6.181,27061552.17,12221320.44,19641436.3,18611338.18,19925176.84,21086086.59,15713149.04,3.0
DC-4810,11.76,hybrid,76.1,0.1268,182.99,1.244,13737342.86,8.71,1.024,4540967.17,2248581.12,3394774.14,3115894.75,3489869.72,3884149.23,2715819.31,3.9
DC-4811,30.12,air-cooled,67.7,0.0964,175.49,1.585,11086375.94,12.01,3.617,13752248.29,7616967.96,10684608.12,10330481.08,11060688.26,11798054.56,8547686.5,3.2
DC-4812,3.56,air-cooled,69.0,0.0991,187.65,1.606,11495609.51,12.26,0.436,1721665.55,981784.8,1351725.18,1261772.37,1345376.99,1440182.06,1081380.14,3.0
DC-4813,27.87,liquid-cooled,72.5,0.1388,166.86,1.097,19194884.91,4.08,1.137,6366471.31,2276637.84,4321554.57,2321657.57,3486771.5,4751514.78,3457243.66,7.3
DC-4814,8.64,liquid-cooled,58.3,0.1082,186.67,1.073,16623971.28,4.96,0.429,2021121.78,960977.16,1491049.47,730423.4,1079174.4,1452769.55,1192839.58,6.5
DC-4815,21.03,air-cooled,62.8,0.1101,177.42,1.634,10072286.11,12.65,2.66,10145877.3,5663246.4,7904561.85,7513386.99,8013878.47,8517802.37,6323649.48,3.0
DC-4816,13.49,hybrid,50.6,0.1393,165.26,1.197,13709174.69,8.12,1.095,4935322.75,2171516.4,3553419.58,3580163.09,3949867.55,4301701.5,2842735.66,4.3
DC-4817,47.29,air-cooled,60.9,0.099,164.09,1.545,10836141.33,12.45,5.888,22067736.51,11593943.04,16830839.77,15975232.33,17071647.48,18249792.13,13464671.82,3.2
DC-4818,8.17,air-cooled,73.1,0.1254,166.34,1.545,10988412.69,12.03,0.983,4068694.18,1962146.64,3015420.41,2953194.34,3143936.84,3350888.26,2412336.33,3.0
DC-4819,27.17,hybrid,75.6,0.1209,180.9,1.24,14210695.6,9.36,2.543,11370252.74,5520344.4,8445298.57,7149003.98,7974101.39,8769365.21,6756238.86,3.6
DC-4820,13.15,air-cooled,48.2,0.1199,185.81,1.568,11356225.48,13.04,1.715,7152430.99,3823969.8,5488200.4,5048452.17,5347092.17,5686045.82,4390560.32,2.7
DC-4821,14.49,liquid-cooled,70.4,0.1096,188.05,1.027,17184174.67,2.16,0.313,1503878.64,706315.8,1105097.22,1200069.3,1770329.89,2422499.41,884077.78,14.8
DC-4822,14.2,air-cooled,78.8,0.1084,188.61,1.529,10722717.03,12.55,1.782,6833506.58,4033236.24,5433371.41,5167528.46,5535869.04,5852950.05,4346697.13,2.9
DC-4823,8.36,hybrid,70.0,0.0984,172.62,1.264,13698759.43,9.25,0.773,3195362.88,1601223.12,2398293.0,2096676.38,2310667.53,2547078.9,1918634.4,3.9
DC-4824,16.26,hybrid,64.4,0.1297,199.88,1.223,12744050.46,9.12,1.483,6260558.01,3557064.48,4908811.24,4515668.41,5007025.79,5458396.11,3927048.99,3.7
DC-4825,15.64,air-cooled,67.1,0.1066,177.37,1.619,10913851.05,12.53,1.96,7716810.74,4171742.4,5944276.57,5538489.35,5894653.15,6276957.2,4755421.26,3.0
DC-4826,19.95,air-cooled,65.5,0.1394,190.75,1.554,11322083.89,12.33,2.46,10857643.99,5630940.0,8244292.0,7783753.29,8295517.25,8779751.94,6595433.6,2.7
DC-4827,17.59,hybrid,64.4,0.1155,181.54,1.268,14201449.26,8.34,1.467,6511741.09,3195830.16,4853785.62,4579591.97,5088849.61,5616414.68,3883028.5,4.1
DC-4828,31.14,hybrid,74.1,0.0988,189.63,1.277,14041832.0,9.65,3.005,12698034.04,6838057.8,9768045.92,8008934.23,8963114.77,9857824.8,7814436.74,3.6
DC-4829,34.43,air-cooled,98.0,0.1152,180.79,1.533,11309426.14,12.4,4.269,17333146.74,9261510.12,13297328.43,12562019.18,13350214.37,14136270.57,10637862.74,2.9
DC-4830,7.1,air-cooled,63.1,0.1118,189.9,1.574,12052081.25,12.95,0.919,3877964.5,2094217.2,2986090.85,2622565.87,2786605.4,2962317.6,2388872.68,2.7
DC-4831,32.95,air-cooled,68.2,0.1402,183.89,1.564,10952718.9,12.17,4.01,17462616.72,8848786.8,13155701.76,12704043.93,13521954.86,14363974.85,10524561.41,2.8
DC-4832,6.37,air-cooled,71.4,0.1126,196.21,1.574,11104759.09,13.0,0.828,3328791.9,1949542.56,2639167.23,2364932.34,2522483.28,2693891.24,2111333.78,2.7
DC-4833,26.32,air-cooled,63.8,0.1145,171.72,1.536,11531624.23,12.59,3.314,13598077.32,6828960.96,10213519.14,9417662.33,10012333.4,10618354.18,8170815.31,2.9
DC-4834,27.0,air-cooled,85.2,0.1482,157.45,1.59,12056709.18,12.94,3.494,16573640.81,6601563.6,11587602.2,10151505.38,10831852.56,11458901.71,9270081.76,2.6
DC-4835,3.56,hybrid,43.5,0.1302,169.4,1.226,14184503.01,9.96,0.355,1615402.13,721644.0,1168523.06,1080999.28,1180179.7,1281606.84,934818.45,3.4
DC-4836,17.71,hybrid,65.6,0.1533,200.03,1.232,12782066.14,8.33,1.475,6630009.65,3540531.0,5085270.32,5164001.96,5651793.28,6195516.33,4068216.26,3.9
DC-4837,11.3,liquid-cooled,81.8,0.1452,181.68,1.036,17166484.45,3.78,0.427,2191584.59,930928.32,1561256.45,977766.72,1470400.68,1998322.53,1249005.16,8.1
DC-4838,8.96,hybrid,68.5,0.1023,185.38,1.288,13532786.29,9.13,0.818,3404127.01,1819690.08,2611908.54,2308018.28,2560187.67,2813276.29,2089526.83,3.9
DC-4839,48.46,liquid-cooled,62.1,0.1398,168.2,1.087,19067335.71,2.12,1.027,5718724.3,2072896.8,3895810.55,3907799.56,6212112.98,8230906.27,3116648.44,14.0
DC-4840,9.75,hybrid,77.3,0.1505,184.98,1.256,13015853.07,8.27,0.806,3665927.44,1789126.56,2727527.0,2708387.91,3012737.5,3318096.17,2182021.6,4.0
DC-4841,8.63,hybrid,82.9,0.1507,168.66,1.234,13053638.97,8.24,0.711,3220724.45,1439007.12,2329865.78,2333702.22,2601784.48,2869778.93,1863892.62,4.2
DC-4842,17.47,liquid-cooled,74.5,0.1398,170.86,1.086,18098274.83,2.15,0.376,2012279.27,770920.32,1391599.8,1480044.71,2250150.6,2946535.67,1113279.84,14.1
DC-4843,28.46,hybrid,62.4,0.1394,177.96,1.23,13568723.12,9.57,2.724,12305067.79,5817156.48,9061112.14,7669462.21,8531067.39,9441708.06,7248889.71,3.5
DC-4844,14.68,air-cooled,77.5,0.1139,190.68,1.591,10699593.54,12.51,1.836,7279978.64,4201061.76,5740520.2,5445667.02,5790141.21,6151792.4,4592416.16,2.9
DC-4845,41.81,hybrid,67.2,0.1033,192.28,1.285,13275253.93,9.1,3.805,15649444.51,8779504.8,12214474.66,11062507.67,12115880.15,13433258.81,9771579.73,3.9
DC-4846,25.15,liquid-cooled,80.9,0.113,192.69,1.077,17506704.6,4.75,1.195,5922993.07,2763174.6,4343083.84,2170984.55,3238075.39,4285118.61,3474467.07,6.5
DC-4847,2.88,hybrid,89.8,0.0867,160.18,1.271,13451284.35,9.92,0.286,1130983.75,549737.76,840360.76,684094.63,761991.2,843560.93,672288.61,3.9
DC-4848,10.77,hybrid,40.7,0.1469,183.9,1.217,13528221.66,11.5,1.239,5665154.82,2734225.2,4199690.01,3668605.46,4007682.47,4314665.37,3359752.01,2.9
DC-4849,10.49,hybrid,73.3,0.1143,181.05,1.242,13133807.96,8.09,0.849,3533706.82,1844537.4,2689122.11,2730269.59,3028224.23,3325446.3,2151297.69,4.4
DC-4850,24.13,liquid-cooled,51.2,0.1458,161.02,1.075,16879395.69,4.15,1.001,5129099.4,1934172.24,3531635.82,1976209.33,2984278.58,4114286.62,2825308.66,7.7
DC-4851,2.01,air-cooled,98.0,0.0954,184.24,1.574,10472379.52,12.66,0.254,925218.76,561563.52,743391.14,700720.09,747258.82,794704.69,594712.91,3.0
DC-4852,126.37,hybrid,66.4,0.1417,180.24,1.255,13608485.19,9.92,12.536,57439065.47,27113863.68,42276464.58,34526048.9,37904227.48,41892998.33,33821171.66,3.4
DC-4853,25.15,air-cooled,81.0,0.1101,191.67,1.598,10920199.04,12.89,3.242,12864072.97,7456729.68,10160401.32,9199729.84,9794216.38,10448223.85,8128321.06,2.8
DC-4854,18.52,hybrid,71.6,0.0943,185.22,1.257,13958868.73,8.39,1.554,6434085.73,3453982.56,4944034.15,4688057.08,5184607.62,5727460.01,3955227.32,4.2
DC-4855,42.32,hybrid,62.4,0.1525,175.76,1.241,13513377.44,8.71,3.686,17179799.71,7774216.32,12477008.02,11750890.0,12956109.75,14296704.67,9981606.42,3.8
DC-4856,107.22,air-cooled,60.9,0.1421,197.89,1.578,11576566.83,12.76,13.681,62068761.05,32487997.08,47278379.06,42764427.0,45371376.6,47934726.36,37822703.25,2.6
DC-4857,33.0,air-cooled,91.0,0.1242,150.68,1.498,11047885.29,12.54,4.138,16903306.42,7482166.08,12192736.25,11434244.84,12263651.39,13088179.85,9754189.0,3.0
DC-4858,35.13,hybrid,83.5,0.1207,183.04,1.222,13180863.65,8.57,3.011,12709854.09,6613601.28,9661727.68,9348777.72,10319071.06,11322588.33,7729382.14,4.1
DC-4859,18.26,air-cooled,95.3,0.1288,157.55,1.541,11664432.15,12.08,2.206,9553717.98,4170663.6,6862190.79,6507105.57,7012200.85,7439532.33,5489752.63,3.0
DC-4860,14.68,air-cooled,72.7,0.1239,170.32,1.69,10523242.85,12.44,1.826,7619466.28,3732051.84,5675759.06,5340002.66,5672938.86,6037776.56,4540607.25,2.9
DC-4861,11.24,hybrid,75.5,0.1042,191.87,1.259,13918408.98,8.74,0.982,4165825.57,2260996.08,3213410.82,2943506.34,3254906.08,3571534.84,2570728.66,3.9
DC-4862,8.49,air-cooled,68.8,0.1118,164.89,1.577,10422528.24,12.87,1.093,4219614.73,2162697.24,3191155.99,2952260.27,3176359.27,3363255.53,2552924.79,3.0
DC-4863,9.49,air-cooled,68.6,0.1592,162.64,1.629,10840821.63,12.64,1.2,5617034.21,2342016.0,3979525.1,3666831.42,3905621.76,4182973.35,3183620.08,2.7
DC-4864,5.58,liquid-cooled,59.5,0.1734,219.73,1.085,17087539.67,3.59,0.2,1089065.74,527352.0,808208.87,508832.99,803920.37,1067171.0,646567.1,7.8
DC-4865,15.48,air-cooled,73.0,0.1513,163.61,1.64,11088881.34,12.37,1.915,8881448.61,3759757.8,6320603.2,5916240.76,6303669.15,6683243.43,5056482.56,2.8
DC-4866,4.27,air-cooled,62.5,0.1296,208.76,1.541,12058599.83,12.68,0.541,2396186.37,1355269.92,1875728.14,1694994.11,1796580.51,1906012.12,1500582.51,2.6
DC-4867,19.16,hybrid,77.3,0.1132,181.42,1.243,13311461.84,8.22,1.575,6600354.4,3428838.0,5014596.2,4976172.62,5487457.87,6060854.12,4011676.96,4.3
DC-4868,15.97,hybrid,74.0,0.104,176.13,1.247,13247091.52,9.3,1.485,6058599.52,3138636.6,4598618.06,4070355.96,4512683.44,4939930.7,3678894.45,3.9
DC-4869,18.5,liquid-cooled,75.5,0.1054,192.5,1.079,17136257.83,4.31,0.797,3829028.94,1841070.0,2835049.47,1541461.74,2402704.13,3143784.87,2268039.58,7.3
DC-4870,10.83,liquid-cooled,92.1,0.1089,204.05,1.084,17683176.48,2.29,0.248,1230995.55,607252.8,919124.18,947405.21,1386401.68,1863730.13,735299.34,13.3
DC-4871,192.77,hybrid,71.5,0.163,166.81,1.26,13479133.37,9.24,17.812,85399487.43,35654636.64,60527062.04,53520058.19,59346528.64,64459243.21,48421649.63,3.6
DC-4872,48.82,air-cooled,81.1,0.1561,176.35,1.656,10393927.66,12.47,6.088,27847947.05,12883425.6,20365686.32,19381713.9,20536059.61,21714510.67,16292549.06,2.7
DC-4873,6.08,air-cooled,96.6,0.1349,196.7,1.668,10786060.83,12.39,0.753,3289117.58,1777381.2,2533249.39,2379218.26,2542000.82,2701858.86,2026599.51,2.7
DC-4874,19.81,air-cooled,87.7,0.1008,188.32,1.528,10687258.61,12.67,2.51,9347698.28,5672198.4,7509948.34,7058552.31,7547848.99,8027137.16,6007958.67,3.0
DC-4875,10.11,air-cooled,85.8,0.1379,200.53,1.628,11098142.96,12.97,1.311,5811511.58,3154737.96,4483124.77,4003338.56,4272361.37,4526753.25,3586499.82,2.5
DC-4876,7.3,hybrid,68.3,0.1152,191.73,1.301,13029743.71,9.81,0.716,3013218.23,1647344.16,2330281.19,1949104.92,2144461.86,2378654.99,1864224.95,3.5
DC-4877,5.63,hybrid,74.8,0.0769,211.12,1.233,14177797.82,8.1,0.456,1815438.5,1155248.64,1485343.57,1462944.44,1608235.72,1778808.86,1188274.86,4.3
DC-4878,23.24,air-cooled,56.2,0.1257,186.68,1.539,11370381.47,12.66,2.942,12419339.93,6590550.72,9504945.32,8749133.64,9314992.75,9953317.43,7603956.26,2.8
DC-4879,9.53,hybrid,78.0,0.1032,187.33,1.294,12959016.93,9.72,0.926,3749928.63,2081610.96,2915769.8,2478358.48,2734186.36,3019791.37,2332615.84,3.7
DC-4880,35.67,air-cooled,75.3,0.1038,188.83,1.538,10096210.98,12.42,4.43,16134447.11,10038202.8,13086324.96,12807279.09,13683862.41,14560543.73,10469059.97,3.1
DC-4881,36.42,air-cooled,72.3,0.115,181.86,1.545,10778808.14,12.32,4.487,17731384.23,9792069.84,13761727.04,13297981.01,14118524.1,14957489.01,11009381.63,3.0
DC-4882,49.36,hybrid,84.3,0.11,196.72,1.239,13067462.38,8.22,4.057,16624697.23,9577116.48,13100906.86,13257501.54,14544521.92,15901051.71,10480725.49,4.2
DC-4883,8.32,air-cooled,57.5,0.1193,187.56,1.548,9780011.62,12.22,1.017,3855549.9,2288982.24,3072266.07,3099720.35,3297080.47,3510110.84,2457812.86,3.0
DC-4884,24.05,air-cooled,91.6,0.1184,195.82,1.535,11784832.98,12.41,2.985,12569623.7,7014272.4,9791948.05,9132356.25,9676101.46,10300071.48,7833558.44,2.8
DC-4885,27.27,air-cooled,82.8,0.0825,198.17,1.608,11465087.0,12.9,3.518,13051423.67,8365944.72,10708684.2,9513521.25,10163838.65,10728930.21,8566947.36,2.9
DC-4886,11.25,air-cooled,71.2,0.1504,190.43,1.619,11219071.8,12.28,1.382,6393361.47,3158091.12,4775726.3,4474347.45,4782105.22,5077910.38,3820581.04,2.7
DC-4887,8.87,hybrid,70.2,0.1003,191.53,1.254,13695503.09,9.74,0.864,3581491.37,1985783.04,2783637.2,2309834.0,2535148.04,2822548.6,2226909.76,3.6
DC-4888,59.6,liquid-cooled,77.8,0.101,168.85,1.126,17081137.27,4.5,2.682,12852272.85,5434268.4,9143270.62,4820627.74,7153365.41,9671172.18,7314616.5,7.3
DC-4889,19.73,air-cooled,90.3,0.1134,175.74,1.519,11782541.35,12.49,2.464,10169649.5,5196280.32,7682964.91,7158035.02,7588833.2,8060685.7,6146371.93,2.9
DC-4890,27.35,air-cooled,73.2,0.1178,196.65,1.681,10790658.77,12.09,3.307,13666492.12,7803858.6,10735175.36,10237566.84,10983847.15,11653128.15,8588140.29,2.9
DC-4891,8.52,hybrid,73.7,0.1492,205.35,1.31,13693493.86,9.25,0.788,3747064.63,1941789.6,2844427.12,2439719.42,2704032.8,2978966.31,2275541.7,3.4
DC-4892,6.2,liquid-cooled,72.2,0.1254,154.89,1.074,15803718.38,3.63,0.225,1055639.41,418203.0,736921.2,491681.2,747140.71,1019449.29,589536.96,9.5
DC-4893,10.43,air-cooled,93.4,0.1313,175.48,1.593,10600397.08,12.69,1.324,5544770.7,2788026.24,4166398.47,3904874.86,4146816.37,4413681.38,3333118.78,2.8
DC-4894,14.89,air-cooled,67.6,0.1255,184.35,1.577,10832940.33,12.99,1.934,8008775.87,4278394.8,6143585.34,5581467.48,5938851.77,6334777.48,4914868.27,2.7
DC-4895,7.02,hybrid,71.6,0.1246,170.81,1.272,13758500.86,8.27,0.581,2583025.81,1190887.32,1886956.56,1831155.39,2037322.39,2226475.97,1509565.25,4.2
DC-4896,16.32,hybrid,89.6,0.1262,171.66,1.289,12902541.76,8.86,1.446,6206573.94,2978644.32,4592609.13,4259416.78,4700762.74,5199184.93,3674087.3,4.0
DC-4897,4.26,air-cooled,73.8,0.0813,191.12,1.504,11399254.36,12.35,0.526,1895860.95,1206349.44,1551105.19,1470329.86,1562221.95,1667167.41,1240884.15,3.1
DC-4898,6.71,hybrid,85.6,0.115,207.72,1.234,13062431.39,8.16,0.548,2271949.98,1365966.72,1818958.35,1854683.7,2062820.15,2249178.21,1455166.68,4.2
DC-4899,28.13,air-cooled,61.1,0.1432,153.52,1.583,12012852.12,12.46,3.505,16316786.37,6457051.2,11386918.78,10307127.96,11007644.86,11697688.68,9109535.02,2.8
DC-4900,26.66,air-cooled,69.5,0.1988,181.44,1.671,11692723.98,12.57,3.351,18458680.41,7296065.28,12877372.84,11515983.89,12313194.39,13006875.41,10301898.27,2.3
DC-4901,12.02,air-cooled,89.8,0.0959,190.95,1.573,10799386.85,12.55,1.509,5615465.66,3457722.6,4536594.13,4259203.84,4534191.29,4822325.08,3629275.3,3.0
DC-4902,7.28,liquid-cooled,63.9,0.1285,195.7,1.081,19852680.11,2.82,0.205,1153851.76,481422.0,817636.88,621370.02,963561.04,1288505.7,654109.5,10.0
DC-4903,7.23,air-cooled,70.2,0.1086,188.79,1.652,10360541.49,12.1,0.875,3389705.92,1982295.0,2686000.46,2656641.73,2808198.0,2986527.47,2148800.37,3.0
DC-4904,12.2,air-cooled,75.1,0.161,210.42,1.605,11280624.12,12.34,1.505,7179501.91,3800185.2,5489843.56,5168538.52,5489054.2,5787029.11,4391874.85,2.5
DC-4905,27.54,air-cooled,60.1,0.0929,184.43,1.599,11636017.0,12.13,3.341,12986647.92,7394167.56,10190407.74,9619918.68,10237457.98,10896523.99,8152326.19,3.0
DC-4906,34.56,liquid-cooled,67.0,0.1325,203.68,1.093,16355871.6,2.3,0.795,3898110.17,1943107.2,2920608.68,2977949.9,4505108.01,6099640.83,2336486.94,13.3
DC-4907,11.05,air-cooled,73.4,0.0919,174.3,1.645,10736657.62,12.73,1.407,5220281.36,2942881.2,4081581.28,3729753.44,4000832.23,4293325.54,3265265.02,3.0
DC-4908,6.54,air-cooled,72.6,0.1136,184.87,1.581,11459345.47,12.49,0.817,3365902.12,1812465.48,2589183.8,2373744.31,2546049.45,2704348.7,2071347.04,2.8
DC-4909,20.37,air-cooled,87.4,0.1193,165.81,1.595,10351919.75,12.45,2.536,10061098.34,5045929.92,7553514.13,7320043.75,7754922.07,8255330.61,6042811.3,3.0
DC-4910,8.51,hybrid,90.5,0.1414,197.51,1.319,12227508.72,9.52,0.81,3524327.8,1919797.2,2722062.5,2388554.44,2643473.42,2888352.11,2177650.0,3.5
DC-4911,10.86,air-cooled,61.7,0.0985,182.19,1.45,11247548.67,12.88,1.399,5247092.56,3058605.72,4152849.14,3824676.59,4061674.04,4310177.73,3322279.31,2.9
DC-4912,47.48,air-cooled,73.3,0.1333,189.37,1.571,11435640.89,12.42,5.897,25803637.34,13400578.68,19602108.01,18279257.35,19472829.84,20693137.25,15681686.41,2.7
DC-4913,31.87,air-cooled,80.1,0.1204,179.3,1.637,11931889.2,12.38,3.946,17275909.13,8490213.6,12883061.36,11644153.08,12450912.17,13227126.21,10306449.09,2.8
DC-4914,18.66,liquid-cooled,90.2,0.1255,192.8,1.083,17670489.55,3.2,0.597,3055090.19,1381219.2,2218154.69,1527191.56,2411083.07,3228384.18,1774523.75,9.5
DC-4915,5.94,hybrid,80.6,0.1392,189.96,1.209,13838767.13,8.8,0.523,2379402.37,1192188.96,1785795.66,1646837.2,1828514.45,2005878.97,1428636.53,3.7
DC-4916,19.47,hybrid,75.5,0.0943,169.08,1.194,14454573.99,8.05,1.567,6578975.45,3179380.32,4879177.88,4806163.62,5335431.65,5849312.25,3903342.3,4.5
DC-4917,38.48,liquid-cooled,80.0,0.1362,169.95,1.074,18549760.81,4.86,1.87,10104678.44,3813678.0,6959178.22,3153816.96,4766129.01,6572469.28,5567342.58,6.2
DC-4918,12.18,liquid-cooled,80.1,0.1086,183.58,1.03,19548950.04,3.92,0.477,2539589.59,1050811.92,1795200.76,1007903.11,1519159.65,2065619.62,1436160.61,7.6
DC-4919,48.47,air-cooled,60.9,0.1419,193.89,1.591,10682475.05,12.67,6.141,26722968.94,14288141.88,20505555.41,19144592.96,20404013.91,21644232.87,16404444.33,2.7
DC-4920,46.26,liquid-cooled,74.3,0.1267,211.94,1.082,18225958.51,4.5,2.082,10932823.82,5295108.96,8113966.39,3988977.41,6032239.75,8338047.37,6491173.11,6.4
DC-4921,62.24,air-cooled,89.5,0.1158,188.54,1.61,10952929.97,12.73,7.923,32224277.58,17925629.04,25074953.31,23048250.39,24582428.34,26080897.78,20059962.65,2.8
DC-4922,20.99,air-cooled,69.5,0.1082,199.11,1.621,10913800.38,12.1,2.54,10062780.6,6068872.8,8065826.7,7816714.27,8300869.83,8844230.58,6452661.36,2.9
DC-4923,26.31,liquid-cooled,73.6,0.1365,159.81,1.066,17380121.28,2.15,0.566,2907489.94,1085429.52,1996459.73,2078888.63,3238836.26,4388512.79,1597167.78,14.8
DC-4924,50.98,air-cooled,69.1,0.1452,214.19,1.496,10931056.65,12.34,6.291,27252384.85,16169631.48,21711008.16,21117931.54,22302060.93,23616596.59,17368806.53,2.6
DC-4925,23.52,air-cooled,44.2,0.1093,193.09,1.633,11055599.54,13.55,3.187,12812839.97,7384533.96,10098686.96,9483433.75,10113355.3,10710376.92,8078949.57,2.6
DC-4926,11.01,air-cooled,72.2,0.0973,183.26,1.599,10305552.46,12.52,1.378,5033871.51,3030387.36,4032129.43,3893085.64,4143500.92,4379081.75,3225703.54,3.1
DC-4927,11.49,hybrid,75.6,0.1339,181.53,1.203,14487736.08,8.35,0.959,4440719.12,2089047.24,3264883.18,3101917.75,3459821.79,3773173.3,2611906.54,4.0
DC-4928,19.9,air-cooled,65.9,0.091,167.39,1.636,11159631.44,12.4,2.468,9339089.34,4957422.24,7148255.79,6656409.08,7087043.26,7612391.74,5718604.63,3.1
DC-4929,5.86,hybrid,58.1,0.0939,171.68,1.198,13290071.16,8.53,0.5,1969390.41,1030080.0,1499735.2,1446897.92,1607291.09,1770002.13,1199788.16,4.4
DC-4930,14.66,liquid-cooled,61.4,0.0987,212.66,1.069,17242325.86,2.47,0.362,1721635.15,923795.04,1322715.1,1248252.98,1871289.13,2524441.47,1058172.08,12.5
DC-4931,39.54,hybrid,81.2,0.1117,169.16,1.291,14570498.08,9.98,3.946,17761425.97,8010064.32,12885745.14,10013920.97,11117166.38,12235038.56,10308596.11,3.5
DC-4932,2.85,air-cooled,95.7,0.0933,168.88,1.512,11129921.49,12.63,0.36,1335270.81,729561.6,1032416.2,960504.24,1029536.06,1098798.98,825932.96,3.1
DC-4933,56.13,liquid-cooled,88.6,0.0812,173.47,1.106,18542824.73,2.41,1.353,6639629.38,2816458.92,4728044.15,4239358.0,6741647.69,8865255.63,3782435.32,13.4
DC-4934,40.36,air-cooled,55.9,0.0973,166.03,1.495,10812815.9,12.63,5.097,18742220.69,10155058.92,14448639.8,13705169.33,14576511.58,15632749.96,11558911.84,3.1
DC-4935,11.38,air-cooled,82.3,0.1328,184.23,1.624,10813334.84,12.01,1.367,5867448.3,3022108.92,4444778.61,4365506.31,4615090.04,4924591.43,3555822.89,2.9
DC-4936,25.4,air-cooled,64.0,0.0946,200.33,1.531,11308205.47,12.14,3.084,11662664.5,7413812.64,9538238.57,9160340.48,9755702.86,10407246.99,7630590.86,3.0
DC-4937,16.49,hybrid,65.0,0.1132,174.84,1.234,13888988.65,9.39,1.548,6672059.27,3247827.84,4959943.56,4253260.61,4681880.32,5145205.56,3967954.85,3.7
DC-4938,43.99,air-cooled,66.5,0.1589,163.4,1.632,11068633.88,12.19,5.362,25369668.49,10513809.6,17941739.04,17034371.59,18092536.4,19237980.8,14353391.23,2.8
DC-4939,36.09,air-cooled,80.5,0.119,188.38,1.586,11563090.58,12.5,4.511,19049436.6,10197386.16,14623411.38,13497664.8,14343972.74,15232236.36,11698729.1,2.8
DC-4940,5.37,air-cooled,83.5,0.1269,183.16,1.56,11414485.67,12.94,0.695,2968148.32,1527554.4,2247851.36,2018284.67,2146166.35,2278638.38,1798281.09,2.7
DC-4941,26.31,air-cooled,70.8,0.1011,199.04,1.581,10618641.31,12.26,3.226,12129400.57,7705236.48,9917318.52,9647363.28,10246818.56,10894563.31,7933854.82,3.0
DC-4942,13.95,hybrid,71.0,0.1633,177.18,1.31,13464420.18,8.49,1.184,5761413.68,2517373.44,4139393.56,3896302.96,4354387.62,4757961.51,3311514.85,3.8
DC-4943,17.57,hybrid,77.6,0.1092,180.1,1.21,14221015.86,9.81,1.724,7443718.36,3725908.8,5584813.58,4559037.2,5060470.92,5521551.77,4467850.86,3.5
DC-4944,9.18,hybrid,78.8,0.1154,181.76,1.245,13340099.16,8.83,0.811,3424887.03,1768888.32,2596887.67,2394415.78,2657475.41,2907252.97,2077510.14,4.0
DC-4945,66.59,air-cooled,86.1,0.1463,185.34,1.555,10960535.51,12.0,7.991,35388494.29,17772623.28,26580558.78,26084311.29,27934888.5,29591448.96,21264447.02,2.8
DC-4946,37.79,air-cooled,56.6,0.1164,178.11,1.567,11262600.38,12.72,4.807,19711649.44,10274097.24,14992873.34,13737792.42,14624041.43,15573855.69,11994298.67,2.8
DC-4947,9.1,liquid-cooled,72.2,0.121,175.68,1.084,16702806.29,2.15,0.196,952703.35,413199.36,682951.36,729768.71,1123008.6,1520439.15,546361.09,15.0
DC-4948,5.65,air-cooled,59.2,0.1144,156.24,1.606,10096950.39,12.08,0.683,2631742.44,1280543.04,1956142.74,1951513.24,2073938.2,2205233.8,1564914.19,3.2
DC-4949,12.08,liquid-cooled,71.4,0.1145,175.52,1.072,16711325.7,3.43,0.414,1982590.26,871983.36,1427286.81,997809.62,1505967.96,2011541.29,1141829.45,9.5
DC-4950,23.28,air-cooled,69.3,0.1274,194.73,1.614,11284760.95,12.6,2.933,12638260.02,6853717.08,9745988.55,8920126.34,9475400.73,10074590.21,7796790.84,2.7
DC-4951,19.93,liquid-cooled,71.4,0.1311,196.75,1.064,18097718.78,2.83,0.564,2957419.27,1331604.0,2144511.63,1712618.43,2549636.21,3464568.88,1715609.3,10.5
DC-4952,44.81,air-cooled,62.4,0.1071,176.93,1.628,11290412.35,12.0,5.377,21703527.14,11416231.32,16559879.23,15848153.79,17035264.89,18098950.28,13247903.38,3.0
DC-4953,30.94,air-cooled,54.2,0.1047,203.49,1.599,11020636.9,12.26,3.793,14851826.99,9262050.84,12056938.92,11523005.36,12208874.0,13013139.09,9645551.14,2.9
DC-4954,35.72,hybrid,46.9,0.1078,183.57,1.273,13076803.66,10.06,3.593,14760352.68,7914804.12,11337578.4,9936872.38,10933953.29,12027073.17,9070062.72,3.5
DC-4955,21.36,hybrid,70.4,0.092,163.93,1.254,13127770.73,9.71,2.074,8146477.18,4079889.84,6113183.51,5188414.19,5730322.0,6312878.33,4890546.81,3.9
DC-4956,5.41,air-cooled,66.8,0.0882,159.21,1.525,11828621.41,12.79,0.692,2634337.66,1322079.84,1978208.75,1751395.99,1876704.54,2013616.74,1582567.0,3.1
DC-4957,14.06,hybrid,63.9,0.1259,202.27,1.181,13836914.8,9.08,1.277,5589909.1,3099585.48,4344747.29,3862902.51,4296136.94,4737496.23,3475797.83,3.6
DC-4958,38.4,hybrid,87.9,0.1388,178.4,1.199,14247887.16,8.99,3.452,15962209.75,7390041.6,11676125.68,10388679.84,11607056.86,12761607.3,9340900.54,3.7
DC-4959,15.78,air-cooled,61.7,0.1374,165.79,1.532,11427744.89,12.81,2.021,8858954.13,4020739.08,6439846.6,5873948.25,6261775.35,6658005.32,5151877.28,2.8
DC-4960,24.59,air-cooled,89.0,0.0724,150.11,1.568,11292011.62,12.06,2.966,10392268.27,5342715.12,7867491.7,7576010.55,8088908.27,8621078.26,6293993.36,3.5
DC-4961,12.74,air-cooled,91.5,0.1151,178.06,1.622,11383522.06,12.92,1.646,6855746.77,3517041.12,5186393.94,4612005.56,4914306.45,5222495.58,4149115.15,2.8
DC-4962,7.21,air-cooled,48.6,0.098,190.07,1.635,11379970.02,13.05,0.941,3700479.7,2146270.44,2923375.07,2621683.48,2810020.84,2974415.7,2338700.06,2.8
DC-4963,14.9,hybrid,73.1,0.1229,173.53,1.288,13297429.27,8.87,1.322,5739661.61,2752879.92,4246270.77,3929586.69,4307706.46,4741095.99,3397016.62,3.9
DC-4964,21.06,air-cooled,67.2,0.1116,168.2,1.541,11228226.38,12.61,2.656,10628429.34,5360870.4,7994649.87,7452235.75,7892678.56,8386859.54,6395719.9,3.0
DC-4965,9.73,air-cooled,37.1,0.1318,175.76,1.533,10438511.87,15.0,1.46,5970848.19,3079315.2,4525081.7,4411134.28,4683251.88,4961394.28,3620065.36,2.4
DC-4966,13.62,air-cooled,54.7,0.1196,202.65,1.528,10419679.5,12.09,1.647,6450251.21,4005174.6,5227712.9,5217228.36,5537575.7,5864578.04,4182170.32,2.9
DC-4967,7.76,air-cooled,81.3,0.0821,163.11,1.586,10707502.85,12.86,0.998,3513049.75,1953405.36,2733227.56,2513122.89,2688915.64,2868399.94,2186582.05,3.2
DC-4968,40.26,air-cooled,96.2,0.1007,174.37,1.633,10542556.37,12.75,5.133,19419739.78,10740494.52,15080117.15,13986068.67,14945319.0,15909737.19,12064093.72,3.0
DC-4969,12.99,air-cooled,82.8,0.1201,202.16,1.542,9692391.98,12.97,1.685,6362839.84,4087675.2,5225257.52,4992642.12,5288589.45,5618949.5,4180206.02,2.8
DC-4970,52.57,air-cooled,75.9,0.1218,191.41,1.514,10464401.31,12.67,6.661,26249749.17,15299784.12,20774766.64,19742456.66,20979953.41,22417884.06,16619813.31,2.8
DC-4971,55.87,liquid-cooled,71.7,0.0919,186.69,1.074,18288210.77,4.37,2.442,12035797.72,5470763.76,8753280.74,4356998.53,6642008.35,9004038.55,7002624.59,7.2
DC-4972,15.41,air-cooled,92.2,0.0893,174.27,1.668,10975887.74,12.45,1.919,7184561.73,4013089.56,5598825.64,5197845.96,5541894.43,5916596.08,4479060.51,3.1
DC-4973,7.34,hybrid,97.8,0.1211,184.46,1.243,13422061.94,8.85,0.65,2795844.73,1438788.0,2117316.37,1959405.77,2174745.69,2385935.45,1693853.1,3.9
DC-4974,3.1,air-cooled,65.0,0.0919,175.93,1.636,10958994.79,12.12,0.376,1410896.44,793796.16,1102346.3,1055756.1,1130158.47,1203564.12,881877.04,3.2
DC-4975,5.07,air-cooled,48.0,0.0866,171.11,1.584,11623450.37,12.89,0.654,2475152.41,1342871.28,1909011.85,1746915.81,1867202.82,1997649.58,1527209.48,3.0
DC-4976,5.48,air-cooled,46.8,0.1111,167.8,1.608,11225057.99,13.02,0.713,2894367.04,1435696.8,2165031.92,2024518.32,2154458.79,2305617.27,1732025.54,2.8
DC-4977,49.54,air-cooled,87.9,0.1102,195.76,1.54,11090436.59,12.3,6.093,24074561.34,14313188.16,19193874.75,18335767.89,19536069.81,20795856.9,15355099.8,2.9
DC-4978,18.04,liquid-cooled,71.4,0.1024,183.09,1.107,16606784.72,2.92,0.527,2468152.94,1157861.16,1813007.05,1474355.45,2227544.91,2982028.28,1450405.64,11.2
DC-4979,22.46,liquid-cooled,74.2,0.1059,188.72,1.11,16944601.29,2.93,0.658,3155239.1,1490133.12,2322686.11,1820027.44,2764104.71,3800887.51,1858148.89,10.9
DC-4980,2.78,hybrid,50.5,0.1203,186.28,1.272,12764113.78,9.49,0.264,1102711.88,590135.04,846423.46,737753.39,812614.39,902959.76,677138.77,3.7
DC-4981,6.31,hybrid,63.0,0.1056,190.61,1.228,13649015.99,8.85,0.558,2326348.56,1276324.56,1801336.56,1655720.32,1835170.46,2003617.76,1441069.25,3.9
DC-4982,33.44,air-cooled,68.5,0.1214,180.18,1.637,11275330.52,12.02,4.019,17066762.16,8689721.04,12878241.6,12273125.64,13100931.51,13926286.83,10302593.28,2.9
DC-4983,20.69,air-cooled,74.5,0.1124,176.78,1.54,11333233.18,12.33,2.551,10292818.73,5411589.36,7852204.04,7387268.5,7937290.13,8416731.23,6281763.23,3.0
DC-4984,14.62,liquid-cooled,67.2,0.1234,171.77,1.095,18867048.45,3.26,0.477,2564521.29,983211.48,1773866.38,1157145.62,1808076.75,2485096.09,1419093.1,9.3
DC-4985,25.84,hybrid,59.6,0.1376,162.79,1.266,13785514.95,9.07,2.344,10757679.67,4578957.12,7668318.4,6774425.12,7489337.93,8255194.03,6134654.72,3.8
DC-4986,60.86,hybrid,62.6,0.1368,167.17,1.237,13198945.5,8.26,5.027,22196619.04,10084363.08,16140491.06,16006345.92,17802520.59,19620287.66,12912392.85,4.2
DC-4987,13.78,air-cooled,86.5,0.1458,178.52,1.599,10434047.66,12.78,1.761,7679602.75,3772484.64,5726043.7,5352947.63,5687619.38,6017227.74,4580834.96,2.7
DC-4988,17.38,air-cooled,74.9,0.1368,159.95,1.652,11046483.94,12.83,2.23,9888886.27,4280262.0,7084574.14,6379237.32,6776278.7,7230627.45,5667659.31,2.8
DC-4989,19.18,liquid-cooled,79.3,0.1248,163.27,1.091,16508677.49,4.65,0.892,4336305.08,1747642.08,3041973.58,1556363.47,2400907.17,3144724.47,2433578.86,7.1
DC-4990,111.46,air-cooled,61.2,0.1113,199.63,1.552,11013439.33,12.37,13.788,54608922.91,33029981.28,43819452.1,41865224.88,44562291.99,47180602.49,35055561.68,2.9
DC-4991,3.07,air-cooled,36.6,0.1122,187.36,1.594,10722786.57,14.79,0.454,1793090.9,1020737.28,1406914.09,1376546.15,1451023.65,1542399.28,1125531.27,2.5
DC-4992,28.41,air-cooled,65.7,0.1024,177.22,1.646,10364642.07,12.32,3.5,13229143.54,7443240.0,10336191.77,9979976.7,10626502.56,11320058.81,8268953.42,3.1
DC-4993,15.0,hybrid,61.6,0.1201,218.07,1.252,13333956.08,8.7,1.305,5585792.16,3414976.2,4500384.18,4234504.31,4682017.76,5133275.65,3600307.34,3.7
DC-4994,25.88,air-cooled,76.2,0.1339,159.28,1.605,11665739.96,12.16,3.147,14082805.74,6015049.92,10048927.83,9448545.07,10039761.41,10643460.76,8039142.26,2.9
DC-4995,9.72,hybrid,98.0,0.1055,198.63,1.212,14101171.23,9.66,0.939,3994224.08,2238162.84,3116193.46,2577706.66,2837956.82,3129387.26,2492954.77,3.5
DC-4996,15.81,air-cooled,80.3,0.1193,182.33,1.627,11368341.91,12.87,2.035,8601179.51,4452498.6,6526839.06,5808458.69,6181337.36,6607399.11,5221471.25,2.7
DC-4997,29.05,liquid-cooled,98.0,0.1065,195.78,1.073,17302952.8,2.26,0.657,3183917.42,1543529.52,2363723.47,2364917.85,3689426.9,4946737.42,1890978.78,13.8
DC-4998,198.41,hybrid,78.8,0.1242,185.63,1.23,13005902.27,8.08,16.032,67790200.42,35712241.92,51751221.17,53062142.32,58838659.38,64408329.99,41400976.94,4.3
DC-4999,31.39,air-cooled,64.4,0.109,155.92,1.571,11266407.4,12.99,4.078,16327087.5,7630101.12,11978594.31,10659275.97,11417472.32,12169096.57,9582875.45,2.9
DC-5000,8.34,hybrid,76.2,0.1052,185.43,1.244,13709835.16,9.71,0.81,3396362.99,1802379.6,2599371.3,2159121.17,2391779.45,2621346.57,2079497.04,3.6
